open,high,low,close,volume,date
15476.43,15836.74,14813.43,15325.25,28743.8635,2020-11-09
15325.25,15458.84,15080.36,15297.2,32554.6137,2020-11-10
15297.2,15958.88,15275.84,15684.62,30638.843,2020-11-11
15684.62,16340.67,14850.0,16289.0,36451.3359,2020-11-12
16289.0,16473.39,15963.68,16320.22,27969.0656,2020-11-13
16320.22,16327.0,15673.38,16063.29,27608.8401,2020-11-14
16063.29,16159.99,15776.01,15953.0,28582.4937,2020-11-15
15953.0,16878.47,15867.12,16699.92,34027.3142,2020-11-16
16699.92,17857.14,16524.51,17665.43,24043.183,2020-11-17
17665.43,18476.38,17240.71,17776.77,28390.2024,2020-11-18
17776.77,18166.16,17348.97,17808.88,29775.7409,2020-11-19
17808.88,18811.55,17748.11,18660.01,36135.4032,2020-11-20
18660.01,18965.9,18360.0,18696.3,26176.772,2020-11-21
18696.3,18749.99,17622.89,18418.33,32849.2802,2020-11-22
18418.33,18760.01,18006.69,18375.82,27698.0059,2020-11-23
18375.82,19413.09,18039.59,19147.57,30868.2795,2020-11-24
19147.57,19483.55,18500.27,18725.7,31592.0086,2020-11-25
18725.7,18913.77,16202.5,17147.83,27633.8275,2020-11-26
17147.83,17453.5,16461.84,17139.22,34530.2695,2020-11-27
17139.22,17878.73,16865.56,17725.86,36747.8288,2020-11-28
17725.86,18342.53,17522.26,18182.4,28916.0022,2020-11-29
18182.4,19877.37,18182.4,19690.74,34078.3578,2020-11-30
19690.74,19912.19,18111.22,18763.73,37780.8375,2020-12-01
18763.73,19338.66,18333.93,19224.65,27416.1758,2020-12-02
19224.65,19596.92,18878.51,19425.69,37288.8547,2020-12-03
19425.69,19525.34,18550.0,18657.57,29981.7537,2020-12-04
18657.57,19171.87,18502.33,19146.08,33380.8549,2020-12-05
19146.08,19417.61,18868.22,19359.39,27609.4059,2020-12-06
19359.39,19420.0,18902.16,19166.37,33766.4492,2020-12-07
19166.37,19294.04,18215.83,18328.93,26831.2565,2020-12-08
18328.93,18638.07,17640.95,18541.3,32690.8472,2020-12-09
18541.3,18554.73,17916.45,18240.0,26936.1968,2020-12-10
18240.0,18289.99,17529.21,18032.07,29833.3168,2020-12-11
18032.07,18941.82,18023.28,18807.65,27668.4205,2020-12-12
18807.65,19410.28,18711.98,19181.46,28169.8298,2020-12-13
19181.46,19348.36,19010.05,19273.75,29022.6062,2020-12-14
19273.75,19569.57,19057.19,19427.56,34785.2976,2020-12-15
19427.56,21542.67,19285.95,21358.42,39244.4015,2020-12-16
21358.42,23800.0,20182.0,22817.5,26583.7843,2020-12-17
22817.5,23291.67,22320.37,23109.52,31507.6481,2020-12-18
23109.52,24132.8,22756.44,23821.39,33122.7556,2020-12-19
23821.39,24291.14,23085.97,23472.32,25344.6399,2020-12-20
23472.32,24100.6,21960.59,22706.68,30207.1679,2020-12-21
22706.68,23840.08,22377.11,23829.54,32514.9076,2020-12-22
23829.54,24112.25,22622.53,23242.07,33233.5691,2020-12-23
23242.07,23796.87,22707.53,23733.73,27468.2072,2020-12-24
23733.73,24777.78,23439.74,24717.86,25214.4879,2020-12-25
24717.86,26857.57,24500.04,26474.79,24963.8442,2020-12-26
26474.79,30000.0,25851.12,26284.72,32211.567,2020-12-27
26284.72,27493.8,26100.49,27075.59,27212.0617,2020-12-28
27075.59,27412.11,25904.84,27382.65,25175.7181,2020-12-29
27382.65,28997.19,27378.87,28866.49,38256.8511,2020-12-30
28866.49,31000.0,27937.58,28907.18,41058.369,2020-12-31
28907.18,29615.71,28663.1,29326.04,31205.3326,2021-01-01
29326.04,33375.7,28943.33,32190.54,27445.3764,2021-01-02
32190.54,34756.3,31980.93,33025.92,33929.9161,2021-01-03
33025.92,33579.88,27823.03,32020.76,36423.0124,2021-01-04
32020.76,34370.0,29934.48,33947.92,30982.7312,2021-01-05
33947.92,36928.59,33000.0,36766.21,29282.8791,2021-01-06
36766.21,40337.34,36324.59,39436.85,34025.1769,2021-01-07
39436.85,41899.99,36520.28,40575.21,39686.4659,2021-01-08
40575.21,41346.27,38759.25,40077.26,42491.3561,2021-01-09
40077.26,41329.22,35257.74,38180.44,39839.2095,2021-01-10
38180.44,38261.83,30434.55,35401.12,34859.579,2021-01-11
35401.12,36631.93,32543.82,34084.0,34496.4464,2021-01-12
34084.0,37765.81,32384.5,37356.01,30194.5236,2021-01-13
37356.01,40121.42,36756.27,39178.88,29396.6411,2021-01-14
39178.88,40000.0,34627.12,36816.84,36541.5475,2021-01-15
36816.84,37939.01,35387.47,36010.03,36747.901,2021-01-16
36010.03,36845.82,33860.56,35841.25,31600.4037,2021-01-17
35841.25,37475.19,34781.81,36626.33,27288.4646,2021-01-18
36626.33,38500.0,34560.0,35896.52,32476.0888,2021-01-19
35896.52,36412.24,33340.92,35495.05,29820.0326,2021-01-20
35495.05,35599.99,30000.0,30815.54,38050.2001,2021-01-21
30815.54,33801.69,28863.35,32987.5,43751.8686,2021-01-22
32987.5,33444.01,31392.75,32074.03,34200.4075,2021-01-23
32074.03,33065.28,30939.82,32230.76,31011.0398,2021-01-24
32230.76,34844.02,31888.0,32265.6,27411.6276,2021-01-25
32265.6,32908.7,30836.08,32476.0,31815.7718,2021-01-26
32476.0,32539.59,29276.07,30367.43,37477.3931,2021-01-27
30367.43,33734.99,29855.47,33332.41,39228.0066,2021-01-28
33332.41,38523.0,31588.0,34253.33,33607.5518,2021-01-29
34253.33,34927.11,32841.01,34278.4,34955.2704,2021-01-30
34278.4,34500.0,32172.47,33108.17,36546.5106,2021-01-31
33108.17,34677.99,32300.39,33528.66,36877.5394,2021-02-01
33528.66,35970.08,33426.91,35471.56,40700.5857,2021-02-02
35471.56,37658.66,35374.13,37624.85,40103.1072,2021-02-03
37624.85,38693.44,36166.5,36974.94,33008.0454,2021-02-04
36974.94,38304.05,36584.07,38280.26,25681.5842,2021-02-05
38280.26,40944.01,38216.57,39204.87,37761.7918,2021-02-06
39204.87,39676.04,37366.0,38794.31,43774.6547,2021-02-07
38794.31,46724.28,38016.99,46360.46,35098.4869,2021-02-08
46360.46,48115.35,45000.0,46449.82,45966.7401,2021-02-09
46449.82,47305.71,43736.13,44808.98,34731.6508,2021-02-10
44808.98,48760.84,43901.6,47927.12,35175.0128,2021-02-11
47927.12,48940.32,46209.99,47359.99,32710.2668,2021-02-12
47359.99,48087.51,46238.95,47143.88,37707.5053,2021-02-13
47143.88,49690.22,46116.3,48572.28,39473.6079,2021-02-14
48572.28,48979.07,45699.15,47926.48,33994.2959,2021-02-15
47926.48,50579.98,47000.0,49166.06,32696.4468,2021-02-16
49166.06,52607.04,48966.46,52095.18,26924.9375,2021-02-17
52095.18,52532.81,50897.03,51572.39,36744.4664,2021-02-18
51572.39,56291.79,50505.0,55881.07,30877.1887,2021-02-19
55881.07,57577.5,53951.56,55905.34,29497.2271,2021-02-20
55905.34,58326.18,54900.0,57416.02,40956.2257,2021-02-21
57416.02,57489.84,47860.01,54086.6,30069.7158,2021-02-22
54086.6,54138.85,44800.0,48921.29,37298.5136,2021-02-23
48921.29,51342.83,47015.86,49688.25,30125.2279,2021-02-24
49688.25,51999.99,46700.01,47059.66,36385.4776,2021-02-25
47059.66,48411.24,44122.2,46343.89,31236.105,2021-02-26
46343.89,48373.95,45000.01,46112.56,30438.5468,2021-02-27
46112.56,46600.0,43016.49,45145.08,23220.6867,2021-02-28
45145.08,49781.1,44955.33,49599.99,24579.764,2021-03-01
49599.99,50196.46,47059.88,48453.49,22345.9616,2021-03-02
48453.49,53000.0,48111.01,50372.07,19495.5385,2021-03-03
50372.07,51767.1,47425.19,48348.29,18346.2988,2021-03-04
48348.29,49433.12,46320.17,48723.24,18136.4063,2021-03-05
48723.24,49181.89,47049.91,48860.96,25384.2919,2021-03-06
48860.96,51443.97,48860.96,50990.21,28324.1641,2021-03-07
50990.21,52374.58,49253.77,52358.36,27493.9184,2021-03-08
52358.36,54882.05,51833.16,54882.05,22741.8556,2021-03-09
54882.05,57341.44,53040.06,55833.88,24628.5748,2021-03-10
55833.88,58120.01,54300.01,57779.14,27822.8794,2021-03-11
57779.14,58043.44,55065.98,57266.6,24889.1622,2021-03-12
57266.6,61794.11,56006.78,61188.62,22847.0868,2021-03-13
61188.62,61689.37,59000.0,59009.23,25304.7706,2021-03-14
59009.23,60623.71,54688.52,55585.36,25061.6351,2021-03-15
55585.36,56908.89,53306.55,56908.89,22875.3907,2021-03-16
56908.89,58963.01,54142.97,58900.38,28596.5159,2021-03-17
58900.38,60105.39,57037.11,57639.97,30898.9054,2021-03-18
57639.97,59446.18,56291.0,58049.99,23250.5183,2021-03-19
58049.99,59880.01,57828.09,58102.7,20329.9494,2021-03-20
58102.7,58589.02,55511.38,57359.19,20765.5522,2021-03-21
57359.19,58423.24,53635.36,54083.24,20379.7876,2021-03-22
54083.24,55825.01,53000.32,54361.95,13513.3919,2021-03-23
54361.95,57199.79,51701.6,52327.69,21553.5192,2021-03-24
52327.69,53209.44,50373.19,51310.54,20149.4344,2021-03-25
51310.54,55069.67,51238.21,55028.24,30565.9124,2021-03-26
55028.24,56636.91,53980.61,55847.56,26802.3182,2021-03-27
55847.56,56528.0,54696.41,55782.37,27301.3011,2021-03-28
55782.37,58403.16,54200.0,57623.26,19942.1038,2021-03-29
57623.26,59365.23,57075.74,58751.94,29883.0607,2021-03-30
58751.94,59794.0,56841.55,58750.01,20366.4825,2021-03-31
58750.01,59468.63,57912.38,58716.14,19313.8072,2021-04-01
58716.14,60187.96,58450.16,58960.0,21408.6004,2021-04-02
58960.0,59787.63,56885.72,57078.61,22802.1543,2021-04-03
57078.61,58475.02,56435.2,58189.23,33012.4444,2021-04-04
58189.23,59263.84,56602.24,59117.67,37396.6599,2021-04-05
59117.67,59490.01,57418.9,57978.53,33280.9122,2021-04-06
57978.53,58648.49,55471.75,55953.93,22193.6101,2021-04-07
55953.93,58147.34,55715.3,58075.61,27715.8213,2021-04-08
58075.61,58890.99,57540.27,58137.08,24460.2956,2021-04-09
58137.08,61328.01,57900.01,59784.9,37469.652,2021-04-10
59784.9,60695.19,59225.72,59980.83,35283.4934,2021-04-11
59980.83,61276.82,59431.48,59860.02,28411.6387,2021-04-12
59860.02,63757.58,59818.01,63548.32,33935.6055,2021-04-13
63548.32,64852.07,61349.7,62964.35,30703.1358,2021-04-14
62964.35,63779.68,62032.21,63155.06,35607.3121,2021-04-15
63155.06,63520.69,60020.12,61335.15,25740.9997,2021-04-16
61335.15,62500.09,59000.0,60002.38,23521.5734,2021-04-17
60002.38,60377.07,51504.29,56160.78,23962.7315,2021-04-18
56160.78,57522.47,54246.71,55622.04,18056.8595,2021-04-19
55622.04,57061.23,53339.43,56477.6,21594.8915,2021-04-20
56477.6,56752.68,53634.58,53823.22,11152.8019,2021-04-21
53823.22,55525.0,50546.99,51722.79,12758.0706,2021-04-22
51722.79,55000.0,47500.0,51133.28,11907.6154,2021-04-23
51133.28,51163.58,48500.0,50043.8,6601.2426,2021-04-24
50043.8,50509.89,47000.06,49028.31,8001.1158,2021-04-25
49028.31,54322.62,48810.67,54002.42,5797.2805,2021-04-26
54002.42,55441.75,53253.9,55015.72,5424.0553,2021-04-27
55015.72,56378.62,53870.16,54846.04,4703.6076,2021-04-28
54846.04,55166.27,52397.8,53557.03,2601.3167,2021-04-29
53555.53,57884.28,53101.83,57710.15,1868.3422,2021-04-30
57706.07,58453.32,57036.73,57799.74,1149.5727,2021-05-01
57818.73,57878.26,56108.55,56578.47,1340.4264,2021-05-02
56558.2,58929.89,56558.2,57170.86,533.3235,2021-05-03
57020.47,57020.47,53209.35,53209.35,177.6137,2021-05-04
53032.89,57884.89,53032.89,57421.7,96.9652,2021-05-05
57281.14,58359.29,55276.78,56395.48,2191.2421,2021-05-06
56392.92,58646.41,55271.23,57314.15,2365.4347,2021-05-07
57312.35,59492.31,56923.55,58876.64,7347.6775,2021-05-08
58864.41,59212.14,56232.5,58234.02,12684.7226,2021-05-09
58247.7,59528.96,53621.0,55824.67,14854.3771,2021-05-10
55817.52,56853.86,54489.62,56680.57,7717.7701,2021-05-11
56670.03,58000.25,48633.81,49604.67,11966.3894,2021-05-12
49545.73,51355.65,45930.39,49659.48,13578.2087,2021-05-13
49672.66,51444.32,48847.7,49848.14,13986.9307,2021-05-14
49841.87,50668.26,46577.49,46765.31,12548.2811,2021-05-15
46764.22,49785.55,43869.96,46434.78,10919.5629,2021-05-16
46411.32,46598.38,42148.77,43531.1,12650.8197,2021-05-17
43551.11,45775.62,42261.68,42836.33,12700.5034,2021-05-18
42862.15,43576.66,29197.09,36619.83,9296.033,2021-05-19
36764.44,42399.33,34932.74,40512.95,11507.2567,2021-05-20
40522.44,42200.53,33503.19,37257.18,12334.8143,2021-05-21
37253.28,38799.12,35220.21,37443.45,8392.1526,2021-05-22
37440.51,38238.72,31142.55,34618.41,7741.5077,2021-05-23
34687.29,39851.79,34435.7,38714.11,7550.6859,2021-05-24
38809.36,39762.81,36493.8,38343.64,7446.2519,2021-05-25
38326.39,40807.32,37807.86,39244.47,12407.8176,2021-05-26
39237.17,40399.42,37165.77,38517.54,7614.766,2021-05-27
49914.65,51874.77,49483.26,51765.35,4778.6386,2021-09-05
51765.53,52757.1,50990.83,52668.63,4634.1741,2021-09-06
52668.63,52890.63,43000.0,46748.48,6132.8873,2021-09-07
46748.48,47334.23,44452.88,46064.22,4198.0299,2021-09-08
46064.22,47372.91,45587.33,46381.95,5888.2877,2021-09-09
46381.95,47022.83,44187.87,44854.74,5436.3537,2021-09-10
44854.74,45980.5,44733.18,45164.39,6390.3512,2021-09-11
45164.39,46396.4,44752.71,46046.68,4399.253,2021-09-12
46046.68,46802.13,43500.0,44941.07,3124.7947,2021-09-13
44941.07,47245.83,44707.72,47111.28,5642.2256,2021-09-14
47111.28,48430.69,46720.81,48126.44,6841.2546,2021-09-15
48126.44,48475.18,47032.85,47742.64,5367.2312,2021-09-16
47742.64,48145.14,46793.55,47289.97,7194.9766,2021-09-17
47289.97,48783.7,47065.13,48289.4,8083.6972,2021-09-18
48289.4,48363.17,46863.2,47239.88,6958.052,2021-09-19
47239.88,47331.97,42513.37,43018.33,7621.2642,2021-09-20
43018.33,43622.66,39632.62,40685.01,6060.1062,2021-09-21
40685.01,43977.61,40575.25,43555.55,5865.9879,2021-09-22
43555.55,44952.73,43078.84,44867.44,8198.2161,2021-09-23
44867.44,45110.67,40708.85,42805.46,6277.5698,2021-09-24
42805.46,42962.4,41500.0,42675.74,7740.0119,2021-09-25
42675.74,43902.46,40760.75,43187.74,9062.4807,2021-09-26
43187.74,44335.34,42116.14,42151.74,5925.0104,2021-09-27
42151.74,42754.4,40898.66,41034.51,3729.9817,2021-09-28
41034.51,42563.15,40768.8,41527.46,3614.7126,2021-09-29
41527.46,44106.99,41418.33,43817.77,3078.7022,2021-09-30
43817.77,48431.54,43296.41,48139.33,6212.5611,2021-10-01
48139.33,48303.9,47440.37,47652.01,6280.664,2021-10-02
47652.01,49162.44,47120.36,48202.11,6473.3673,2021-10-03
48202.11,49477.8,46985.01,49214.24,5428.4972,2021-10-04
49214.24,51877.86,49048.76,51461.09,6761.368,2021-10-05
51461.09,55742.75,50410.91,55317.1,6208.2307,2021-10-06
55317.1,55325.38,53466.41,53776.96,6528.9126,2021-10-07
53776.96,56023.82,53638.66,53945.08,8222.8753,2021-10-08
53945.08,55457.0,53688.0,54938.74,7610.8104,2021-10-09
54938.74,56459.08,54124.64,54680.37,7941.4376,2021-10-10
54680.37,57804.82,54441.95,57488.36,7476.7234,2021-10-11
57488.36,57630.87,54000.0,56012.31,7461.8873,2021-10-12
56012.31,57753.44,54298.17,57369.63,9736.6097,2021-10-13
57369.63,58496.49,56849.29,57344.68,6162.9312,2021-10-14
57344.68,62888.82,56870.52,61658.73,8083.7032,2021-10-15
61658.73,62348.88,60161.87,60875.21,7937.5163,2021-10-16
60875.21,61675.82,59031.37,61518.14,8682.8387,2021-10-17
61518.14,62643.04,59946.83,62024.37,7077.3295,2021-10-18
62024.37,64452.02,61438.62,64278.15,6865.0218,2021-10-19
64278.15,66970.35,63526.24,66004.06,8239.7085,2021-10-20
66004.06,66640.62,62074.19,62215.77,7978.2775,2021-10-21
62215.77,63716.76,60044.17,60697.94,6323.2593,2021-10-22
60697.94,61730.87,59657.42,61305.34,7768.934,2021-10-23
61305.34,61484.73,59529.5,60859.97,7457.8093,2021-10-24
60859.97,63705.32,60657.89,63080.33,7358.1387,2021-10-25
63080.33,63278.38,59874.91,60306.4,8708.2739,2021-10-26
60306.4,61473.51,58000.52,58410.79,9266.7922,2021-10-27
58410.79,62438.07,57874.92,60596.78,8093.0437,2021-10-28
60596.78,62953.85,60224.81,62246.77,5355.1877,2021-10-29
62246.77,62356.74,60723.51,61861.27,7980.8456,2021-10-30
61861.27,62390.79,59965.68,61300.89,7791.4847,2021-10-31
61300.89,62422.19,59452.68,60904.77,7938.1696,2021-11-01
60904.77,64246.53,60635.53,63215.62,5195.2689,2021-11-02
63215.62,63501.82,60447.33,62889.23,6082.7999,2021-11-03
62889.23,63085.86,60704.32,61404.63,4641.0023,2021-11-04
61404.63,62570.02,60728.13,60954.49,5401.1572,2021-11-05
60954.49,61658.86,60069.98,61469.76,7029.0456,2021-11-06
61469.76,63265.95,61330.0,63257.26,9023.8048,2021-11-07
63257.26,67772.02,63257.26,67513.81,6437.7064,2021-11-08
67513.81,68497.3,66299.0,66939.68,6365.6002,2021-11-09
66939.68,68996.84,62881.64,64920.42,8990.2392,2021-11-10
64920.42,65585.63,64109.65,64805.01,8682.9215,2021-11-11
64805.01,65453.83,62292.47,64124.2,9385.969,2021-11-12
64124.2,64950.1,63366.39,64378.77,6638.0282,2021-11-13
64378.77,65499.95,63593.62,65499.54,7790.9839,2021-11-14
65499.54,66324.64,63425.45,63613.82,8926.4254,2021-11-15
63613.82,63613.82,58606.25,60122.35,7304.781,2021-11-16
60122.35,60810.17,58421.61,60345.94,5345.4118,2021-11-17
60345.94,60949.44,56497.59,56906.72,6613.1212,2021-11-18
56906.72,58317.72,55612.27,58057.19,7426.8239,2021-11-19
58057.19,59842.75,57379.57,59701.22,8067.0892,2021-11-20
59701.22,59998.15,58512.0,58626.09,7429.8238,2021-11-21
58626.09,59400.0,55621.88,56253.96,5879.2155,2021-11-22
56253.96,57852.24,55400.0,57540.46,6491.4798,2021-11-23
57540.46,57724.36,55892.02,57141.2,4220.5901,2021-11-24
57141.2,59389.55,57016.9,58936.43,4481.8826,2021-11-25
58936.43,59151.45,53504.11,53737.25,4819.699,2021-11-26
53737.25,55275.45,53609.53,54735.3,5627.5753,2021-11-27
54735.3,57423.82,53288.05,57286.75,8400.8801,2021-11-28
57286.75,58845.31,56694.94,57773.05,8059.48,2021-11-29
57773.05,59177.48,55899.73,56933.46,7680.3941,2021-11-30
56933.46,59046.17,56467.05,57184.34,6215.6634,2021-12-01
57184.34,57369.8,55780.94,56487.67,6591.909,2021-12-02
56487.67,57590.49,51619.1,53630.36,8805.4588,2021-12-03
53630.36,53849.12,42191.64,49197.17,7334.778,2021-12-04
49197.17,49674.43,47754.72,49380.62,5220.4457,2021-12-05
49380.62,50878.34,47171.16,50447.27,5778.2633,2021-12-06
50447.27,51913.91,50037.53,50586.58,7117.1395,2021-12-07
50586.58,51184.75,48633.61,50464.79,8446.0274,2021-12-08
50464.79,50791.18,47324.86,47556.78,7230.1301,2021-12-09
47556.78,50056.01,46888.0,47160.32,5115.3396,2021-12-10
47160.32,49476.61,46798.73,49351.26,8208.7705,2021-12-11
49351.26,50773.63,48648.72,50060.99,8634.9678,2021-12-12
50060.99,50184.5,45770.72,46698.51,9407.1326,2021-12-13
46698.51,48634.98,46305.34,48355.45,7702.0517,2021-12-14
48355.45,49479.34,46553.58,48864.9,6711.3778,2021-12-15
48864.9,49424.06,47529.17,47632.06,6511.6337,2021-12-16
47632.06,47993.81,45473.78,46144.29,4861.4265,2021-12-17
46144.29,47332.45,45517.2,46830.29,7950.5478,2021-12-18
46830.29,48251.48,46428.08,46679.77,7987.7729,2021-12-19
46679.77,47505.0,45566.49,46908.42,5743.5126,2021-12-20
46908.42,49304.55,46654.78,48898.16,6729.8746,2021-12-21
48898.16,49539.78,48437.48,48591.88,8499.0657,2021-12-22
48591.88,51363.16,48042.88,50794.79,9576.9639,2021-12-23
50794.79,51793.91,50420.4,50805.56,8793.3885,2021-12-24
50805.56,51126.91,50167.13,50402.26,9692.9816,2021-12-25
50402.26,51266.51,49440.15,50765.82,7612.6627,2021-12-26
50765.82,52041.75,50449.55,50704.2,6269.6103,2021-12-27
50704.2,50704.2,47315.58,47537.79,5207.1383,2021-12-28
47537.79,48130.02,46111.36,46464.38,4549.9496,2021-12-29
46464.38,47902.77,45966.47,47124.62,6393.5894,2021-12-30
47124.62,48556.84,45676.29,46217.04,5231.3004,2021-12-31
46217.04,47926.89,46209.96,47727.39,5267.5545,2022-01-01
47727.39,47978.81,46686.49,47292.2,8182.6441,2022-01-02
47292.2,47566.42,45704.75,46438.17,9737.4565,2022-01-03
46438.17,47523.15,45566.24,45833.95,7392.2926,2022-01-04
45833.95,47042.9,42490.84,43432.91,9449.9051,2022-01-05
43432.91,43777.25,42441.45,43085.25,11433.1084,2022-01-06
43085.25,43140.01,40666.0,41561.37,10246.1768,2022-01-07
41561.37,42300.73,40538.87,41681.01,10919.3749,2022-01-08
41681.01,42777.69,41220.56,41866.89,8123.441,2022-01-09
41866.89,42239.41,39654.38,41821.47,5630.5452,2022-01-10
41821.47,43094.45,41274.65,42726.54,5118.8826,2022-01-11
42726.54,44312.66,42458.03,43904.99,5697.2664,2022-01-12
43904.99,44415.37,42319.96,42571.74,7762.2946,2022-01-13
42571.74,43447.74,41784.09,43062.8,10893.1083,2022-01-14
43062.8,43790.73,42566.09,43081.3,10315.7155,2022-01-15
43081.3,43466.52,42599.3,43073.75,10299.453,2022-01-16
43073.75,43173.88,41550.48,42208.14,7635.0535,2022-01-17
42208.14,42676.17,41288.25,42352.02,5946.844,2022-01-18
42352.02,42555.9,41160.66,41654.43,5376.5778,2022-01-19
41654.43,43494.83,40559.56,40704.85,7460.4393,2022-01-20
40704.85,41100.43,35442.49,36461.37,8332.2452,2022-01-21
36461.37,36809.36,34029.47,35072.12,8375.6185,2022-01-22
35072.12,36499.37,34624.82,36251.72,5971.8609,2022-01-23
36251.72,37482.27,32949.67,36672.05,5917.4539,2022-01-24
36672.05,37518.6,35708.19,36954.86,8515.0124,2022-01-25
36954.86,38897.25,36258.99,36807.68,8043.1213,2022-01-26
36807.68,37217.88,35518.3,37167.49,5688.3466,2022-01-27
37167.49,37996.22,36168.66,37719.48,9244.2234,2022-01-28
37719.48,38712.7,37310.13,38160.55,9616.2112,2022-01-29
38160.55,38351.65,37363.39,37900.06,8684.6046,2022-01-30
37900.06,38727.74,36642.9,38463.6,7219.9038,2022-01-31
38463.6,39250.51,38008.65,38698.51,9463.1026,2022-02-01
38698.51,38856.53,36594.26,36893.85,8645.2966,2022-02-02
36893.85,37333.98,36257.62,37321.02,11219.8692,2022-02-03
37321.02,41708.69,37031.41,41549.77,7754.8489,2022-02-04
41549.77,41907.73,40947.59,41385.87,5239.9923,2022-02-05
41385.87,42647.35,41120.54,42378.63,5459.1644,2022-02-06
42378.63,44485.63,41656.75,43827.59,7112.6814,2022-02-07
43827.59,45470.28,42676.46,44034.29,7159.456,2022-02-08
44034.29,44798.56,43126.23,44374.14,9481.2791,2022-02-09
44374.14,45820.51,43176.85,43495.81,5327.9871,2022-02-10
43495.81,43911.08,41968.97,42372.6,4429.2159,2022-02-11
42372.6,43004.23,41740.59,42217.89,2119.5023,2022-02-12
42217.89,42748.94,41869.44,42051.8,2223.1982,2022-02-13
42051.8,42819.48,41562.44,42529.69,2277.6598,2022-02-14
42529.69,44748.86,42436.65,44546.3,2230.904,2022-02-15
44546.3,44551.91,43313.27,43875.46,1891.2824,2022-02-16
43875.46,44159.29,40070.86,40508.38,2153.5013,2022-02-17
40508.38,40949.81,39461.51,39984.2,3582.0014,2022-02-18
39984.2,40434.13,39650.57,40084.24,2527.0345,2022-02-19
40084.24,40118.04,38016.05,38384.23,3438.7316,2022-02-20
38384.23,39478.3,36807.22,37013.78,2597.4288,2022-02-21
37013.78,38423.95,36350.06,38235.69,2989.9266,2022-02-22
38235.69,39224.89,37063.84,37248.16,3063.6021,2022-02-23
37248.16,39746.13,34335.58,38327.97,2503.0886,2022-02-24
38327.97,39673.48,38024.95,39214.58,1670.7451,2022-02-25
39214.58,40252.43,38585.71,39109.48,2367.3535,2022-02-26
39109.48,39827.79,37013.11,37695.4,3864.9281,2022-02-27
37695.4,44198.51,37452.16,43172.53,2340.6668,2022-02-28
43172.53,44944.61,42861.17,44420.06,2452.1904,2022-03-01
44420.06,45304.99,43339.57,43905.41,2202.0058,2022-03-02
43905.41,44085.3,41844.42,42458.4,2339.6078,2022-03-03
42458.4,42524.83,38555.05,39135.07,2650.99,2022-03-04
39135.07,39599.84,38606.05,39395.96,3186.2671,2022-03-05
39395.96,39679.5,38125.25,38415.95,1984.7669,2022-03-06
38415.95,39547.74,37158.46,38011.18,3413.5741,2022-03-07
38011.18,39358.11,37875.44,38732.14,2763.3012,2022-03-08
38732.14,42553.47,38661.34,41949.45,1943.6427,2022-03-09
41949.45,42036.47,38601.54,39419.95,3087.6265,2022-03-10
39419.95,40210.46,38237.4,38736.41,1651.3759,2022-03-11
38736.41,39406.73,38672.95,38800.64,1904.0704,2022-03-12
38800.64,39301.91,37586.41,37770.89,1875.5344,2022-03-13
37770.89,39901.19,37574.81,39676.48,3450.955,2022-03-14
39676.48,39851.08,38156.74,39288.97,2620.0268,2022-03-15
39288.97,41700.0,38859.79,41118.16,2365.4395,2022-03-16
41118.16,41467.48,40557.84,40910.46,1805.9794,2022-03-17
40910.46,42312.24,40170.85,41756.95,2540.6894,2022-03-18
41756.95,42372.0,41517.08,42212.73,1562.0968,2022-03-19
42212.73,42285.45,40923.65,41257.22,1612.0915,2022-03-20
41257.22,41517.44,40493.37,41000.55,2153.2455,2022-03-21
41000.55,43308.32,40880.86,42358.84,3102.7183,2022-03-22
42358.84,43002.07,41769.55,42889.95,1674.1475,2022-03-23
19281.63,19435.15,18988.72,19251.49,18619.9884,2022-07-02
19251.49,19640.0,18793.05,19314.57,20803.6932,2022-07-03
19314.57,20345.79,19058.28,20230.41,19035.8015,2022-07-04
20230.41,20742.73,19306.5,20182.59,21601.7658,2022-07-05
20182.59,20667.31,19769.22,20561.97,18916.5364,2022-07-06
20561.97,21833.85,20265.46,21630.59,18106.6438,2022-07-07
21630.59,22509.99,21193.02,21611.06,16533.8282,2022-07-08
21611.06,21962.32,21328.76,21591.18,16898.6257,2022-07-09
21591.18,21599.81,20660.83,20852.14,13406.1151,2022-07-10
20852.14,20861.21,19885.2,19963.92,13746.9487,2022-07-11
19963.92,20054.78,19250.0,19332.17,12555.7045,2022-07-12
19332.17,20339.67,18917.82,20247.46,12680.1875,2022-07-13
20247.46,20889.74,19629.41,20586.83,14128.4492,2022-07-14
20586.83,21193.02,20385.95,20832.92,10324.9241,2022-07-15
20832.92,21581.2,20481.04,21199.38,10141.5638,2022-07-16
21199.38,21666.97,20757.8,20793.71,10423.4918,2022-07-17
20793.71,22747.4,20768.7,22444.44,10402.6863,2022-07-18
22444.44,23784.88,21584.62,23397.22,13819.1607,2022-07-19
23397.22,24261.61,22928.57,23224.37,11320.858,2022-07-20
23224.37,23412.34,22346.26,23151.4,10780.6145,2022-07-21
23151.4,23750.0,22514.53,22683.49,9434.3441,2022-07-22
22683.49,22996.22,21961.97,22450.8,7521.7845,2022-07-23
22450.8,23003.74,22270.77,22581.8,6353.6877,2022-07-24
22581.8,22662.02,21262.8,21289.13,7428.0348,2022-07-25
21289.13,21341.83,20726.66,21248.35,8402.9226,2022-07-26
21248.35,23097.24,21045.19,22955.55,7468.6079,2022-07-27
22955.55,24192.83,22596.73,23853.44,9339.0401,2022-07-28
23853.44,24424.41,23437.14,23773.02,9668.3264,2022-07-29
23773.02,24658.57,23515.0,23640.27,9383.1492,2022-07-30
23640.27,24187.3,23234.54,23298.98,6152.9887,2022-07-31
23298.98,23500.0,22856.2,23265.85,7370.3848,2022-08-01
23265.85,23451.45,22662.17,22982.42,6329.1097,2022-08-02
22982.42,23627.28,22690.73,22821.05,7245.2975,2022-08-03
22821.05,23219.36,22405.0,22617.37,7212.1481,2022-08-04
22617.37,23460.0,22591.34,23310.51,7496.7796,2022-08-05
23310.51,23349.31,22918.03,22952.25,6689.8426,2022-08-06
22952.25,23398.03,22850.37,23176.03,5302.3424,2022-08-07
23176.03,24240.68,23159.09,23815.2,5714.9904,2022-08-08
23815.2,23920.74,22875.49,23150.8,6206.2076,2022-08-09
23150.8,24217.51,22669.12,23954.26,7867.4971,2022-08-10
23954.26,24906.91,23862.06,23935.75,8126.7716,2022-08-11
23935.75,24450.33,23594.79,24399.66,7542.6483,2022-08-12
24399.66,24882.65,24299.49,24441.87,7311.6322,2022-08-13
24441.87,25024.23,24154.16,24304.84,5984.821,2022-08-14
24304.84,25205.0,23780.55,24098.02,7446.263,2022-08-15
24098.02,24244.0,23677.75,23856.72,7230.3289,2022-08-16
23856.72,24435.1,23186.66,23337.93,7204.2693,2022-08-17
23337.93,23593.17,23116.68,23201.52,5631.7098,2022-08-18
23201.52,23204.49,20797.16,20832.66,8912.6023,2022-08-19
20832.66,21360.0,20770.6,21139.5,9517.4226,2022-08-20
21139.5,21778.17,21075.42,21516.18,8504.9664,2022-08-21
21516.18,21524.88,20901.54,21400.95,9973.5501,2022-08-22
21400.95,21676.63,20901.68,21524.42,10145.1055,2022-08-23
21524.42,21886.63,21159.23,21366.48,8634.3552,2022-08-24
21366.48,21810.81,21314.81,21566.06,8110.5416,2022-08-25
21566.06,21862.88,20119.29,20244.55,8486.2235,2022-08-26
20244.55,20363.18,19809.42,20036.7,9152.4084,2022-08-27
20036.7,20153.2,19525.57,19557.41,6593.8629,2022-08-28
19557.41,20408.0,19554.38,20292.0,7443.9218,2022-08-29
20292.0,20565.21,19550.0,19810.75,6932.3372,2022-08-30
19810.75,20484.03,19801.7,20050.17,8007.6318,2022-08-31
20050.17,20204.87,19572.19,20125.32,6900.5044,2022-09-01
20125.32,20434.66,19762.0,19952.19,6282.2572,2022-09-02
19952.19,20051.2,19656.66,19832.9,5656.9021,2022-09-03
19832.9,20024.45,19590.0,20003.25,4250.4297,2022-09-04
20003.25,20052.28,19639.3,19793.96,5457.172,2022-09-05
19793.96,20177.35,18665.35,18791.5,7954.3936,2022-09-06
18791.5,19459.19,18540.02,19291.94,9771.808,2022-09-07
19291.94,19452.86,19021.12,19318.55,9434.802,2022-09-08
19318.55,21590.98,19293.16,21361.31,12014.1956,2022-09-09
21361.31,21802.0,21128.83,21647.59,10610.364,2022-09-10
21647.59,21851.39,21355.84,21837.49,10205.7827,2022-09-11
21837.49,22479.9,21562.5,22396.75,10847.4062,2022-09-12
22396.75,22774.96,19880.25,20172.89,12565.7879,2022-09-13
20172.89,20520.38,19628.0,20225.79,9664.439,2022-09-14
20225.79,20325.09,19514.41,19701.59,11025.7966,2022-09-15
19701.59,19887.95,19331.17,19804.84,10770.7279,2022-09-16
19804.84,20182.96,19751.94,20111.75,7382.3698,2022-09-17
20111.75,20117.05,19342.38,19417.15,6013.1034,2022-09-18
19417.15,19676.81,18260.23,19537.86,9413.4642,2022-09-19
19537.86,19631.23,18732.03,18875.11,8088.6503,2022-09-20
18875.11,19937.12,18144.94,18461.64,10199.5096,2022-09-21
18461.64,19504.34,18359.57,19400.81,12381.6846,2022-09-22
19400.81,19487.3,18535.09,19288.61,12341.0465,2022-09-23
19288.61,19311.37,18809.92,18922.07,8547.5948,2022-09-24
18922.07,19167.36,18634.6,18809.82,6943.8211,2022-09-25
18809.82,19312.99,18689.46,19226.53,9251.8384,2022-09-26
19226.53,20374.29,18824.97,19077.75,15434.528,2022-09-27
19077.75,19773.27,18486.77,19415.63,17519.4281,2022-09-28
19415.63,19641.72,18846.79,19590.26,16572.1918,2022-09-29
19590.26,20178.56,19174.39,19420.15,16268.2605,2022-09-30
19420.15,19481.68,19167.89,19311.96,9080.3844,2022-10-01
19311.96,19393.97,18922.64,19057.12,6686.2035,2022-10-02
19057.12,19701.14,18968.77,19628.31,9690.6636,2022-10-03
19628.31,20451.22,19497.09,20339.0,9884.1661,2022-10-04
20339.0,20362.51,19750.0,20158.18,9989.3172,2022-10-05
20158.18,20446.09,19859.0,19964.22,9630.9807,2022-10-06
19964.22,20053.05,19331.27,19531.16,8195.958,2022-10-07
19531.16,19622.64,19260.4,19416.79,3595.4094,2022-10-08
19416.79,19552.87,19321.58,19440.04,3439.1612,2022-10-09
19440.04,19522.88,19033.22,19129.57,6195.1294,2022-10-10
19129.57,19264.71,18859.49,19058.2,7363.5904,2022-10-11
19058.2,19234.91,18847.76,19154.61,6774.8571,2022-10-12
19154.61,19503.06,18190.07,19375.1,11873.4462,2022-10-13
19375.1,19949.28,19078.93,19177.66,11856.1325,2022-10-14
19177.66,19223.39,18982.93,19069.44,5730.2866,2022-10-15
19069.44,19423.13,19064.89,19261.58,5104.4201,2022-10-16
19261.58,19675.02,19157.82,19548.01,5454.4043,2022-10-17
19548.01,19706.66,19093.13,19328.58,5187.2492,2022-10-18
19328.58,19357.98,19076.58,19122.44,2752.3157,2022-10-19
19122.44,19342.81,18917.15,19043.58,4686.0181,2022-10-20
19043.58,19248.05,18665.05,19160.95,5373.0226,2022-10-21
19160.95,19252.97,19114.29,19204.22,3788.683,2022-10-22
19204.22,19691.78,19076.85,19571.29,3955.663,2022-10-23
19571.29,19597.12,19163.06,19330.6,5836.875,2022-10-24
19330.6,20411.77,19242.0,20080.66,7487.7404,2022-10-25
20080.66,21015.07,20052.88,20769.26,10659.4484,2022-10-26
20769.26,20872.51,20203.05,20292.05,7729.3793,2022-10-27
20292.05,20745.45,20004.8,20593.0,5323.2385,2022-10-28
20593.0,21070.57,20558.14,20809.01,6732.4674,2022-10-29
20809.01,20929.81,20518.0,20628.11,4935.7816,2022-10-30
20628.11,20841.08,20239.6,20492.96,6458.8514,2022-10-31
20492.96,20682.76,20331.63,20479.45,5488.2098,2022-11-01
20479.45,20798.59,20061.25,20151.9,7353.4996,2022-11-02
20151.9,20388.89,20038.43,20207.06,8253.0335,2022-11-03
20207.06,21296.48,20181.54,21145.43,10693.1522,2022-11-04
21145.43,21473.18,21084.53,21300.15,6713.898,2022-11-05
21300.15,21363.67,20889.26,20906.92,5223.4997,2022-11-06
20906.92,21065.59,20389.31,20587.12,9727.4358,2022-11-07
20587.12,20677.13,17015.38,18545.88,30219.3489,2022-11-08
18545.88,18585.01,15576.0,15910.37,47591.3516,2022-11-09
15910.37,18171.72,15753.64,17603.43,40051.4019,2022-11-10
17603.43,17688.38,16373.63,17054.21,21411.0085,2022-11-11
17054.21,17115.41,16634.49,16806.46,20970.0071,2022-11-12
16806.46,16951.79,16251.81,16333.29,16226.6253,2022-11-13
16333.29,17183.52,15823.35,16614.66,32611.2417,2022-11-14
16614.66,17116.34,16530.35,16896.59,17648.6054,2022-11-15
16896.59,17000.0,16393.73,16661.78,17297.9981,2022-11-16
16661.78,16743.2,16416.33,16695.74,13918.3222,2022-11-17
16695.74,16986.78,16551.61,16695.91,14754.9554,2022-11-18
16695.91,16819.13,16560.0,16703.49,10261.5843,2022-11-19
16703.49,16752.09,16190.52,16280.78,10508.3317,2022-11-20
16280.78,16305.47,15493.68,15780.1,16802.27,2022-11-21
15780.1,16296.89,15623.75,16223.12,19999.4557,2022-11-22
16223.12,16685.71,16162.76,16608.99,18123.5902,2022-11-23
16608.99,16797.87,16468.76,16601.02,16590.2979,2022-11-24
16601.02,16614.07,16351.61,16514.9,14060.8574,2022-11-25
16514.9,16695.0,16391.07,16461.44,13515.1768,2022-11-26
16461.44,16594.67,16410.47,16426.65,12671.8222,2022-11-27
16426.65,16481.03,16007.08,16215.59,16196.5614,2022-11-28
16215.59,16537.44,16106.13,16441.72,15667.3101,2022-11-29
16441.72,17235.29,16435.0,17163.35,15800.1286,2022-11-30
17163.35,17289.92,16870.0,16978.34,14033.6844,2022-12-01
16978.34,17099.77,16794.62,17090.52,14713.4688,2022-12-02
17090.52,17142.79,16865.23,16884.81,12765.5192,2022-12-03
16884.81,17188.97,16881.97,17107.04,12459.2801,2022-12-04
17107.04,17411.0,16876.04,16966.75,16850.6858,2022-12-05
16966.75,17104.89,16914.23,17086.2,14819.4061,2022-12-06
17086.2,17131.14,16698.79,16836.22,15452.8169,2022-12-07
16836.22,17292.68,16741.21,17223.17,13066.0497,2022-12-08
17223.17,17338.61,17071.25,17127.8,16130.9964,2022-12-09
17127.8,17221.69,17103.71,17127.52,11007.701,2022-12-10
17127.52,17261.99,17072.51,17090.64,10663.1656,2022-12-11
17090.64,17236.4,16872.97,17207.35,15107.5871,2022-12-12
17207.35,17957.17,17085.15,17780.74,17747.1737,2022-12-13
17780.74,18368.42,17671.13,17803.71,16029.3336,2022-12-14
17803.71,17849.99,17290.35,17358.74,15833.1932,2022-12-15
17358.74,17524.66,16532.52,16632.44,16812.1178,2022-12-16
16632.44,16794.1,16580.68,16776.77,15082.2579,2022-12-17
16776.77,16841.63,16666.27,16738.31,9365.3113,2022-12-18
16738.31,16812.32,16274.54,16438.67,13312.1604,2022-12-19
16438.67,17046.84,16399.57,16895.36,15559.5525,2022-12-20
16895.36,16922.04,16734.03,16829.55,13183.0053,2022-12-21
16829.55,16864.35,16569.03,16820.64,13475.3831,2022-12-22
16820.64,16934.57,16759.85,16781.32,12997.3266,2022-12-23
16781.32,16857.78,16780.23,16835.11,13700.4784,2022-12-24
16835.11,16852.84,16731.36,16831.34,12034.6933,2022-12-25
16831.34,16941.29,16793.94,16918.02,13614.7814,2022-12-26
16918.02,16965.57,16601.2,16706.17,12989.8612,2022-12-27
16706.17,16780.77,16471.03,16547.17,13885.459,2022-12-28
16547.17,16659.68,16492.16,16634.36,12866.6019,2022-12-29
16634.36,16657.42,16343.75,16607.55,12519.4482,2022-12-30
16607.55,16641.05,16475.23,16542.17,14051.507,2022-12-31
16542.17,16624.83,16501.05,16616.32,13202.1465,2023-01-01
16616.32,16792.63,16550.01,16673.25,13210.3976,2023-01-02
16673.25,16773.38,16608.38,16674.9,13150.7159,2023-01-03
16674.9,16983.97,16655.31,16851.14,13171.2723,2023-01-04
16851.14,16876.81,16762.87,16831.26,13553.6484,2023-01-05
16831.26,17029.12,16687.64,16949.54,13871.0826,2023-01-06
16949.54,16979.25,16909.45,16943.86,12718.5526,2023-01-07
16943.86,17161.97,16912.93,17128.27,12741.4787,2023-01-08
17128.27,17392.0,17106.44,17180.7,14749.7514,2023-01-09
17180.7,17487.68,17150.32,17439.21,13977.9609,2023-01-10
17439.21,17993.52,17320.9,17941.28,14709.4472,2023-01-11
17941.28,19096.38,17908.28,18845.21,19842.0059,2023-01-12
18845.21,19992.21,18716.02,19929.83,13514.1842,2023-01-13
19929.83,21243.52,19893.89,20952.37,11105.1349,2023-01-14
20952.37,21046.68,20569.81,20872.05,10288.2567,2023-01-15
20872.05,21440.57,20631.63,21184.27,11319.8494,2023-01-16
21184.27,21588.68,20856.93,21128.95,12031.2174,2023-01-17
20674.25,21179.98,20663.83,21073.25,11843.7539,2023-01-19
21073.25,22741.5,20869.23,22670.9,12054.1615,2023-01-20
22670.9,23340.89,22430.05,22777.45,11759.3006,2023-01-21
22777.45,23072.46,22317.86,22707.99,10841.7913,2023-01-22
22707.99,23166.67,22517.64,22914.74,10978.1266,2023-01-23
22914.74,23159.71,22471.34,22631.05,11506.8107,2023-01-24
22631.05,23802.11,22338.87,23053.7,11390.9257,2023-01-25
23053.7,23277.68,22862.75,23008.61,11143.8178,2023-01-26
23008.61,23495.03,22550.0,23073.16,11326.3549,2023-01-27
23073.16,23182.28,22883.73,23024.89,10431.4946,2023-01-28
23024.89,23955.95,22971.26,23741.51,11730.7591,2023-01-29
23741.51,23798.24,22509.8,22825.47,9905.7747,2023-01-30
22825.47,23299.68,22722.38,23128.48,11776.6233,2023-01-31
23128.48,23805.0,22768.48,23729.73,13074.9733,2023-02-01
23729.73,24246.13,23375.37,23486.24,17661.9615,2023-02-02
23486.24,23709.25,23214.29,23431.25,17041.2873,2023-02-03
23431.25,23582.77,23258.07,23325.18,13882.1987,2023-02-04
23325.18,23429.59,22767.82,22931.48,12393.6845,2023-02-05
22931.48,23150.58,22635.78,22762.32,12195.5902,2023-02-06
22762.32,23347.33,22746.75,23245.78,12355.5713,2023-02-07
23245.78,23445.61,22675.44,22961.81,13447.978,2023-02-08
22961.81,23007.05,21701.0,21795.47,15947.0354,2023-02-09
21795.47,21932.0,21474.45,21629.88,20330.9219,2023-02-10
21629.88,21897.85,21603.51,21861.58,15012.4454,2023-02-11
21861.58,22082.31,21632.29,21780.69,11805.2104,2023-02-12
21780.69,21892.23,21356.68,21775.09,13681.5999,2023-02-13
21775.09,22309.09,21557.5,22198.52,16427.0753,2023-02-14
22198.52,24366.61,22050.95,24326.62,20754.937,2023-02-15
24326.62,25245.02,23512.5,23516.94,25965.8011,2023-02-16
23516.94,25010.0,23348.99,24575.06,26198.8695,2023-02-17
24575.06,24868.57,24440.13,24633.29,20261.9276,2023-02-18
24633.29,25184.28,24204.84,24279.45,14535.1465,2023-02-19
24279.45,25111.16,23844.61,24842.21,16272.4434,2023-02-20
24842.21,25250.88,24153.3,24447.0,16702.4156,2023-02-21
24447.0,24469.99,23584.16,24183.64,17370.2123,2023-02-22
24183.64,24592.66,23611.23,23939.78,15904.3747,2023-02-23
23939.78,24125.98,22851.46,23188.26,14651.2002,2023-02-24
23188.26,23217.35,22758.23,23157.25,12479.7649,2023-02-25
23157.25,23680.0,23064.48,23557.25,5969.8761,2023-02-26
23557.25,23887.67,23116.64,23488.53,7302.3255,2023-02-27
23488.53,23596.94,23026.96,23140.6,7796.9092,2023-02-28
23140.6,23992.96,23027.31,23631.0,8343.2649,2023-03-01
23631.0,23789.54,23205.98,23465.03,9790.7516,2023-03-02
23465.03,23474.12,21988.69,22354.28,10204.3511,2023-03-03
22354.28,22402.53,22165.06,22346.91,7802.2293,2023-03-04
22346.91,22653.85,22200.0,22428.51,6162.9096,2023-03-05
22428.51,22596.08,22267.59,22409.31,5514.2133,2023-03-06
22409.31,22550.3,21941.03,22198.59,7423.4504,2023-03-07
22198.59,22280.0,21594.63,21705.63,8081.1305,2023-03-08
21705.63,21830.21,20057.56,20364.25,10899.8454,2023-03-09
20364.25,20365.91,19568.63,20151.12,18796.0725,2023-03-10
20151.12,20675.95,19771.95,20457.9,17876.2633,2023-03-11
20457.9,22109.26,20274.68,21996.4,20058.8027,2023-03-12
21996.4,24481.82,21821.79,24110.67,19302.4445,2023-03-13
24110.67,26386.5,23992.72,24675.45,20667.7262,2023-03-14
24675.45,25166.67,23901.83,24280.93,18102.5666,2023-03-15
24280.93,25162.0,24130.43,24999.04,17110.4612,2023-03-16
24999.04,27749.81,24893.07,27391.24,16741.9171,2023-03-17
27391.24,27700.88,26580.0,26903.21,15439.2425,2023-03-18
26903.21,28381.42,26831.14,27961.5,16871.8853,2023-03-19
27961.5,28466.04,27137.53,27721.03,16113.3549,2023-03-20
27721.03,28436.71,27314.29,28104.82,15011.287,2023-03-21
28104.82,28854.0,26607.95,27247.02,16228.8481,2023-03-22
27247.02,28740.0,27116.1,28294.45,13606.3496,2023-03-23
28294.45,28364.11,27001.06,27452.99,15565.7832,2023-03-24
27452.99,27783.55,27160.28,27462.91,15592.062,2023-03-25
27462.91,28187.79,27419.22,27970.22,15540.6823,2023-03-26
27970.22,28022.43,26512.02,27125.7,8470.7601,2023-03-27
27125.7,27503.47,26633.72,27261.16,9775.5663,2023-03-28
27261.16,28642.39,27241.63,28349.06,9616.8895,2023-03-29
28349.06,29176.36,27697.61,28027.44,9037.4293,2023-03-30
28027.44,28653.1,27519.98,28467.42,9096.9459,2023-03-31
28467.42,28813.75,28229.41,28454.55,4798.2822,2023-04-01
28454.55,28525.79,27861.06,28169.31,3758.0732,2023-04-02
28169.31,28496.57,27225.15,27801.91,5494.084,2023-04-03
27801.91,28434.67,27666.54,28167.16,6469.1345,2023-04-04
28167.16,28766.61,27813.0,28172.25,5993.4096,2023-04-05
28172.25,28179.86,27709.92,28033.94,6072.7278,2023-04-06
28033.94,28100.78,27776.85,27905.64,4423.0858,2023-04-07
27905.64,28152.12,27862.24,27939.42,4530.1067,2023-04-08
27939.42,28527.53,27800.99,28319.53,4190.713,2023-04-09
28319.53,29758.95,28171.49,29636.95,5146.0281,2023-04-10
29636.95,30544.44,29589.67,30200.17,7428.6213,2023-04-11
30200.17,30475.4,29657.69,29886.78,7193.4927,2023-04-12
29886.78,30565.93,29856.09,30376.35,7563.9055,2023-04-13
30376.35,30992.36,29980.93,30465.24,8273.6821,2023-04-14
30465.24,30597.14,30206.12,30294.35,7143.7504,2023-04-15
30294.35,30539.72,30119.83,30307.89,5822.8238,2023-04-16
30307.89,30315.57,29247.52,29429.96,6367.5924,2023-04-17
29429.96,30479.41,29108.62,30380.11,6094.6113,2023-04-18
30380.11,30409.7,28583.44,28808.97,8492.3252,2023-04-19
28808.97,29080.66,28010.0,28240.54,10039.2042,2023-04-20
28240.54,28369.99,27140.0,27263.18,8996.8782,2023-04-21
27263.18,27876.56,27146.16,27811.7,7366.2815,2023-04-22
27811.7,27815.3,27328.3,27588.11,4989.0315,2023-04-23
27588.11,27990.02,26969.42,27510.29,5411.3054,2023-04-24
27510.29,28385.13,27193.88,28299.54,5241.5852,2023-04-25
28299.54,30011.7,27239.03,28414.69,7860.9656,2023-04-26
28414.69,29887.86,28379.68,29472.66,8934.3429,2023-04-27
29472.66,29589.36,28893.48,29310.77,5756.4766,2023-04-28
29310.77,29440.0,29037.58,29229.53,4564.323,2023-04-29
29229.53,29952.0,29090.91,29224.05,4367.0098,2023-04-30
29224.05,29332.63,27669.0,28070.48,5524.8016,2023-05-01
28070.48,28878.11,27881.38,28668.28,6390.1361,2023-05-02
28668.28,29262.96,28122.3,29025.6,6483.6821,2023-05-03
29025.6,29369.13,28674.64,28836.63,7016.398,2023-05-04
28836.63,29672.86,28817.29,29506.61,8795.4302,2023-05-05
29506.61,29820.17,28354.0,28847.31,9269.7318,2023-05-06
28847.31,29132.54,28400.03,28430.95,6823.2133,2023-05-07
28430.95,28626.55,27269.41,27668.88,9772.8249,2023-05-08
27668.88,27813.02,27355.69,27628.08,9131.0183,2023-05-09
27628.08,28310.79,26785.71,27598.08,8250.9489,2023-05-10
27598.08,27621.24,26714.61,26969.48,9185.2957,2023-05-11
26969.48,27081.07,25818.28,26792.86,8692.6481,2023-05-12
26792.86,27041.67,26690.1,26771.84,6912.2134,2023-05-13
26771.84,27196.02,26579.48,26915.35,5515.0015,2023-05-14
26915.35,27663.83,26734.62,27164.07,7440.0172,2023-05-15
27164.07,27294.02,26860.0,27033.84,6267.8378,2023-05-16
27033.84,27497.15,26555.0,27405.46,6062.3245,2023-05-17
27405.46,27480.0,26369.72,26821.04,6423.7806,2023-05-18
26821.04,27176.74,26639.94,26883.44,5425.0287,2023-05-19
26883.44,27146.36,26829.84,27104.06,3086.4517,2023-05-20
27104.06,27275.03,26671.56,26746.83,1991.3823,2023-05-21
26746.83,27091.87,26541.84,26848.15,3704.116,2023-05-22
26848.15,27485.52,26800.94,27221.05,5229.1474,2023-05-23
27221.05,27221.22,26085.0,26330.0,6787.56,2023-05-24
26330.0,26621.21,25873.76,26472.99,7428.44,2023-05-25
26472.99,26929.12,26332.01,26705.71,6219.855,2023-05-26
26705.71,26882.35,26558.26,26855.09,4917.356,2023-05-27
26855.09,28253.43,26769.95,28065.02,4141.0569,2023-05-28
28065.02,28442.1,27532.6,27736.93,7290.2294,2023-05-29
27736.93,28032.81,27561.03,27694.11,6715.1621,2023-05-30
27694.11,27830.1,26848.0,27209.31,7309.548,2023-05-31
27209.31,27341.05,26621.21,26815.55,7413.0472,2023-06-01
26815.55,27295.91,26515.29,27241.14,6371.6112,2023-06-02
27241.14,27325.55,26924.46,27068.93,6564.4736,2023-06-03
27068.93,27454.97,26956.04,27119.06,5564.3096,2023-06-04
27119.06,27127.97,25400.0,25727.39,9600.5425,2023-06-05
25727.39,27352.94,25355.0,27230.42,8887.6082,2023-06-06
27230.42,27384.75,26125.73,26340.19,10347.5288,2023-06-07
26340.19,26807.05,26215.65,26500.84,9977.7412,2023-06-08
26500.84,26778.91,26284.23,26478.92,8476.4072,2023-06-09
26478.92,26529.97,25382.54,25840.18,12606.5077,2023-06-10
25840.18,26199.83,25640.0,25925.15,11262.5818,2023-06-11
25925.15,26099.72,25620.0,25904.95,9831.4094,2023-06-12
25904.95,26425.9,25721.45,25935.9,9416.2193,2023-06-13
25935.9,26092.57,24826.32,25129.35,9194.8741,2023-06-14
25129.35,25755.55,24807.69,25597.04,10142.604,2023-06-15
25597.04,26502.0,25187.5,26345.17,8439.1665,2023-06-16
26345.17,26811.09,26184.82,26516.98,8880.6692,2023-06-17
26516.98,26691.0,26260.69,26342.26,5828.2352,2023-06-18
26342.26,27066.38,26261.03,26844.6,7291.0684,2023-06-19
26844.6,28399.0,26660.0,28303.65,11128.2341,2023-06-20
28303.65,30793.75,28259.97,29995.27,16642.101,2023-06-21
29995.27,30498.52,29546.88,29887.09,18659.7531,2023-06-22
29887.09,31410.29,29812.69,30687.29,14856.3192,2023-06-23
30687.29,30799.46,30257.63,30529.68,12832.3087,2023-06-24
30529.68,31038.46,30281.7,30465.28,6746.5066,2023-06-25
30465.28,30661.51,29935.72,30267.87,7410.6975,2023-06-26
30267.87,30994.72,30229.51,30692.29,10040.5676,2023-06-27
30692.29,30709.74,29847.79,30076.4,11830.0086,2023-06-28
30076.4,30837.86,30048.99,30449.89,10845.5289,2023-06-29
30449.89,31282.0,29507.66,30473.96,14349.7805,2023-06-30
30473.96,30660.07,30329.05,30586.5,9955.546,2023-07-01
30586.5,30782.81,30175.58,30617.03,5641.8419,2023-07-02
30617.03,31376.24,30573.34,31158.27,7148.0073,2023-07-03
31158.27,31320.0,30630.5,30766.22,6850.631,2023-07-04
30766.22,30875.0,30204.0,30504.4,5661.9061,2023-07-05
30504.4,31510.26,29856.77,29902.04,7796.3355,2023-07-06
29902.04,30445.03,29721.69,30343.91,7483.4214,2023-07-07
30343.91,30387.17,30050.72,30285.45,4127.4041,2023-07-08
30285.45,30439.91,30069.01,30163.36,3406.2846,2023-07-09
30163.36,31040.0,29956.42,30412.76,4494.6889,2023-07-10
30412.76,30806.62,30310.97,30622.1,5435.0238,2023-07-11
30622.1,30970.41,30216.5,30382.0,4909.0367,2023-07-12
30382.0,31809.0,30258.69,31453.97,6999.9837,2023-07-13
31453.97,31625.63,29906.67,30311.9,13346.9728,2023-07-14
30311.9,30389.39,30236.48,30290.29,10417.8351,2023-07-15
30290.29,30430.0,30066.67,30232.01,5706.3145,2023-07-16
30232.01,30333.32,29664.16,30138.0,8162.0521,2023-07-17
30138.0,30239.68,29520.96,29858.48,8939.1192,2023-07-18
29858.48,30186.66,29767.51,29908.6,8521.8355,2023-07-19
29908.6,30413.79,29579.93,29804.4,8051.0499,2023-07-20
29804.4,30057.2,29721.92,29900.32,7185.6006,2023-07-21
29900.32,29996.9,29631.51,29788.04,5041.4557,2023-07-22
29788.04,30346.42,29731.18,30082.93,4303.6903,2023-07-23
30082.93,30097.99,28869.97,29176.8,7452.2651,2023-07-24
29176.8,29369.13,29051.64,29228.75,6839.0879,2023-07-25
29228.75,29673.91,29101.75,29350.63,6435.7853,2023-07-26
29350.63,29564.72,29086.92,29222.76,5651.6426,2023-07-27
29222.76,29537.34,29130.39,29315.09,5904.789,2023-07-28
29315.09,29404.36,29259.25,29352.65,3785.273,2023-07-29
29352.65,29446.65,29041.91,29281.51,3370.4893,2023-07-30
29281.51,29527.94,29115.38,29233.14,5227.6392,2023-07-31
29233.14,29732.14,28588.0,29708.64,5824.8652,2023-08-01
29708.64,30036.02,28930.59,29184.5,6376.4022,2023-08-02
29184.5,29425.74,28972.0,29194.19,4877.8503,2023-08-03
29194.19,29326.38,28818.25,29113.99,4468.6017,2023-08-04
29113.99,29150.0,28981.88,29073.18,3302.7564,2023-08-05
29073.18,29200.0,28991.02,29089.74,1822.4921,2023-08-06
29089.74,29277.15,28709.19,29213.1,2893.5476,2023-08-07
29213.1,30218.63,29145.66,29769.9,4292.2625,2023-08-08
29769.9,30130.0,29378.99,29581.41,5312.3635,2023-08-09
29581.41,29732.11,29344.03,29455.69,4779.7448,2023-08-10
29455.69,29559.36,29255.32,29428.56,3252.2674,2023-08-11
29428.56,29480.0,29380.75,29430.18,1799.9029,2023-08-12
29430.18,29468.0,29274.25,29303.85,1138.0082,2023-08-13
29303.85,29693.27,29109.02,29431.31,1900.4142,2023-08-14
29431.31,29494.0,29081.08,29200.72,2195.124,2023-08-15
29200.72,29259.0,28725.4,28730.63,3431.2335,2023-08-16
28730.63,28780.0,24635.0,26623.74,6766.4473,2023-08-17
26623.74,26821.99,25624.56,26052.72,7858.2676,2023-08-18
26052.72,26269.23,25806.08,26099.99,4160.2084,2023-08-19
26099.99,26292.47,25980.0,26189.99,2593.3078,2023-08-20
26189.99,26233.4,25814.06,26126.3,4047.9601,2023-08-21
26126.3,26138.74,25345.5,26055.99,4312.5466,2023-08-22
26055.99,26812.16,25818.18,26432.98,4916.6128,2023-08-23
26432.98,26576.56,25869.82,26179.57,4343.1643,2023-08-24
26179.57,26306.96,25788.0,26058.9,4077.784,2023-08-25
26058.9,26118.34,25992.41,26019.74,2560.2952,2023-08-26
26019.74,26179.9,25973.7,26101.89,1134.5798,2023-08-27
26101.89,26249.59,25873.33,26120.29,4406.1515,2023-08-28
26120.29,28134.61,25923.67,27720.01,6959.0691,2023-08-29
27720.01,27766.21,27027.78,27299.23,6665.559,2023-08-30
27299.23,27566.89,25661.6,25938.05,5969.4585,2023-08-31
25938.05,26142.26,25337.46,25806.03,9359.3299,2023-09-01
25806.03,25982.14,25756.0,25868.7,4505.3464,2023-09-02
25868.7,26125.0,25809.52,25971.73,2959.9022,2023-09-03
25971.73,26098.41,25635.51,25824.9,5860.1587,2023-09-04
25824.9,25894.47,25570.0,25792.09,7974.3297,2023-09-05
25792.09,26032.66,25381.3,25762.05,6957.022,2023-09-06
25762.05,26437.8,25620.06,26254.77,6273.6238,2023-09-07
26254.77,26437.88,25655.85,25910.08,6166.5477,2023-09-08
25910.08,25942.86,25800.69,25902.22,4798.9377,2023-09-09
25902.22,26030.27,25585.71,25841.64,5219.2221,2023-09-10
25841.64,25899.0,24908.59,25165.54,7352.6035,2023-09-11
25165.54,26532.0,25134.53,25841.04,7067.4368,2023-09-12
25841.04,26403.72,25768.33,26221.45,6428.182,2023-09-13
26221.45,26848.52,26127.78,26526.21,6429.7467,2023-09-14
26526.21,26876.49,26224.01,26603.55,6062.7693,2023-09-15
26603.55,26773.82,26450.1,26560.8,5769.9768,2023-09-16
26560.8,26618.01,26405.26,26527.61,5143.8436,2023-09-17
26527.61,27410.49,26390.0,26763.8,6781.7222,2023-09-18
26763.8,27480.0,26672.34,27209.67,6114.4674,2023-09-19
27209.67,27384.86,26800.02,27123.17,5174.3671,2023-09-20
27123.17,27154.98,26381.5,26567.57,4597.8597,2023-09-21
26567.57,26742.68,26472.94,26579.93,4223.311,2023-09-22
26579.93,26632.0,26512.33,26576.06,4256.6373,2023-09-23
26576.06,26736.43,26125.21,26249.22,4556.5124,2023-09-24
26249.22,26443.9,26002.75,26302.93,4411.9188,2023-09-25
26302.93,26396.22,26095.39,26220.15,4530.5438,2023-09-26
26220.15,26846.15,26113.98,26372.5,4503.2692,2023-09-27
26372.5,27307.46,26344.2,27022.51,5108.0677,2023-09-28
27022.51,27240.0,26687.14,26910.33,4404.2259,2023-09-29
26910.33,27090.91,26888.79,26963.88,4098.2867,2023-09-30
26963.88,28090.45,26955.78,27992.4,4540.0025,2023-10-01
27992.4,28573.0,27283.94,27496.36,5229.0325,2023-10-02
27496.36,27669.0,27173.24,27426.13,4480.895,2023-10-03
27426.13,27836.65,27222.22,27780.5,4603.3766,2023-10-04
27780.5,28110.8,27357.86,27411.01,4346.0087,2023-10-05
27411.01,28266.67,27178.29,27931.53,4679.1769,2023-10-06
27931.53,28022.84,27847.01,27956.41,3989.6585,2023-10-07
27956.41,28089.71,27690.68,27918.14,4173.781,2023-10-08
27918.14,27987.14,27264.79,27590.35,4251.0062,2023-10-09
27590.35,27732.28,27297.22,27390.01,4644.525,2023-10-10
27390.01,27475.19,26537.69,26877.06,4814.7342,2023-10-11
26877.06,26941.87,26557.38,26760.8,4232.2602,2023-10-12
26760.8,27125.77,26686.89,26863.71,4565.4948,2023-10-13
26863.71,26987.21,26792.83,26852.71,3983.6968,2023-10-14
26852.71,27290.32,26810.0,27153.76,4109.7006,2023-10-15
27153.76,30224.46,27112.7,28502.12,7028.7084,2023-10-16
28502.12,28608.7,28075.0,28396.86,5783.1578,2023-10-17
28396.86,28983.2,28142.86,28320.65,5769.3975,2023-10-18
28320.65,28912.05,28114.94,28714.29,7926.6921,2023-10-19
28714.29,30224.0,28580.0,29667.55,12965.7377,2023-10-20
29667.55,30370.0,29465.3,29909.8,9307.9218,2023-10-21
29909.8,30250.0,29645.46,29992.48,9251.374,2023-10-22
29992.48,35097.6,29889.23,33070.32,19911.9764,2023-10-23
33070.32,35263.21,32834.94,33924.44,32870.679,2023-10-24
33924.44,35129.51,33689.0,34494.45,23165.1512,2023-10-25
34494.45,34826.21,33752.58,34150.86,13582.8108,2023-10-26
34150.86,34242.34,33402.01,33892.22,11212.0673,2023-10-27
33892.22,34495.0,33860.49,34081.54,7070.8358,2023-10-28
34081.54,34749.46,33935.05,34523.78,4620.983,2023-10-29
34523.78,34850.0,34065.65,34479.56,9267.6903,2023-10-30
34479.56,34722.1,34036.75,34639.85,7869.7934,2023-10-31
34639.85,35606.06,34081.09,35420.46,12124.7232,2023-11-01
35420.46,35968.96,34303.4,34938.82,16900.6779,2023-11-02
34938.82,34943.03,34120.0,34714.6,14924.3301,2023-11-03
34714.6,35256.0,34586.77,35062.28,8462.4869,2023-11-04
35062.28,35375.6,34457.9,35014.3,7337.866,2023-11-05
35014.3,35272.56,34729.8,35042.89,8682.7086,2023-11-06
35042.89,35883.33,34525.0,35399.14,10365.6275,2023-11-07
35399.14,36108.2,35105.15,35625.06,9247.1574,2023-11-08
35625.06,37994.4,35539.57,36700.86,22211.2158,2023-11-09
36700.86,37527.66,36327.76,37301.37,20767.4488,2023-11-10
37301.37,37397.78,36670.0,37130.0,12301.0111,2023-11-11
37130.0,37218.7,36734.5,37062.25,7525.928,2023-11-12
37062.25,37413.38,36336.86,36465.96,8099.1888,2023-11-13
36465.96,36743.5,34699.01,35547.34,10351.7654,2023-11-14
37857.53,37929.86,35506.37,36163.95,17533.6244,2023-11-16
36163.95,36808.95,35864.43,36609.87,17826.8,2023-11-17
36609.87,36841.72,36186.38,36570.82,12109.194,2023-11-18
36570.82,37499.97,36384.56,37361.92,10259.0008,2023-11-19
37361.92,37744.75,36666.0,37449.4,13837.5819,2023-11-20
37449.4,37648.5,35733.91,35742.15,16765.2195,2023-11-21
35742.15,37858.66,35636.14,37407.34,24252.492,2023-11-22
37407.34,37641.1,36877.55,37294.7,11097.5852,2023-11-23
37294.7,38411.11,37251.65,37713.69,13293.6462,2023-11-24
37713.69,37886.86,37591.2,37780.68,7446.5404,2023-11-25
37780.68,37814.65,37150.99,37444.6,7598.7365,2023-11-26
37444.6,37558.38,36715.48,37242.55,9631.7539,2023-11-27
37242.55,38375.0,36876.19,37817.6,8611.9494,2023-11-28
37817.6,38450.0,37573.18,37853.75,6287.7505,2023-11-29
37853.75,38140.14,37494.59,37724.69,4495.4506,2023-11-30
37724.69,38984.02,37615.69,38682.78,5232.9584,2023-12-01
38682.78,39757.34,38641.46,39450.17,3609.0389,2023-12-02
39450.17,40240.0,39278.4,39970.99,3919.1519,2023-12-03
39970.99,42416.67,39970.67,41990.46,11449.681,2023-12-04
41990.46,44490.0,41401.53,44071.18,14204.1538,2023-12-05
44071.18,44285.71,43369.69,43760.89,11798.6817,2023-12-06
43760.89,44043.31,42840.95,43274.02,10852.0067,2023-12-07
43274.02,44710.09,43084.47,44171.25,10500.2302,2023-12-08
44171.25,44357.34,43594.97,43714.05,7633.719,2023-12-09
43714.05,44047.11,43580.0,43788.95,5125.176,2023-12-10
43788.95,43804.8,40230.61,41249.65,14372.2613,2023-12-11
41249.65,42099.93,40681.9,41490.47,9142.3635,2023-12-12
41490.47,43467.66,40572.55,42865.31,9561.602,2023-12-13
42865.31,43418.95,41361.22,43023.05,8118.2431,2023-12-14
43023.05,43080.92,41669.31,41939.53,7233.6241,2023-12-15
41939.53,42715.2,41618.41,42274.57,5454.6081,2023-12-16
42274.57,42420.45,41260.94,41378.38,5985.2262,2023-12-17
41378.38,42753.96,40545.45,42656.52,6885.3987,2023-12-18
42656.52,43480.0,41815.7,42277.36,8200.2341,2023-12-19
42277.36,44289.0,42211.78,43668.0,13003.9358,2023-12-20
43668.0,44239.88,43298.63,43860.95,10972.0939,2023-12-21
43860.95,44395.0,43415.0,43966.83,9275.0271,2023-12-22
43966.83,43988.0,43290.2,43705.76,5347.6145,2023-12-23
43705.76,43941.0,42577.47,42993.14,6917.9317,2023-12-24
42993.14,43797.49,42739.76,43574.09,7146.9278,2023-12-25
43574.09,43591.4,41633.0,42512.61,11014.5676,2023-12-26
42512.61,43666.67,42111.2,43430.41,8578.0979,2023-12-27
43430.41,43785.5,42279.76,42564.1,9254.7311,2023-12-28
42564.1,43110.0,41287.53,42065.29,10763.7184,2023-12-29
42065.29,42606.56,41526.33,42142.82,4097.2539,2023-12-30
42142.82,42885.71,41972.08,42279.75,4441.4319,2023-12-31
42279.75,44191.64,42186.17,44183.17,4327.8568,2024-01-01
44183.17,45876.1,44150.88,44947.55,8838.1153,2024-01-02
44947.55,45500.0,40453.13,42839.74,8777.7703,2024-01-03
42839.74,44737.65,42619.2,44152.57,7107.4944,2024-01-04
44152.57,44341.42,42358.7,44146.7,8137.0445,2024-01-05
44146.7,44210.39,43400.0,43968.58,2995.0431,2024-01-06
43968.58,44477.0,43600.0,43924.5,3734.9084,2024-01-07
43924.5,47243.35,43185.89,46949.86,14540.2989,2024-01-08
46949.86,47980.0,44816.0,46112.77,11782.5259,2024-01-09
46112.77,47686.31,44309.63,46651.21,20735.298,2024-01-10
46651.21,48965.33,45599.65,46339.39,14145.5542,2024-01-11
46339.39,46511.11,41425.0,42781.05,13057.5194,2024-01-12
42781.05,43251.94,42437.82,42845.37,5095.6789,2024-01-13
42845.37,43075.0,41725.9,41732.27,5302.4961,2024-01-14
41732.27,43376.38,41717.15,42515.56,4956.1109,2024-01-15
42515.56,43570.6,42056.8,43138.45,8740.0004,2024-01-16
43138.45,43194.7,42211.54,42773.95,5359.152,2024-01-17
42773.95,42921.86,40685.96,41326.66,11401.3791,2024-01-18
41326.66,42183.97,40284.6,41659.16,12489.8497,2024-01-19
41659.16,41869.21,41461.54,41693.46,4541.333,2024-01-20
41693.46,41877.15,41502.16,41581.44,5052.01,2024-01-21
41581.44,41686.44,39429.18,39567.36,20932.5951,2024-01-22
39567.36,40177.4,38558.58,39901.49,13307.0961,2024-01-23
39901.49,40555.56,39495.4,40085.96,8844.1417,2024-01-24
40085.96,40302.42,39551.91,39963.58,7252.943,2024-01-25
39963.58,42241.77,39823.9,41819.79,9941.9604,2024-01-26
41819.79,42193.54,41398.77,42119.05,5497.47,2024-01-27
42119.05,42835.89,41620.38,42034.0,5687.6517,2024-01-28
42034.0,43303.07,41813.08,43301.29,8039.3337,2024-01-29
43301.29,43863.85,42687.23,42942.55,6966.5991,2024-01-30
42942.55,43742.12,42288.89,42580.0,9423.5548,2024-01-31
42580.0,43284.97,41887.18,43083.04,8923.2101,2024-02-01
43083.04,43482.96,42552.68,43199.99,6616.93,2024-02-02
43199.99,43377.4,42880.14,43012.2,5031.14,2024-02-03
43012.2,43117.0,42227.49,42584.39,5567.4929,2024-02-04
42584.39,43565.22,42260.87,42706.67,6484.5945,2024-02-05
42706.67,43383.62,42574.03,43099.48,6053.3184,2024-02-06
43099.48,44388.11,42788.0,44348.43,7090.7335,2024-02-07
44348.43,45611.5,44330.05,45289.35,7872.2804,2024-02-08
45289.35,48200.0,45245.17,47133.66,12125.7651,2024-02-09
47133.66,48169.01,46850.0,47749.11,5393.2473,2024-02-10
47749.11,48588.0,47566.74,48298.26,6236.1143,2024-02-11
48298.26,50329.24,47710.48,49923.17,9879.4378,2024-02-12
49923.17,50364.12,48306.78,49700.04,10787.3829,2024-02-13
49700.04,52037.51,49231.45,51795.47,9355.0033,2024-02-14
51795.47,52812.62,51313.65,51880.1,9328.9149,2024-02-15
51880.1,52566.65,51583.49,52123.11,6476.916,2024-02-16
52123.11,52165.34,50625.59,51644.19,6299.8501,2024-02-17
51644.19,52381.99,51165.51,52136.56,5136.0454,2024-02-18
52136.56,52485.71,51685.0,51774.68,6270.3542,2024-02-19
51774.68,52996.74,50764.3,52262.77,12474.396147,2024-02-20
52262.77,52365.04,50611.4,51846.05,10905.279843,2024-02-21
51846.05,52066.46,50943.2,51290.4,10510.852736,2024-02-22
51290.4,51543.0,50533.16,50745.86,9520.202069,2024-02-23
50745.86,51694.1,50586.65,51565.23,6420.824337,2024-02-24
51565.23,51966.8,51284.33,51727.03,7050.27094,2024-02-25
51727.03,54909.68,50903.74,54474.13,14559.357203,2024-02-26
54474.13,57591.0,54450.08,57037.42,23176.780615,2024-02-27
57037.42,64045.64,56695.36,62427.83,40904.715287,2024-02-28
62427.83,63664.2,60385.8,61137.41,32093.395942,2024-02-29
61137.41,63107.85,60779.94,62380.86,15730.94205,2024-03-01
62380.86,62435.09,61562.69,61992.25,6620.005259,2024-03-02
61992.25,63232.7,61329.59,63112.78,7224.856796,2024-03-03
63112.78,68493.0,62346.67,68245.32,28102.041789,2024-03-04
68245.32,69074.5,59130.0,63721.15,47254.783091,2024-03-05
63721.15,67645.06,62788.46,66073.97,19721.388326,2024-03-06
66073.97,67980.01,65556.75,66821.83,6042.929332,2024-03-07
66821.83,69990.52,66090.0,68124.16,9441.501333,2024-03-08
68124.16,68536.25,67866.35,68313.04,11703.497383,2024-03-09
68313.04,69879.51,68102.95,68951.18,9408.877631,2024-03-10
68951.18,72800.0,67033.6,72082.05,11862.161521,2024-03-11
72082.05,73049.26,68650.53,71449.9,16590.737639,2024-03-12
71449.9,73633.61,71330.89,73077.07,19861.459637,2024-03-13
73077.07,73775.9,68619.99,71394.26,12325.920094,2024-03-14
71394.26,72419.0,65620.05,69491.84,25232.06901,2024-03-15
69491.84,70040.0,64771.81,65308.13,13481.279912,2024-03-16
65308.13,68902.99,64553.62,68395.48,14978.766489,2024-03-17
68395.48,68947.37,66566.25,67612.88,13902.10985,2024-03-18
67612.88,68118.75,61555.55,61937.71,28232.926815,2024-03-19
61937.71,68100.0,60781.7,67839.5,32722.308369,2024-03-20
67839.5,68223.22,64536.01,65498.4,17735.354146,2024-03-21
65498.4,66635.42,62302.16,63802.6,19777.576133,2024-03-22
63802.6,65994.61,63000.01,63986.95,11116.755305,2024-03-23
63986.95,67621.61,63769.43,67207.16,10871.96405,2024-03-24
67207.16,71130.4,66389.56,69881.17,12019.791966,2024-03-25
69881.17,71550.0,69283.4,69997.88,16948.584661,2024-03-26
69997.88,71758.4,68414.01,69467.07,13435.909663,2024-03-27
69467.07,71550.0,68913.46,70792.36,11249.654365,2024-03-28
70792.36,70910.07,69025.79,69857.44,8918.404481,2024-03-29
69857.44,70320.85,69550.0,69574.57,8092.732387,2024-03-30
69574.57,71388.3,69548.0,71283.64,8418.742076,2024-03-31
71283.64,71306.2,68066.67,69656.96,11297.630504,2024-04-01
69656.96,69680.0,64588.0,65473.39,19276.952848,2024-04-02
65473.39,66897.69,64500.9,65964.14,12767.79384,2024-04-03
65964.14,69307.63,65056.0,68483.83,12588.545671,2024-04-04
68483.83,68748.0,65964.3,67832.64,12889.843725,2024-04-05
67832.64,69677.41,67456.52,68903.68,9343.295887,2024-04-06
68903.68,70318.4,68821.27,69347.1,9202.947445,2024-04-07
69347.1,72788.2,69060.0,71619.93,11085.335785,2024-04-08
71619.93,71760.19,68203.16,69153.92,13452.414828,2024-04-09
69153.92,71171.06,67518.5,70639.91,13581.582397,2024-04-10
70639.91,71293.38,69565.22,70000.2,12336.340909,2024-04-11
70000.2,71233.6,65005.0,67113.96,13597.065413,2024-04-12
67113.96,67924.26,60050.0,63917.74,23516.951107,2024-04-13
63917.74,65854.5,62138.57,65652.29,23756.178673,2024-04-14
65652.29,66833.32,62292.54,63423.62,20636.334532,2024-04-15
63423.62,64355.47,61600.0,63795.71,19755.11685,2024-04-16
63795.71,64495.79,59673.84,61270.81,13778.735707,2024-04-17
61270.81,64108.1,60800.4,63465.54,11606.92363,2024-04-18
63465.54,65427.93,59605.0,63805.21,17387.811667,2024-04-19
63805.21,65413.36,63099.13,64941.4,8929.442449,2024-04-20
64941.4,65703.1,64210.5,64942.6,8665.697606,2024-04-21
64942.6,67229.9,64500.0,66815.18,8980.297604,2024-04-22
66815.18,67181.32,65810.0,66416.0,7940.742879,2024-04-23
66416.0,67082.8,63599.21,64281.33,9767.903996,2024-04-24
64281.33,65281.92,62800.0,64499.44,9299.204223,2024-04-25
64499.44,64815.61,63325.0,63772.93,9016.076696,2024-04-26
63772.93,63929.75,62399.33,63461.49,7944.094216,2024-04-27
63461.49,64367.89,62791.67,63118.21,6253.188326,2024-04-28
63118.21,64208.35,61802.0,63857.4,7090.466793,2024-04-29
63857.4,64736.7,59190.49,60683.29,8340.679898,2024-04-30
60683.29,60845.14,56571.0,58342.58,12609.153394,2024-05-01
58342.58,59616.94,56956.6,59065.42,9064.827522,2024-05-02
59065.42,63333.7,58818.18,62876.15,9110.002315,2024-05-03
62876.15,64542.02,62558.02,63895.86,8015.857948,2024-05-04
63895.86,64632.11,62890.63,64005.43,7686.682083,2024-05-05
64005.43,65500.0,62703.57,63168.08,4834.449593,2024-05-06
63168.08,64399.42,62265.0,62324.37,6280.775166,2024-05-07
62324.37,63023.78,60893.3,61197.62,5329.350034,2024-05-08
61197.62,63419.48,60619.5,63071.76,5120.555287,2024-05-09
63071.76,63464.24,60200.61,60804.31,5233.094085,2024-05-10
60804.31,61513.77,60480.0,60832.55,4682.756583,2024-05-11
60832.55,61863.23,60608.2,61476.47,2557.569341,2024-05-12
61476.47,63452.38,60766.66,62940.77,6910.601107,2024-05-13
62940.77,63108.58,61141.02,61572.71,4725.935306,2024-05-14
61572.71,66455.0,61347.99,66215.83,5931.350026,2024-05-15
66215.83,66746.27,64611.79,65239.55,13067.089259,2024-05-16
65239.55,67438.87,65109.51,67019.96,5724.965232,2024-05-17
67019.96,67365.84,66600.0,66916.67,4975.454831,2024-05-18
66916.67,67700.0,65890.0,66267.06,1855.128346,2024-05-19
66267.06,71537.35,66061.59,71420.39,4288.864533,2024-05-20
71420.39,71963.0,69167.44,70144.82,26273.251479,2024-05-21
70144.82,70666.66,68913.4,69175.42,5022.208432,2024-05-22
69175.42,70075.73,66325.62,67971.9,12557.90858,2024-05-23
67971.9,69246.58,66614.63,68561.59,5931.808827,2024-05-24
68561.59,69592.95,68502.3,69292.7,3923.925694,2024-05-25
69292.7,69541.69,68195.38,68515.09,2412.111933,2024-05-26
68515.09,70676.0,68268.84,69430.58,3980.510513,2024-05-27
69430.58,69583.33,67280.0,68399.99,7541.711266,2024-05-28
68399.99,68935.0,67143.6,67653.17,6480.035848,2024-05-29
67653.17,69507.42,67137.17,68355.89,5834.871932,2024-05-30
68355.89,69038.44,66669.0,67542.12,5032.470298,2024-05-31
67542.12,67872.17,67444.1,67761.41,1979.407978,2024-06-01
67761.41,68459.0,67306.45,67766.71,1967.294906,2024-06-02
67766.71,70273.96,67612.2,68809.49,4195.596116,2024-06-03
68809.49,71057.64,68576.92,70535.11,4063.997426,2024-06-04
70535.11,71744.2,70400.0,71110.7,10182.036235,2024-06-05
71110.7,71642.86,70133.33,70795.62,8020.236379,2024-06-06
70795.62,71990.0,68380.0,69349.1,8464.008111,2024-06-07
69349.1,69572.13,69170.7,69307.1,5217.805398,2024-06-08
69307.1,69835.08,69137.89,69644.26,3510.381912,2024-06-09
69644.26,70181.81,69172.9,69533.88,3984.922595,2024-06-10
69533.88,69572.79,66032.9,67312.73,5106.715085,2024-06-11
67312.73,70000.0,66900.39,68268.14,5445.913362,2024-06-12
68268.14,68394.1,66269.7,66777.48,3845.892318,2024-06-13
66777.48,67352.94,65080.0,66047.0,4269.975617,2024-06-14
66047.0,66463.0,65862.08,66229.08,3427.555065,2024-06-15
66229.08,66972.2,66037.34,66678.36,3288.602806,2024-06-16
66678.36,67288.89,65130.0,66496.51,3687.725194,2024-06-17
66496.51,66591.1,64055.78,65176.53,4915.656118,2024-06-18
65176.53,65716.71,64671.1,64970.58,3503.751981,2024-06-19
64970.58,66478.0,64561.14,64876.5,3735.19277,2024-06-20
64876.5,65070.07,63389.0,64146.18,3560.918322,2024-06-21
64146.18,64535.0,63947.37,64258.0,3060.074205,2024-06-22
64258.0,64522.56,63176.47,63216.4,3110.395527,2024-06-23
63216.4,63369.4,58484.81,60300.0,5240.580153,2024-06-24
60300.0,62405.39,60254.9,61799.82,4080.762577,2024-06-25
61799.82,62476.92,60715.83,60861.43,3838.059375,2024-06-26
60861.43,62388.0,60618.0,61701.17,3892.745925,2024-06-27
61701.17,62212.69,60053.9,60429.63,3698.764375,2024-06-28
60429.63,61219.3,60395.59,60988.19,3646.439598,2024-06-29
60988.19,63040.67,60722.22,62770.41,3856.669136,2024-06-30
62770.41,63858.97,62524.13,62893.42,3827.118397,2024-07-01
62893.42,63280.0,61811.35,62134.67,3493.001176,2024-07-02
62134.67,62285.77,59404.14,60209.25,4048.346247,2024-07-03
60209.25,60483.58,56774.19,57056.89,5006.494237,2024-07-04
57056.89,57541.67,53547.01,56633.69,7276.70085,2024-07-05
56633.69,58471.9,56025.0,58233.28,3965.291863,2024-07-06
58233.28,58448.93,55728.77,55855.02,3958.93153,2024-07-07
55855.02,58200.0,54278.07,56705.99,5850.31569,2024-07-08
56705.99,58283.37,56285.0,58043.81,4391.74748,2024-07-09
58043.81,59460.36,57163.45,57728.15,4354.00283,2024-07-10
57728.15,59509.8,57071.18,57334.65,4329.32929,2024-07-11
57334.65,58513.5,56557.64,57904.41,4001.71606,2024-07-12
57904.41,59839.63,57750.0,59185.51,3716.229863,2024-07-13
59185.51,61418.5,59185.5,60797.48,4091.927523,2024-07-14
60797.48,64900.0,60669.15,64737.0,4347.524231,2024-07-15
64737.0,65365.75,62381.34,65034.22,4112.640627,2024-07-16
65034.22,66096.43,63844.87,64080.33,3869.73698,2024-07-17
64080.33,65100.0,63239.44,63969.44,3682.617477,2024-07-18
63969.44,67376.35,63304.9,66648.61,3801.683216,2024-07-19
66648.61,67575.0,66250.44,67142.63,3327.947082,2024-07-20
67142.63,68351.27,65793.1,68148.13,3335.201721,2024-07-21
68148.13,68457.97,66579.16,67515.58,3197.334848,2024-07-22
67515.58,67731.33,65463.95,65923.03,3695.082284,2024-07-23
65923.03,67087.99,65108.1,65366.12,3342.378561,2024-07-24
65366.12,66170.73,63461.03,65786.73,4222.373392,2024-07-25
65786.73,68180.85,65724.2,67890.24,3544.367804,2024-07-26
67890.24,69395.28,66658.11,67893.91,4719.78983,2024-07-27
67893.91,68321.6,67065.47,68243.78,3177.825966,2024-07-28
68243.78,70067.52,66427.0,66785.68,4079.697973,2024-07-29
66785.68,67029.7,65318.18,66185.17,3651.30455,2024-07-30
66185.17,66838.75,64535.42,64615.38,3423.373182,2024-07-31
64615.38,65662.05,62313.23,65350.01,4329.471288,2024-08-01
65350.01,65583.33,61230.77,61499.75,5047.311887,2024-08-02
61499.75,62203.99,59866.67,60704.29,4261.604991,2024-08-03
60704.29,61120.29,57178.54,58154.62,4533.474616,2024-08-04
58154.62,58292.68,49031.91,54005.07,23089.207115,2024-08-05
54005.07,57036.96,53942.04,56017.28,6479.481691,2024-08-06
56017.28,57711.24,54567.87,55131.13,5227.130216,2024-08-07
55131.13,62701.75,54736.84,61686.33,6030.193516,2024-08-08
61686.33,61758.0,59545.45,60834.12,4346.59136,2024-08-09
60834.12,61444.0,60235.82,60902.1,3451.245298,2024-08-10
60902.1,61830.98,58300.0,58718.05,3824.073803,2024-08-11
58718.05,60692.31,57654.01,59345.1,5696.246849,2024-08-12
59345.1,61586.6,58422.3,60591.26,4541.91794,2024-08-13
60591.26,61733.33,58433.72,58684.94,4356.402523,2024-08-14
58684.94,59829.87,56109.39,57544.02,4849.392782,2024-08-15
57544.02,59791.71,57098.61,58861.18,4522.410709,2024-08-16
58861.18,59682.13,58787.31,59459.57,3522.27358,2024-08-17
59459.57,60254.17,58404.21,58406.04,3672.321654,2024-08-18
58406.04,59600.0,57807.06,59431.13,4335.141352,2024-08-19
59431.13,61347.83,58588.24,59039.98,4514.968377,2024-08-20
59039.98,61790.31,58808.55,61132.82,4705.837889,2024-08-21
61132.82,61404.58,59765.9,60379.76,3560.184433,2024-08-22
60379.76,64937.5,60355.55,64021.14,4664.364484,2024-08-23
64021.14,64437.98,63546.91,64130.11,3318.011708,2024-08-24
64130.11,64991.46,63764.71,64210.64,3556.713315,2024-08-25
64210.64,64478.24,62817.86,62843.78,3604.612012,2024-08-26
62843.78,63200.0,58100.0,59417.2,5435.241398,2024-08-27
59417.2,60250.38,57901.63,59050.86,4573.278458,2024-08-28
59050.86,61132.04,58790.52,59351.47,4119.073304,2024-08-29
59351.47,59916.67,57720.0,59111.25,4339.719932,2024-08-30
59111.25,59413.0,58722.22,58949.98,3338.718456,2024-08-31
58949.98,59037.61,57191.8,57300.0,4434.372309,2024-09-01
57300.0,59411.62,57132.44,59131.49,3923.72814,2024-09-02
59131.49,59771.72,57424.24,57486.99,3998.842648,2024-09-03
57486.99,58500.12,55617.2,57974.18,4940.066763,2024-09-04
57974.18,58332.5,55661.32,56177.04,4436.437686,2024-09-05
56177.04,56999.0,52590.35,53957.49,5604.472729,2024-09-06
53957.49,54840.56,53770.1,54160.89,4231.38073,2024-09-07
54160.89,55308.69,53631.94,54875.46,3925.322232,2024-09-08
54875.46,58000.0,54606.74,57037.53,4935.527306,2024-09-09
57037.53,58044.16,56400.0,57639.0,4167.058908,2024-09-10
57332.83,58597.72,57319.48,58115.37,4372.412894,2024-09-12
58115.37,60598.79,57630.0,60473.38,4061.997415,2024-09-13
60473.38,60573.51,59381.58,59972.35,3876.90195,2024-09-14
59972.35,60373.75,58699.99,59132.42,3281.118268,2024-09-15
59132.42,59196.31,57494.0,58218.3,3989.051102,2024-09-16
58218.3,61307.14,57636.31,60320.0,4509.053456,2024-09-17
60320.0,61752.01,59196.31,61745.23,4687.782687,2024-09-18
61745.23,63835.0,61570.0,62961.16,3754.269369,2024-09-19
62961.16,64125.0,62359.81,63203.63,3960.98455,2024-09-20
63203.63,63497.04,62763.16,63330.0,3191.050577,2024-09-21
63330.0,63982.15,62388.55,63579.31,3460.944938,2024-09-22
63579.31,64718.32,62588.24,63325.77,4065.329462,2024-09-23
63325.77,64681.95,62708.5,64278.08,4138.192026,2024-09-24
64278.08,64799.0,62949.55,63145.94,3596.150754,2024-09-25
63145.94,65737.77,62674.01,65137.92,4219.187313,2024-09-26
65137.92,66404.34,64809.0,65759.0,3508.586118,2024-09-27
65759.0,66210.53,65404.78,65845.26,3166.846369,2024-09-28
65845.26,66066.57,65421.07,65619.81,3045.572137,2024-09-29
65619.81,65619.81,62838.5,63320.31,3647.934458,2024-09-30
63320.31,64162.4,60182.47,60825.14,4696.607733,2024-10-01
60825.14,62381.03,60001.63,60647.0,3888.846199,2024-10-02
60647.0,61444.25,59849.5,60744.82,4458.678332,2024-10-03
60744.82,62464.0,60458.0,62074.42,4194.2329,2024-10-04
62074.42,62318.09,61688.0,62041.01,3560.025455,2024-10-05
62041.01,62940.0,61811.0,62799.78,3296.825988,2024-10-06
62799.78,64420.25,62136.26,62249.01,3777.816557,2024-10-07
62249.01,63166.67,61876.75,62156.01,3740.763774,2024-10-08
62156.01,62582.6,60350.0,60654.96,3779.005263,2024-10-09
60654.96,61350.7,59000.0,60311.04,3756.97423,2024-10-10
60311.04,63447.1,60097.58,62500.14,3632.635132,2024-10-11
62500.14,63443.51,62476.87,63180.51,3587.084945,2024-10-12
63180.51,63262.78,62046.48,62856.52,3314.337895,2024-10-13
62856.52,66484.83,62454.53,66068.09,4369.648487,2024-10-14
66068.09,67934.78,64800.0,67067.01,4499.043231,2024-10-15
67067.01,68391.34,66757.0,67628.01,3856.863093,2024-10-16
67628.01,67900.0,66692.32,67417.0,3621.711869,2024-10-17
67417.0,68990.0,67189.65,68447.17,3389.878696,2024-10-18
68447.17,68682.1,68023.26,68345.77,3171.556658,2024-10-19
68345.77,69358.42,68106.0,69004.98,3140.829036,2024-10-20
69004.98,69499.0,66853.0,67390.07,3424.783893,2024-10-21
67390.07,67798.17,66619.71,67420.0,3350.016065,2024-10-22
67420.0,67444.84,65289.0,66703.01,3345.213821,2024-10-23
66703.01,68795.92,66524.0,68170.0,3501.688638,2024-10-24
68170.0,68695.0,65645.0,66710.0,3831.601579,2024-10-25
66710.0,67427.6,66443.16,67081.0,3093.695079,2024-10-26
67081.0,68297.7,66931.81,67997.99,3196.256858,2024-10-27
67997.99,70240.0,67630.99,69917.16,3615.727332,2024-10-28
69917.16,73600.1,69739.0,72730.68,4098.466555,2024-10-29
72730.68,72949.48,71438.02,72357.0,3167.412746,2024-10-30
72357.0,72665.74,69700.0,70310.0,3353.428532,2024-10-31
70310.0,71602.98,68846.67,69511.0,3779.025176,2024-11-01
69511.0,69900.0,69058.0,69366.65,3029.739722,2024-11-02
69366.65,69379.0,67488.11,68753.38,3255.78837,2024-11-03
68753.38,69470.47,66859.0,67861.74,3473.780678,2024-11-04
67861.74,70543.97,67500.0,69393.31,4115.539443,2024-11-05
69393.31,76356.83,69322.48,75580.0,5451.273503,2024-11-06
75580.0,76800.0,74418.41,75843.9,3338.536376,2024-11-07
75843.9,77150.0,75600.0,76498.89,3216.943861,2024-11-08
76498.89,76877.59,75730.73,76663.03,3188.288632,2024-11-09
76663.03,81499.69,76500.0,80346.1,4286.42811,2024-11-10
80346.1,89530.12,80206.4,88623.01,4900.300377,2024-11-11
88623.01,89929.82,85096.9,87909.98,5403.350905,2024-11-12
87909.98,93236.35,86123.05,90396.33,5646.187264,2024-11-13
90396.33,91775.3,86676.5,87325.84,4127.032325,2024-11-14
87325.84,91812.49,87113.21,91010.72,3470.603498,2024-11-15
91010.72,91725.49,90084.22,90570.08,2891.698174,2024-11-16
90570.08,91420.0,88710.99,89817.97,2831.1391,2024-11-17
89817.97,92510.29,89400.0,90482.2,3314.004437,2024-11-18
90482.2,93885.0,90353.6,92312.99,3600.188021,2024-11-19
92312.99,94790.0,91510.0,94281.25,2995.322234,2024-11-20
94281.25,98919.0,94055.51,98300.42,3844.269823,2024-11-21
98300.42,99518.37,97162.17,98891.42,3036.851726,2024-11-22
98891.42,98899.99,97087.4,97689.44,2719.639486,2024-11-23
97689.44,98573.42,95750.0,97898.88,2667.136442,2024-11-24
97898.88,98850.0,92601.0,93000.01,3218.677469,2024-11-25
93000.01,94983.27,90820.18,91965.36,3249.951446,2024-11-26
91965.36,97158.07,91809.72,95853.54,2675.58369,2024-11-27
95853.54,96520.3,94647.92,95628.8,2439.549957,2024-11-28
95628.8,98561.73,95359.67,97448.49,5214.381969,2024-11-29
97448.49,97450.0,96082.57,96397.29,3555.708033,2024-11-30
96397.29,97798.96,95671.1,97195.0,4780.209066,2024-12-01
97195.0,98079.36,94449.84,95821.96,9752.986254,2024-12-02
95821.96,96237.63,93601.76,95865.24,8811.958995,2024-12-03
95865.24,98977.42,94609.51,98588.0,13352.13157,2024-12-04
98588.0,104000.0,90790.7,96980.01,28017.662414,2024-12-05
96980.01,101856.82,96376.56,99732.01,12577.165699,2024-12-06
99732.01,100397.73,98880.41,99826.03,4098.893675,2024-12-07
99826.03,101312.0,98695.91,101104.01,4442.364753,2024-12-08
101104.01,101183.94,94161.4,97288.0,14849.922786,2024-12-09
97288.0,98207.11,94278.0,96594.0,12563.141025,2024-12-10
96594.0,101836.55,95674.0,101084.0,10783.794341,2024-12-11
101084.0,102500.0,99289.18,100007.99,9913.301255,2024-12-12
100007.99,101867.86,99234.63,101400.3,8634.687215,2024-12-13
101400.3,102589.89,100601.36,101391.23,4073.58202,2024-12-14
101391.23,105160.0,101258.0,104435.97,6542.677805,2024-12-15
104435.97,107752.0,103374.4,106052.46,11688.495488,2024-12-16
106052.46,108351.99,105386.68,106129.01,9435.776221,2024-12-17
106129.01,106460.0,100024.68,100225.61,15067.61164,2024-12-18
100225.61,102800.0,95755.0,97496.0,22513.93435,2024-12-19
97496.0,98200.0,92273.0,97803.92,21644.350578,2024-12-20
97803.92,99523.65,96408.84,97255.99,7358.139297,2024-12-21
97255.99,97421.05,94272.0,95184.01,5314.77631,2024-12-22
95184.01,96555.56,92556.27,94895.98,10305.781833,2024-12-23
94895.98,99439.99,93585.59,98657.22,9054.11021,2024-12-24
98657.22,99524.19,97613.84,99412.01,5570.839983,2024-12-25
99412.01,99905.2,95238.1,95797.4,7058.552817,2024-12-26
95797.4,97446.6,93529.0,94307.75,7499.631147,2024-12-27
94307.75,95738.35,94177.0,95321.0,2405.21999,2024-12-28
95321.0,95336.0,93043.01,93714.99,4462.778868,2024-12-29
93714.99,95000.0,91574.81,92800.31,9378.659739,2024-12-30
92800.31,96239.99,92029.98,93610.86,7172.699396,2024-12-31
93610.86,95135.59,92922.15,94606.01,3904.679916,2025-01-01
94606.01,97789.37,94391.01,96938.52,7477.427709,2025-01-02
96938.52,98928.71,96124.29,98156.0,5081.235191,2025-01-03
98156.0,98733.99,97534.16,98223.05,2707.276694,2025-01-04
98223.05,98800.0,97278.01,98322.0,2364.541555,2025-01-05
98322.0,102408.76,97911.0,102231.77,7333.144646,2025-01-06
102231.77,102700.0,96203.47,96974.47,8604.734014,2025-01-07
96974.47,97250.0,92550.85,95059.22,8863.990612,2025-01-08
95059.22,95380.88,91251.0,92540.84,8396.136396,2025-01-09
92540.84,95817.39,92237.59,94748.55,8882.801648,2025-01-10
94748.55,95000.0,93867.49,94593.21,1938.62965,2025-01-11
94593.21,95411.07,93675.84,94505.47,2072.601238,2025-01-12
94505.47,95887.9,89268.48,94510.12,12909.281944,2025-01-13
94510.12,97343.2,94347.0,96549.74,8954.04359,2025-01-14
96549.74,100633.0,96501.01,100439.99,3787.591176,2025-01-15
100439.99,100813.16,97340.49,99967.0,1298.21421,2025-01-16
99967.0,105805.77,99928.2,104053.89,1269.593391,2025-01-17
104053.89,104939.49,102253.56,104524.66,1125.596186,2025-01-18
104524.66,106423.8,99657.89,101324.99,6556.308389,2025-01-19
101324.99,109599.0,99561.21,102286.3,39883.444826,2025-01-20
102286.3,107253.5,100177.0,106169.2,3749.352468,2025-01-21
106169.2,106373.15,103408.7,103721.13,3220.788944,2025-01-22
103721.13,106849.28,101254.15,103914.52,14622.893131,2025-01-23
103914.52,107066.09,102775.32,104854.58,734.338039,2025-01-24
104854.58,105285.84,104106.32,104743.95,420.219137,2025-01-25
104743.95,105449.09,102526.77,102617.95,591.074543,2025-01-26
102617.95,103253.01,97809.21,102062.35,2596.025923,2025-01-27
102062.35,103723.11,100270.26,101300.0,1400.478448,2025-01-28
101300.0,104744.6,101300.0,103698.72,1838.410404,2025-01-29
103698.72,106388.89,103280.46,104715.09,802.269363,2025-01-30
104715.09,105970.82,101600.0,102407.8,1073.885701,2025-01-31
102407.8,102769.23,100300.0,100650.33,634.918798,2025-02-01
100650.33,101461.54,96165.74,97685.81,2265.183,2025-02-02
97685.81,102431.99,91279.0,101294.98,5802.577293,2025-02-03
101294.98,101673.5,96117.88,97798.01,2594.853815,2025-02-04
97798.01,99125.28,96165.0,96610.18,1257.111681,2025-02-05
96610.18,99099.67,95711.0,96555.68,1084.738306,2025-02-06
96555.68,100111.11,95660.23,96514.23,2526.745805,2025-02-07
96514.23,96875.0,95710.89,96443.34,527.288896,2025-02-08
96443.34,97325.16,94764.0,96482.0,1098.598982,2025-02-09
96482.0,98333.33,95276.93,97420.38,1057.210324,2025-02-10
97420.38,98466.99,94906.73,95769.06,996.427863,2025-02-11
95769.06,98189.2,94066.66,97843.71,2487.152019,2025-02-12
97843.71,98055.53,95232.83,96598.32,834.278761,2025-02-13
96598.32,98842.34,96278.99,97490.03,822.745347,2025-02-14
97490.03,97969.88,97241.89,97577.65,305.233309,2025-02-15
97577.65,97722.71,96078.55,96139.0,420.639405,2025-02-16
96139.0,97024.43,95229.62,95775.79,2724.441474,2025-02-17
95775.79,96733.08,93400.0,95661.29,7178.97517,2025-02-18
95661.29,96931.6,95054.68,96631.11,6720.420675,2025-02-19
96631.11,98666.67,96431.02,98297.98,7386.949509,2025-02-20
98297.98,99431.54,94900.0,96187.96,11300.844122,2025-02-21
96187.96,96997.23,95795.0,96549.01,2745.142299,2025-02-22
96549.01,96645.05,95256.51,96263.19,1834.81879,2025-02-23
96263.19,96497.23,91390.0,91575.0,7455.387256,2025-02-24
91575.0,92540.33,86068.0,88695.01,19498.685451,2025-02-25
88695.01,89422.23,82275.37,84244.12,13966.271616,2025-02-26
84244.12,87078.7,82735.56,84714.0,9637.016479,2025-02-27
84714.0,85112.27,78291.78,84333.7,19190.809781,2025-02-28
84333.7,86556.88,83839.72,86069.84,4608.595908,2025-03-01
86069.84,95000.0,85050.0,94253.69,12221.081495,2025-03-02
94253.69,94393.89,85160.0,86233.95,14401.897138,2025-03-03
86233.95,88938.62,81520.9,87278.31,16266.931933,2025-03-04
87278.31,90991.56,86362.0,90604.09,10672.778548,2025-03-05
90604.09,92794.11,87868.27,89947.99,9913.946412,2025-03-06
89947.99,91259.83,84705.0,86775.55,17625.786057,2025-03-07
86775.55,86884.55,85252.59,86225.12,3420.077711,2025-03-08
86225.12,86486.5,80002.0,80741.35,7409.634362,2025-03-09
80741.35,84062.5,77469.81,78614.07,13642.972715,2025-03-10
78614.07,83593.0,76651.0,82924.3,13447.63807,2025-03-11
82924.3,84471.01,80616.01,83656.63,10526.58154,2025-03-12
83656.63,84300.0,79980.03,81123.98,6800.049621,2025-03-13
81123.98,85280.0,80849.0,83973.59,7750.844987,2025-03-14
83973.59,84655.91,83614.0,84339.29,2370.168109,2025-03-15
84339.29,85100.0,82000.0,82573.1,5406.808326,2025-03-16
82573.1,84732.31,82453.84,84015.29,5922.492152,2025-03-17
84015.29,84015.3,81180.0,82706.24,5972.868826,2025-03-18
82706.24,86970.0,82558.25,86821.14,8164.14163,2025-03-19
86821.14,87407.31,83674.73,84208.22,7521.540189,2025-03-20
84208.22,84815.77,83166.67,84071.78,3914.280145,2025-03-21
84071.78,84512.61,83654.23,83831.9,1459.528903,2025-03-22
83831.9,86090.2,83807.0,86046.92,2599.039297,2025-03-23
86046.92,88748.95,85494.3,87491.26,7232.379414,2025-03-24
87491.26,88520.0,86306.69,87410.01,6497.738157,2025-03-25
87410.01,88255.23,85888.56,86922.87,5718.950481,2025-03-26
86922.87,87738.45,85800.01,87225.95,4791.023565,2025-03-27
87225.95,87492.96,83598.13,84420.0,7521.81969,2025-03-28
84420.0,84619.93,81650.2,82645.7,4340.954531,2025-03-29
82645.7,83542.86,81572.05,82371.95,3840.739031,2025-03-30
82371.95,83900.0,81285.0,82550.5,7187.864763,2025-03-31
82550.5,85557.18,82435.0,85150.66,6493.794005,2025-04-01
85150.66,88487.29,82342.72,82536.91,13415.140634,2025-04-02
82536.91,83947.37,81246.61,83199.7,8311.394335,2025-04-03
83199.7,84696.0,81666.99,83880.0,12430.320119,2025-04-04
83880.0,84264.12,82403.0,83525.92,3686.73658,2025-04-05
83525.92,83782.0,77188.0,78440.98,10560.367928,2025-04-06
78440.98,81219.15,74522.27,79180.18,28334.832557,2025-04-07
79180.18,80840.0,76247.01,76324.72,13970.238076,2025-04-08
76324.72,83598.24,74650.0,82587.54,26810.511283,2025-04-09
82587.54,82715.7,78470.0,79601.84,13211.535439,2025-04-10
79601.84,84280.0,78963.92,83408.03,12122.740102,2025-04-11
83408.03,85885.35,82797.82,85264.12,6738.92609,2025-04-12
85264.12,86090.51,83027.82,83759.99,8608.761647,2025-04-13
83759.99,85790.11,83691.17,84599.99,9406.972519,2025-04-14
84599.99,86458.38,83620.0,83651.32,8506.638745,2025-04-15
83651.32,85460.71,83119.68,84044.54,7100.430545,2025-04-16
84044.54,85443.52,83736.89,84938.5,5923.324911,2025-04-17
84938.5,85130.0,84294.33,84466.4,2750.282688,2025-04-18
84466.4,85628.61,84369.0,85077.01,3637.471531,2025-04-19
85077.01,85307.15,83955.0,85165.73,5353.188478,2025-04-20
85165.73,88441.12,85136.22,87500.01,11037.538784,2025-04-21
87500.01,93897.59,87078.55,93427.05,14260.092797,2025-04-22
93427.05,94615.25,91931.03,93683.73,11539.456851,2025-04-23
93683.73,93988.1,91666.67,93966.82,8060.336651,2025-04-24
93966.82,95739.13,92866.67,94639.73,9690.161315,2025-04-25
94639.73,95185.3,93886.64,94628.92,4036.138799,2025-04-26
94628.92,95317.75,93622.73,93735.65,3997.218243,2025-04-27
93735.65,95589.75,92810.83,95004.08,8851.985362,2025-04-28
95004.08,95459.37,93748.2,94255.59,7136.139045,2025-04-29
94255.59,95210.97,92929.52,94175.99,6864.881488,2025-04-30
94175.99,97425.76,94141.99,96492.77,8528.885026,2025-05-01
96492.77,97886.07,96368.23,96888.88,7189.886816,2025-05-02
96888.88,96918.01,95761.57,95857.0,3830.523642,2025-05-03
95857.0,96283.55,94177.33,94284.9,4277.334262,2025-05-04
94284.9,95178.93,93513.51,94727.41,6388.022469,2025-05-05
94727.41,96892.15,93399.12,96806.49,7492.844003,2025-05-06
96806.49,97700.0,95804.0,97010.07,7594.075,2025-05-07
97010.07,104077.0,96880.31,103252.6,15151.430545,2025-05-08
103252.6,104350.0,102319.99,102958.08,10943.788073,2025-05-09
102958.08,104988.06,102808.0,104810.76,5721.200438,2025-05-10
104810.76,104956.52,103350.0,104122.77,6921.185903,2025-05-11
104122.77,105800.0,100748.6,102810.15,12807.714521,2025-05-12
102810.15,104937.6,101409.25,104114.14,9092.986155,2025-05-13
104114.14,104325.0,102618.0,103501.0,7374.250062,2025-05-14
103501.0,104168.71,101394.16,103756.88,8592.508543,2025-05-15
103756.88,104524.19,103115.38,103453.74,6060.026458,2025-05-16
103453.74,103670.01,102610.0,103117.92,4040.028761,2025-05-17
103117.92,106627.24,103102.97,106453.0,7536.330314,2025-05-18
106453.0,107120.78,102102.75,105549.04,11435.439478,2025-05-19
105549.04,107255.0,104174.3,106829.85,11904.642045,2025-05-20
106829.85,110729.17,106072.04,109648.18,18152.252207,2025-05-21
109648.18,111958.32,109209.01,111687.0,11643.439755,2025-05-22
111687.0,111762.37,106800.0,107321.44,12184.769534,2025-05-23
107321.44,109459.9,106892.57,107762.11,5371.513842,2025-05-24
107762.11,109290.27,106595.41,109019.99,6027.796696,2025-05-25
109019.99,110399.81,108651.1,109453.53,6313.656565,2025-05-26
109453.53,110714.28,107529.48,108969.17,9893.289266,2025-05-27
108969.17,109292.63,106808.22,107798.21,6889.03093,2025-05-28
107798.21,108868.02,105341.12,105587.0,10823.497666,2025-05-29
105587.0,106298.78,103620.81,104003.19,8853.471569,2025-05-30
104003.19,104902.24,103087.0,104610.99,4451.765393,2025-05-31
104610.99,105855.62,103769.79,105650.72,3852.990066,2025-06-01
105650.72,105934.07,103667.28,105872.4,5990.827007,2025-06-02
105872.4,106726.56,104863.52,105367.02,5779.406645,2025-06-03
105367.02,105952.5,104218.47,104718.79,4857.133522,2025-06-04
104718.79,105872.37,100408.16,101524.0,9893.324606,2025-06-05
101524.0,105295.01,101119.0,104319.01,7312.369421,2025-06-06
104319.01,105884.5,103913.04,105544.02,3087.299131,2025-06-07
105544.02,106466.51,104973.01,105730.52,2696.863364,2025-06-08
105730.52,110500.0,105335.0,110238.91,7485.940571,2025-06-09
110238.91,110362.5,108365.22,110256.33,5753.165757,2025-06-10
110256.33,110369.83,108055.97,108649.01,5672.965399,2025-06-11
108649.01,108803.61,105700.6,105700.6,4700.0367958706,2025-06-12
105700.6,106161.93,102680.7,106078.72,6960.9476778209,2025-06-13
106078.72,106202.92,104345.08,105431.36,2230.4664980222,2025-06-14
105431.36,106107.42,104501.22,105600.0,2071.9559405206,2025-06-15
105600.0,108957.2,105000.0,106787.99,4398.3689003516,2025-06-16
106787.99,107727.27,103399.96,104551.02,5721.0473283192,2025-06-17
104551.02,105520.0,103518.3,104876.5,4795.1286000784,2025-06-18
104876.5,105226.06,103954.38,104642.52,2339.347179769,2025-06-19
104642.52,106492.46,102340.01,103283.28,5081.9361916596,2025-06-20
103283.28,103961.95,100875.0,102107.05,3428.5504607656,2025-06-21
102107.05,103357.35,98200.0,100974.25,9666.010907687,2025-06-22
100974.25,106057.36,99654.46,105344.01,9174.3005346188,2025-06-23
105344.01,106256.1,104642.0,106042.26,3993.3154524556,2025-06-24
106042.26,108110.62,105783.41,107313.52,4849.5367742002,2025-06-25
107313.52,108228.96,106567.74,106952.25,4403.668634881,2025-06-26
106952.25,107714.3,106360.81,107031.85,4219.9141000634,2025-06-27
107031.85,107536.89,106813.37,107275.39,1574.8008843094,2025-06-28
107275.39,108480.0,107153.31,108340.4,2459.5863181154,2025-06-29
108340.4,108764.94,106777.0,107148.3,5137.8590106272,2025-06-30
107148.3,107527.32,105259.18,105687.0,7562.3832067724,2025-07-01
105687.0,109713.54,105121.0,108848.88,9500.405832135,2025-07-02
108848.88,110509.62,108550.43,109588.03,5445.97818966826,2025-07-03
109588.03,109789.6,107253.11,107998.0,3210.04273341324,2025-07-04
107998.0,108418.61,107748.01,108196.5,755.62361983872,2025-07-05
108196.5,109675.0,107814.0,109208.0,2434.9716169256,2025-07-06
109208.0,109693.16,107528.0,108272.3,3052.7348916013,2025-07-07
108272.3,109203.12,107465.06,108923.01,2891.32740864716,2025-07-08
111240.89,116791.1,110521.74,115988.18,11457.492303591043,2025-07-10
115988.18,118823.53,115209.71,117510.13,10543.907785124196,2025-07-11
117510.13,118182.5,116920.19,117423.27,2969.796486152572,2025-07-12
117423.27,119480.0,117217.01,119066.19,3769.827073214988,2025-07-13
119066.19,123214.52,118898.0,119853.01,14637.921478299004,2025-07-14
119853.01,119937.92,115776.28,117736.76,16483.195618278107,2025-07-15
117736.76,120071.42,117008.0,118625.0,7828.534846865708,2025-07-16
118625.0,120933.22,117450.01,119181.66,9389.945471133711,2025-07-17
119181.66,120824.94,116833.0,117941.92,14563.440432767855,2025-07-18
117941.92,118481.5,117289.0,117845.15,3957.797035324386,2025-07-19
117845.15,118858.59,116478.79,117270.0,7169.612586172986,2025-07-20
117270.0,119663.9,116532.15,117386.01,9934.89198773844,2025-07-21
117386.01,120224.83,116130.0,119935.78,13712.196009501375,2025-07-22
119935.78,120094.62,117299.02,118753.72,10767.1053787346,2025-07-23
118753.72,119465.51,117110.0,118336.48,12133.833905560323,2025-07-24
118336.48,118458.64,114727.69,117599.01,23458.7387374235,2025-07-25
117599.01,118286.08,117118.95,117895.01,4802.549460846518,2025-07-26
117895.01,119770.69,117819.0,119422.05,6057.56763268628,2025-07-27
119422.05,119794.92,117407.06,118089.46,10977.061977471094,2025-07-28
118089.46,119280.0,117000.0,117935.25,12564.944013353224,2025-07-29
117935.25,118782.52,115794.25,117826.01,12013.022633809813,2025-07-30
117826.01,118911.19,115498.31,115773.97,12468.861058568613,2025-07-31
115773.97,116060.45,112751.35,113369.01,21697.52400506163,2025-08-01
113369.01,114098.77,112018.01,112576.0,6443.590557878208,2025-08-02
112576.0,114784.05,111914.0,114213.01,4594.485252371496,2025-08-03
114213.01,115729.51,114116.92,115066.02,7720.212237937958,2025-08-04
115066.02,115134.09,112666.0,114126.9,9502.776513933486,2025-08-05
114126.9,115705.6,113359.71,115008.76,7831.710289738688,2025-08-06
115008.76,117646.92,114283.0,117496.02,10181.280202810938,2025-08-07
117496.02,117655.18,115906.0,116679.98,7916.58087444025,2025-08-08
116679.98,117944.44,116362.0,116484.02,5694.830789784904,2025-08-09
116484.02,119323.5,116477.09,119299.09,10252.006033580463,2025-08-10
119299.09,122323.42,118080.56,118699.0,17453.230281877764,2025-08-11
118699.0,120326.53,118211.11,120138.74,9266.030409094998,2025-08-12
120138.74,123696.99,118934.6,123313.06,12044.32284898873,2025-08-13
123313.06,124496.45,117200.0,118299.4,15624.67856318391,2025-08-14
118299.4,119230.77,116831.64,117338.56,6320.438538003954,2025-08-15
117338.56,117894.14,117146.74,117411.01,2794.70719557592,2025-08-16
117411.01,118588.92,117200.0,117433.32,2550.38904693048,2025-08-17
117433.32,117568.26,114664.2,116249.83,7686.90544564122,2025-08-18
116249.83,116734.35,112753.0,112894.23,7998.372037904,2025-08-19
112894.23,114618.5,112367.79,114278.71,7387.3911676608,2025-08-20
114278.71,114824.44,112013.52,112511.06,5182.22019127056,2025-08-21
112511.06,117450.8,111690.22,116949.17,9921.11060520726,2025-08-22
116949.17,117040.36,114567.03,115436.36,4155.72166744992,2025-08-23
115436.36,115682.13,110680.31,113500.42,7518.55432220198,2025-08-24
113500.42,113664.78,109281.77,110119.21,12704.71400541606,2025-08-25
110119.21,112369.0,108704.76,111763.48,9129.4470378385,2025-08-26
111763.48,112628.72,110361.45,111253.54,8499.5871463078,2025-08-27
111253.54,113469.0,110860.07,112568.59,7060.98602649225,2025-08-28
112568.59,112642.29,107483.21,108375.37,10521.54180929145,2025-08-29
108375.37,108930.14,107355.13,108808.89,4270.91552264145,2025-08-30
108808.89,109487.99,108072.51,108256.73,5147.20906638335,2025-08-31
108256.73,109910.16,107254.53,109236.52,10134.6323082964,2025-09-01
109236.52,111771.43,108390.9,111256.93,11988.132035458,2025-09-02
111256.93,112582.62,110519.26,111709.28,5852.9371035542,2025-09-03
111709.28,112185.01,109346.46,110736.09,6415.69222439465,2025-09-04
110736.09,113392.46,110217.47,110676.98,11040.79792420785,2025-09-05
110676.98,111315.05,109971.4,110189.22,2676.73672770115,2025-09-06
110189.22,111609.37,110182.98,111132.77,3161.24305998755,2025-09-07
111132.77,112935.49,110618.61,112076.0,5577.05860227925,2025-09-08
112076.0,113292.0,110792.68,111541.78,6794.9407157606,2025-09-09
111541.78,114309.63,110925.01,113962.02,7766.80452914255,2025-09-10
113962.02,115481.62,113440.25,115479.12,7414.78750377455,2025-09-11
115479.12,116665.4,114750.27,116036.56,7410.9888659453,2025-09-12
116036.56,116284.78,115122.0,115920.46,3815.61899277255,2025-09-13
115920.46,116167.56,115132.91,115289.61,3934.968672326,2025-09-14
115289.61,116766.01,114371.25,115359.47,6661.2158388331,2025-09-15
115359.47,116958.42,114762.65,116798.3,6353.08970951235,2025-09-16
116798.3,117283.1,114758.0,116444.84,9521.8180729246,2025-09-17
116444.84,117907.37,116088.67,117076.26,7034.45317804125,2025-09-18
117076.26,117455.65,115095.35,115626.95,4789.41892679155,2025-09-19
115626.95,116124.23,115413.0,115676.33,2543.29979292455,2025-09-20
115676.33,115812.57,115180.68,115244.87,2936.6845524201,2025-09-21
115244.87,115379.78,111832.69,112655.18,12886.3942557812,2025-09-22
112655.18,113300.0,111468.09,112009.5,5973.5972857219,2025-09-23
112009.5,113940.0,111051.88,113308.74,6368.45725795935,2025-09-24
113308.74,113507.04,108640.51,109012.65,13849.88948378423,2025-09-25
109012.65,110305.14,108619.17,109645.68,9757.47162875606,2025-09-26
109645.68,109742.3,109072.19,109628.83,3088.42776136626,2025-09-27
109628.83,112344.48,109200.0,112168.35,4745.9433140334,2025-09-28
112168.35,114408.7,111554.37,114304.79,7818.96233998044,2025-09-29
114304.79,114781.8,112663.02,114042.01,8821.99692844066,2025-09-30
114042.01,118657.67,113959.01,118598.52,9645.60086472812,2025-10-01
118598.52,121017.54,118276.0,120540.27,11128.32047198638,2025-10-02
120540.27,123888.87,119232.78,122243.01,13016.20157899336,2025-10-03
122243.01,122809.24,121519.28,122408.08,4450.45558333278,2025-10-04
122408.08,125728.35,122145.0,123478.96,12417.97253735696,2025-10-05
123478.96,126200.0,123080.21,124670.54,11172.69149800076,2025-10-06
124670.54,125131.57,120608.7,121338.02,14304.73915670458,2025-10-07
121338.02,124192.5,121076.39,123309.42,9390.72558077746,2025-10-08
123309.42,123749.99,119666.67,121643.02,10888.09383696392,2025-10-09
121643.02,122533.86,102173.61,112819.0,33327.57568898896,2025-10-10
112819.0,113333.17,109570.07,110638.0,17179.32631964864,2025-10-11
110638.0,115769.99,109582.0,114961.08,16140.1189849986,2025-10-12
114961.08,115985.92,113600.33,115185.09,12060.98253010344,2025-10-13
115185.09,115429.25,109865.58,113042.12,17643.45777910938,2025-10-14
113042.12,113613.18,110162.04,110758.88,9238.2646801623,2025-10-15
110758.88,111992.27,107428.57,108183.16,16594.37482726672,2025-10-16
108183.16,109233.96,103531.72,106422.16,13653.7631627734,2025-10-17
106422.16,107508.37,106309.91,107180.37,3291.7424985,2025-10-18
107180.37,109440.67,106121.6,108652.56,3718.1266725,2025-10-19
108652.56,111723.02,107423.0,110533.12,3106.252636,2025-10-20
110533.12,113994.97,107475.06,108304.04,7620.705963,2025-10-21
108304.04,109159.21,106707.4,107576.01,4745.016379,2025-10-22
107576.01,111294.3,107507.0,110069.78,2857.739836,2025-10-23
110069.78,112119.61,109666.69,111016.94,3229.345316,2025-10-24
111016.94,111948.76,110673.0,111655.62,855.518916,2025-10-25
111655.62,115490.0,111268.52,114557.63,2415.534598,2025-10-26
114557.63,116400.0,113835.36,114114.98,2468.78767,2025-10-27
114114.98,116089.5,112212.0,112896.38,2889.586804,2025-10-28
112896.38,113639.25,109264.37,110028.37,3430.810921,2025-10-29
110028.37,111595.75,106294.12,108312.59,3884.686331,2025-10-30
108312.59,111158.52,108265.02,109611.22,3263.888787,2025-10-31
109611.22,110562.34,109392.0,110092.04,2289.788087,2025-11-01
110092.04,111240.61,109481.5,110552.0,2936.447922,2025-11-02
110552.0,110760.8,105317.28,106583.03,5272.060749,2025-11-03
106583.03,107291.8,98964.51,101476.39,8585.231746,2025-11-04
101476.39,104534.75,98965.01,103890.76,6150.8956,2025-11-05
103890.76,104194.11,100302.31,101345.07,4894.961735,2025-11-06
101345.07,104082.92,99250.0,103338.95,5468.207114,2025-11-07
103338.95,103407.61,101460.0,102313.92,2566.261463,2025-11-08
102313.92,105496.45,101400.67,104729.26,4145.207285,2025-11-09
104729.26,106683.22,104274.19,106009.5,4268.279154,2025-11-10
106009.5,107512.56,102500.0,103058.62,5697.126729,2025-11-11
103058.62,105326.91,100811.06,101651.01,3750.210244,2025-11-12
101651.01,104054.05,98000.0,99688.0,6329.005932,2025-11-13
99688.0,99864.86,94003.5,94592.0,7962.304446,2025-11-14
94592.0,96820.29,94572.28,95599.15,4127.918238,2025-11-15
95599.15,96632.4,92976.7,94253.0,6248.018358,2025-11-16
94253.0,96060.2,91301.54,92207.93,6958.563682,2025-11-17
92207.93,93823.85,89296.84,92962.77,10651.208447,2025-11-18
92962.77,92984.94,88611.72,91551.14,7760.098076,2025-11-19
91551.14,93166.67,86115.19,86636.99,8126.468707,2025-11-20
86636.99,87490.0,80650.0,85130.85,14689.852852,2025-11-21
85130.85,85621.49,83500.38,84736.12,5498.108016,2025-11-22
84736.12,88126.87,84673.02,86837.14,6293.369832,2025-11-23
86837.14,89212.7,85275.01,88283.43,8893.315575,2025-11-24
88283.43,88507.45,86111.12,87365.51,7498.647664,2025-11-25
87365.51,90655.1,86306.69,90482.01,5088.443397,2025-11-26
90482.01,91926.09,90086.79,91332.39,4683.122364,2025-11-27
91332.39,93079.6,90199.68,90888.31,5609.296626,2025-11-28
90888.31,91180.0,90162.51,90804.89,2348.656955,2025-11-29
90804.89,91960.0,90339.3,90362.15,2774.715496,2025-11-30
90362.15,90418.21,83825.0,86274.0,7303.490333,2025-12-01
86274.0,92300.0,86179.62,91276.76,7301.973026,2025-12-02
91276.76,94197.1,90995.35,93438.15,8087.770734,2025-12-03
93438.15,94070.89,90879.12,92070.0,6162.888319,2025-12-04
92070.0,92689.9,88067.4,89327.0,5441.740743,2025-12-05
89327.0,90273.97,88910.08,89230.0,3401.845747,2025-12-06
89230.0,91761.9,87729.3,90392.5,4177.527216,2025-12-07
90392.5,92282.54,89615.39,90635.5,5347.81525,2025-12-08
90635.5,94572.14,89511.11,92683.0,4902.098284,2025-12-09
92683.0,94475.75,91559.93,92016.36,5673.412973,2025-12-10
92016.36,93565.06,89265.0,92508.57,6417.557487,2025-12-11
92508.57,92753.54,89486.0,90268.06,5594.676475,2025-12-12
90268.06,90633.93,89770.04,90243.0,2973.921882,2025-12-13
90243.0,90476.42,87579.79,88164.94,6440.159494,2025-12-14
88164.94,90039.01,85147.8,86433.8,5507.812163,2025-12-15
86433.8,88170.0,85259.73,87859.18,4673.84258,2025-12-16
87859.18,90353.48,85319.25,86241.68,4085.874449,2025-12-17
86241.68,89471.1,84456.37,85511.0,4566.281073,2025-12-18
85511.0,89397.06,85111.0,88134.32,4434.111784,2025-12-19
88134.32,88574.38,87810.78,88362.51,1421.806932,2025-12-20
88362.51,89074.55,87591.05,88641.48,1855.866432,2025-12-21
88641.48,90586.53,87871.95,88619.99,4661.763001,2025-12-22
88619.99,88935.04,86583.01,87490.0,7122.642774,2025-12-23
87490.0,88051.07,86420.01,87666.03,7162.506675,2025-12-24
87666.03,88598.72,86960.01,87230.01,4862.489317,2025-12-25
87230.01,89556.59,86666.77,87366.09,4705.41291,2025-12-26
87366.09,87982.27,87250.01,87873.98,2460.046202,2025-12-27
87873.98,88096.36,87432.14,87952.03,2671.552718,2025-12-28
87952.03,90385.84,86805.18,87243.0,6414.143873,2025-12-29
87243.0,89392.91,86836.75,88491.9,6658.488951,2025-12-30
88491.9,89217.36,87260.13,87646.31,4107.111934,2025-12-31
87646.31,88915.44,87554.15,88834.34,2049.517639,2026-01-01
88834.34,90958.55,88376.94,89987.72,4597.293223,2026-01-02
89987.72,90740.0,89300.01,90630.25,2704.416176,2026-01-03
90630.25,91811.96,90630.24,91530.78,3282.90936,2026-01-04
91530.78,94788.61,91520.01,93860.89,5679.088935,2026-01-05
93860.89,94446.18,91278.12,93759.27,5149.148568,2026-01-06
93759.27,93759.28,90681.01,91375.42,4076.045322,2026-01-07
91375.42,91689.19,89314.11,91096.1,5065.404376,2026-01-08
91096.1,92023.6,89696.01,90634.14,5115.553193,2026-01-09
90634.14,90835.61,90400.0,90511.28,1976.531149,2026-01-10
90511.28,91285.71,90235.3,91013.18,3170.294142,2026-01-11
91013.18,92523.69,90133.92,91296.15,5491.946117,2026-01-12
91296.15,96447.63,91045.97,95396.16,8149.50098,2026-01-13
95396.16,97928.81,94523.81,96943.62,6759.591831,2026-01-14
96943.62,97198.57,95144.0,95611.37,5213.10102,2026-01-15
95611.37,95861.79,94292.0,95552.08,4185.878794,2026-01-16
95552.08,95658.94,95026.0,95150.92,1868.060095,2026-01-17
95150.92,95535.0,93608.0,93668.68,2829.041388,2026-01-18
93668.68,93670.0,91895.87,92626.76,5940.288489,2026-01-19
92626.76,92874.27,87852.9,88435.63,6457.855159,2026-01-20
88435.63,90587.0,87260.75,89451.98,8115.537452,2026-01-21
89451.98,90359.55,88515.01,89549.99,5989.643396,2026-01-22
89549.99,91216.08,88560.72,89594.02,4985.92238,2026-01-23
89594.02,89930.0,89160.59,89230.38,1052.589084,2026-01-24
89230.38,89323.08,86077.01,86669.69,6474.678445,2026-01-25
86669.69,88857.14,86510.43,88345.01,5646.075067,2026-01-26
88345.01,89520.0,87300.13,89242.38,9742.014102,2026-01-27
89242.38,90607.64,88830.17,89299.03,12517.128596,2026-01-28
89299.03,89350.0,83378.6,84660.61,7161.678949,2026-01-29
84660.61,84741.78,81110.0,84255.0,11513.729248,2026-01-30
84255.0,84270.71,75755.0,78735.47,16320.888933,2026-01-31
78735.47,79426.8,75705.0,76962.14,10820.386937,2026-02-01
76962.14,79334.99,74605.01,78733.66,12465.988304,2026-02-02
78733.66,79189.37,72943.85,75766.5,12318.365173,2026-02-03
75766.5,76969.99,71873.19,73171.01,11154.641364,2026-02-04
73171.01,73340.43,62288.97,62906.2,20409.330314,2026-02-05
62906.2,71742.41,60000.0,70572.3,19867.621109,2026-02-06
70572.3,71685.29,67333.34,69284.94,10927.874646,2026-02-07
69284.94,72291.17,68885.0,70326.0,6342.021959,2026-02-08
70326.0,71434.17,68300.01,70139.68,8633.205408,2026-02-09
70139.68,70526.54,67910.57,68849.26,8121.052386,2026-02-10
68849.26,69299.99,65751.09,67072.95,12012.99718,2026-02-11
67072.95,68420.0,65116.28,66280.93,5948.831922,2026-02-12
66280.93,69484.77,65872.01,68850.3,9479.618964,2026-02-13
68850.3,70574.24,68731.0,69833.5,3653.501323,2026-02-14
69833.5,70981.82,68095.25,68844.43,5184.2568,2026-02-15
68844.43,70133.09,67301.49,68898.92,6030.23581,2026-02-16
68898.92,69254.83,66627.81,67500.31,7190.05719,2026-02-17
67500.31,68473.48,65866.68,66475.69,4731.685601,2026-02-18
66475.69,67341.13,65637.55,66992.84,4002.995797,2026-02-19
66992.84,68311.67,66456.57,68017.37,8247.620464,2026-02-20
68017.37,68698.79,67533.5,67975.0,3803.712917,2026-02-21
67975.0,68250.0,67195.6,67644.98,3128.627598,2026-02-22
67644.98,67686.72,63891.0,64661.34,6592.11231,2026-02-23
64661.34,65014.0,62503.45,64048.77,6687.670249,2026-02-24
64048.77,70011.33,63909.67,67988.5,11140.034366,2026-02-25
67988.5,68852.73,66501.17,67482.68,7457.249115,2026-02-26
67482.68,68215.8,64915.67,65873.33,4991.29181,2026-02-27
65873.33,67755.67,63016.78,66962.0,5546.500977,2026-02-28
66962.0,68192.49,65043.6,65779.35,5728.94458,2026-03-01
65779.35,70100.0,65262.0,68832.56,5858.601013,2026-03-02
68832.56,69259.6,66149.27,68325.25,5449.003204,2026-03-03
68325.25,74053.28,67387.11,72667.3,6486.46522,2026-03-04
72667.3,73555.55,70645.01,70882.97,4396.824879,2026-03-05
70882.97,71416.67,67750.0,68114.0,3741.050929,2026-03-06
68114.0,68550.91,66935.28,67271.41,2782.357004,2026-03-07
67271.41,68208.52,65620.01,65979.52,5162.832445,2026-03-08
65979.52,69519.77,65824.59,68435.62,5415.459776,2026-03-09
68435.62,71775.0,68385.0,69942.36,5584.542703,2026-03-10
69942.36,71313.42,68975.01,70174.58,3946.445336,2026-03-11
70174.58,70789.3,69197.15,70507.25,3512.027793,2026-03-12
70507.25,73899.99,70371.0,70930.41,4175.673899,2026-03-13
70930.41,71306.82,70316.63,71215.69,1933.947824,2026-03-14
71215.69,73199.86,70860.41,72810.67,2259.8847,2026-03-15
72810.67,74903.85,72269.75,74872.17,3328.466922,2026-03-16
74872.17,76012.48,73389.01,73903.95,3044.084755,2026-03-17
73903.95,74671.08,70486.26,71246.5,3123.61031,2026-03-18
71246.5,71614.96,68787.48,69927.76,2761.823754,2026-03-19
69927.76,71359.9,69382.12,70501.0,1991.41909,2026-03-20
70501.0,71102.99,68555.64,68923.41,731.057606,2026-03-21
68923.41,69586.47,67342.87,67865.0,1841.865391,2026-03-22
67865.0,71809.12,67442.61,70901.26,2804.208625,2026-03-23
70901.26,71397.28,68913.3,70549.42,3546.430174,2026-03-24
70549.42,72020.41,70400.01,71338.57,2127.984546,2026-03-25
71338.57,71446.2,68152.0,68821.37,2280.581873,2026-03-26
68821.37,69177.63,65558.77,66408.78,2256.764011,2026-03-27
66408.78,67288.46,65928.57,66367.0,1516.193495,2026-03-28
66367.0,67131.22,64972.98,66009.27,1767.192273,2026-03-29
66009.27,68163.0,65794.7,66800.63,2679.887967,2026-03-30
66800.63,68600.0,65972.41,68270.86,2890.312473,2026-03-31
68270.86,69313.63,67577.56,68119.14,2621.966422,2026-04-01
68119.14,68661.26,65715.46,66907.6,1963.719225,2026-04-02
66907.6,67408.51,66283.0,66960.56,1086.147176,2026-04-03
66960.56,67554.8,66770.8,67298.95,1193.272684,2026-04-04
67298.95,69135.0,66607.53,69031.52,1241.745935,2026-04-05
69031.52,70343.66,68303.63,68848.0,1926.513864,2026-04-06
68848.0,72772.57,67729.71,71924.0,3345.126896,2026-04-07
71924.0,72855.74,70703.83,71067.07,3983.687161,2026-04-08
71067.07,73150.0,70466.13,71787.76,3202.924147,2026-04-09
71787.76,73450.0,71425.01,72956.51,2727.156992,2026-04-10
72956.51,73804.83,72514.84,73052.64,1297.321455,2026-04-11
73052.64,73138.55,70506.4,70745.13,2240.981099,2026-04-12
70745.13,74894.37,70572.0,74416.61,4129.719857,2026-04-13
74416.61,76032.88,73804.63,74142.11,4963.885061,2026-04-14
74142.11,75431.86,73488.59,74812.77,2636.242727,2026-04-15
74812.77,75535.65,73285.0,75145.94,2609.372819,2026-04-16
75145.94,78348.4,74531.28,77070.01,4859.735935,2026-04-17
77070.01,77418.6,75430.52,75695.0,2888.494949,2026-04-18
75695.0,76243.47,73742.67,73803.42,2590.84354,2026-04-19
73803.42,76573.89,73717.98,75841.0,2958.858467,2026-04-20
75841.0,76914.28,74820.01,76328.93,3552.136264,2026-04-21
76328.93,79467.86,76127.01,78182.69,4511.461558,2026-04-22
78182.69,78665.46,76954.99,78253.01,4710.775594,2026-04-23
78253.01,78577.78,77248.4,77443.95,2602.401364,2026-04-24
77443.95,77886.74,77140.01,77622.69,1022.444162,2026-04-25
77622.69,78940.0,77327.0,78657.51,2157.780945,2026-04-26
78657.51,79499.55,76457.33,77372.96,4220.555651,2026-04-27
77372.96,77484.32,75678.49,76341.9,2680.9144,2026-04-28
76341.9,77904.15,74942.08,75792.52,4174.022516,2026-04-29
75792.52,76666.67,75317.95,76348.5,4253.124964,2026-04-30
76348.5,78910.0,76310.01,78229.95,3040.113574,2026-05-01
78229.95,79198.15,78033.06,78690.0,3269.498812,2026-05-02
78690.0,79449.25,78071.06,78564.16,1789.241207,2026-05-03
78564.16,80776.46,78200.0,79860.0,4380.869456,2026-05-04
79860.0,81793.0,79805.0,80910.56,3672.684837,2026-05-05
80910.56,82849.99,80715.8,81441.62,3251.489838,2026-05-06
81441.62,81717.32,79491.96,80012.35,3846.156536,2026-05-07
80012.35,80515.45,79180.0,80191.33,2937.239087,2026-05-08
80191.33,81075.0,80124.81,80672.82,1621.08465,2026-05-09
80672.82,82480.68,80270.0,82213.05,2872.812207,2026-05-10
82213.05,82380.0,80454.55,81740.01,4180.484872,2026-05-11
81740.01,81789.99,79842.0,80502.45,4181.612548,2026-05-12
80502.45,81320.0,78766.71,79318.0,3700.738009,2026-05-13
79318.0,82039.99,78916.68,81095.91,3615.52301,2026-05-14
81095.91,81666.67,78650.01,79111.99,3477.121221,2026-05-15
79111.99,79230.0,77649.58,78143.45,2608.886243,2026-05-16
78143.45,78601.89,76720.12,77464.02,3348.352959,2026-05-17
77464.02,77795.14,76052.71,76991.99,7193.134352,2026-05-18
76991.99,77409.99,76146.74,76835.02,7510.165945,2026-05-19
76835.02,77857.14,76510.01,77546.88,4977.291255,2026-05-20
77546.88,78200.0,76722.03,77615.07,4630.948569,2026-05-21
77615.07,77899.0,75350.75,75543.49,5062.789844,2026-05-22
75543.49,77428.57,74267.76,76742.37,6421.22421,2026-05-23
76742.37,77531.57,76100.01,77065.76,4969.739298,2026-05-24
77065.76,77902.94,76910.53,77320.0,4439.622422,2026-05-25
77320.0,78079.98,75673.08,75930.18,7061.085078,2026-05-26
75930.18,76177.37,74240.86,74447.2,6755.342196,2026-05-27
74447.2,74590.0,72584.26,73621.0,5499.753868,2026-05-28
73621.0,74325.7,72513.15,73466.16,5536.099891,2026-05-29
73466.16,74141.59,73201.67,73887.32,2011.794727,2026-05-30
73887.32,74278.14,73396.55,73678.3,2816.689247,2026-05-31
73678.3,74092.02,70681.87,71412.0,7250.488079,2026-06-01
71412.0,71414.68,66186.8,66758.33,9599.938139,2026-06-02
66758.33,67513.15,64090.0,64146.36,8640.688646,2026-06-03
64146.36,64764.53,61366.97,63883.9,12874.960046,2026-06-04
63883.9,63980.95,59128.0,61056.01,14567.250072,2026-06-05
61056.01,61529.89,59480.0,60885.97,5346.112767,2026-06-06
60885.97,64268.0,60745.0,63330.01,5902.100915,2026-06-07
63330.01,64215.0,62403.35,63083.42,6814.711539,2026-06-08
63083.42,63523.07,60771.3,61720.0,6066.370477,2026-06-09
61720.0,62860.0,60727.6,61512.4,5014.210004,2026-06-10
61512.4,63936.67,61512.4,63627.73,5370.84079,2026-06-11
63627.73,64394.0,62840.2,63575.0,4221.028537,2026-06-12
63575.0,64775.1,63414.38,64457.06,2637.884475,2026-06-13
64457.06,65804.99,63680.25,65744.17,3490.178133,2026-06-14
65744.17,67299.27,65355.12,66321.81,5317.52683,2026-06-15
66321.81,66989.99,65360.0,65674.71,4304.575301,2026-06-16
65674.71,66443.09,63913.0,64505.82,5559.56767,2026-06-17
64505.82,64809.99,62265.56,62957.21,4850.17177,2026-06-18
62957.21,63670.27,62312.93,63541.15,3347.751761,2026-06-19
63541.15,64389.68,63184.79,64296.6,2711.519772,2026-06-20
64296.6,64590.0,63267.06,63313.8,2483.515559,2026-06-21
63313.8,65624.55,63313.8,64021.44,4427.633123,2026-06-22
64021.44,64275.99,61937.03,62729.21,4379.094289,2026-06-23
62729.21,63407.88,59105.71,61079.45,9401.421001,2026-06-24
61079.45,61962.5,58100.0,59796.82,8180.085955,2026-06-25
59796.82,60762.91,58334.36,60102.18,7400.648644,2026-06-26
60102.18,60942.36,59854.02,60031.48,3839.871435,2026-06-27
60031.48,60552.67,58893.0,59577.71,4453.899613,2026-06-28
59577.71,60787.88,58893.01,60258.1,7717.980502,2026-06-29
60258.1,60279.99,58196.0,58633.0,3959.755245,2026-06-30
58633.0,61340.0,57802.74,60023.77,3782.683615,2026-07-01
60023.77,62199.21,59587.92,61558.32,4002.652174,2026-07-02
61558.32,62961.32,61242.98,62581.26,2543.183173,2026-07-03
62581.26,63461.14,62334.58,63145.07,1885.922369,2026-07-04
63145.07,63998.73,62435.01,63647.6,1615.567852,2026-07-05
63647.6,64710.0,61315.0,64039.95,3767.943996,2026-07-06
64039.95,64311.79,62670.59,63364.99,2804.138511,2026-07-07
63364.99,63759.99,61543.32,62285.94,2712.939037,2026-07-08
62285.94,63498.52,61697.63,63228.0,3165.909911,2026-07-09
63228.0,64698.88,62918.76,64160.01,2247.507313,2026-07-10
64160.01,64514.99,63820.97,63820.97,1111.397418,2026-07-11
63820.97,64299.99,63638.34,63781.14,1403.907618,2026-07-12
63781.14,64429.63,61825.77,62335.0,3420.044558,2026-07-13
62335.0,65105.86,62275.0,65035.0,3601.293589,2026-07-14
65035.0,65600.77,64485.0,64756.58,2834.467315,2026-07-15
64756.58,65002.39,63741.79,63831.67,2463.448162,2026-07-16
63831.67,64385.0,62535.4,63934.01,2358.946517,2026-07-17
63934.01,64874.24,63890.0,64830.01,968.930371,2026-07-18
64830.01,64965.98,64280.0,64730.0,831.277625,2026-07-19
64730.0,65793.34,63764.01,65259.33,2554.582818,2026-07-20
65259.33,66954.78,65150.01,66550.66,2841.496271,2026-07-21
66550.66,66739.0,65550.01,66110.0,1749.839915,2026-07-22
66110.0,66311.17,64647.43,65097.2,1765.028366,2026-07-23
65097.2,65805.61,63732.0,64142.93,2401.227194,2026-07-24
64142.93,64445.98,63808.21,64372.86,931.632087,2026-07-25
64372.86,65577.65,64294.67,65397.11,1031.266525,2026-07-26
65397.11,65740.61,63605.44,63760.44,4033.405631,2026-07-27
63760.44,64105.26,62726.67,63926.48,5261.93147,2026-07-28
63926.48,64739.38,63259.61,63983.14,3955.654738,2026-07-29
63983.14,65173.16,63603.08,64778.88,3209.20774,2026-07-30
64778.88,65408.68,62460.01,62885.72,3588.927999,2026-07-31
62885.72,63155.0,62270.0,62822.92,1248.402897,2026-08-01
62822.92,63792.78,62811.0,63570.0,1414.280405,2026-08-02
63570.0,64079.77,62300.44,63525.74,2127.587295,2026-08-03
63525.74,64537.97,63323.16,64105.88,1866.368021,2026-08-04
64105.88,65025.0,63880.77,64658.38,1865.24212,2026-08-05
64658.38,64995.58,64172.01,64324.28,1332.638925,2026-08-06
64324.28,65380.84,64157.04,64920.0,1682.346564,2026-08-07
64920.0,65190.39,64820.0,64956.01,597.458516,2026-08-08
64956.01,65487.59,64730.0,64898.06,708.297935,2026-08-09
64898.06,65390.0,63818.29,63976.0,1333.356529,2026-08-10
63976.0,64493.51,63235.29,63597.0,1382.991064,2026-08-11
63597.0,64481.09,63306.48,63488.34,1656.803812,2026-08-12
63488.34,64007.43,62841.98,63484.99,1864.467654,2026-08-13
63484.99,63619.99,62536.75,63042.02,1646.189314,2026-08-14
63042.02,63187.51,62916.39,63082.74,729.501306,2026-08-15
63082.74,63389.0,62715.0,62901.75,667.23896,2026-08-16
62901.75,64615.0,62753.52,64528.55,2156.753945,2026-08-17
64528.55,65054.48,64041.93,64727.15,1895.583137,2026-08-18
64727.15,70024.06,64170.0,69341.05,5898.547641,2026-08-19
69341.05,73400.0,68910.0,73023.28,6671.528137,2026-08-20
73023.28,79506.6,73020.83,78341.4,7405.803128,2026-08-21
78341.4,78830.39,76508.39,77080.01,4814.188462,2026-08-22
77080.01,78059.38,75568.0,77730.0,3188.871834,2026-08-23
77730.0,80013.64,76670.1,78991.22,6077.200935,2026-08-24
78991.22,81283.62,77867.79,78531.84,7322.591617,2026-08-25
78531.84,79239.99,77633.8,79023.47,3434.898105,2026-08-26
79023.47,80850.0,78553.14,80247.14,3382.052701,2026-08-27
80247.14,81450.0,76885.01,77843.97,5291.40908,2026-08-28
77843.97,78333.33,77385.0,78235.01,1340.025557,2026-08-29
78235.01,79402.77,76989.66,77681.0,2021.922948,2026-08-30
77681.0,79250.25,77386.73,78582.31,2892.005557,2026-08-31
78582.31,79220.0,76420.05,77440.0,3379.932785,2026-09-01
77440.0,77793.73,76270.53,76535.0,1431.309165,2026-09-02
