open,high,low,close,volume,date
0.273541,0.280907,0.225055,0.251354,525225.585,2021-04-25
0.251529,0.279907,0.247259,0.270829,610309.8102,2021-04-26
0.270964,0.27911,0.264808,0.272149,524642.2283,2021-04-27
0.272232,0.345029,0.2564,0.323203,1009584.5769,2021-04-28
0.323293,0.32415,0.296865,0.305009,606113.7332,2021-04-29
0.304996,0.339408,0.302854,0.337743,336520.8914,2021-04-30
0.337575,0.397049,0.328214,0.391319,673367.0183,2021-05-01
0.390773,0.39996,0.36214,0.377425,426560.2988,2021-05-02
0.375611,0.444912,0.375371,0.44275,298584.9957,2021-05-03
0.44271,0.60607,0.400261,0.53379,1104059.8761,2021-05-04
0.54072,0.69394,0.53513,0.65875,1264640.0597,2021-05-05
0.65508,0.66245,0.54012,0.58091,1290083.1648,2021-05-06
0.58096,0.73257,0.51743,0.68776,876522.0276,2021-05-07
0.69006,0.740044,0.600111,0.635954,827833.3923,2021-05-08
0.636885,0.700505,0.421103,0.570405,1290900.0279,2021-05-09
0.570777,0.571393,0.420021,0.450298,1315811.5036,2021-05-10
0.450257,0.547627,0.442821,0.494327,949294.8288,2021-05-11
0.494384,0.521344,0.381283,0.391794,1074492.486,2021-05-12
0.390344,0.51876,0.3523,0.488674,1195064.3089,2021-05-13
0.489372,0.589972,0.464612,0.559537,953863.8702,2021-05-14
0.559187,0.564346,0.490537,0.509056,688102.3704,2021-05-15
0.508373,0.54954,0.450047,0.512986,886264.4792,2021-05-16
0.513422,0.516569,0.455402,0.487234,922607.1689,2021-05-17
0.487696,0.515173,0.46837,0.475234,704122.1584,2021-05-18
0.476067,0.479855,0.214221,0.328399,1184376.0939,2021-05-19
0.329192,0.434838,0.295501,0.396971,1374916.5558,2021-05-20
0.398367,0.412222,0.313325,0.358259,910433.6301,2021-05-21
0.357939,0.362982,0.316432,0.342355,845899.1808,2021-05-22
0.341607,0.351162,0.248226,0.30553,853614.6219,2021-05-23
0.306022,0.373907,0.294758,0.366432,1072696.0686,2021-05-24
0.365217,0.380551,0.322167,0.345595,1111544.9551,2021-05-25
0.345482,0.367038,0.337027,0.352545,787679.7274,2021-05-26
0.352498,0.353464,0.326445,0.333673,476331.3984,2021-05-27
0.29941,0.314958,0.296031,0.314262,977921.5686,2021-09-05
0.314186,0.31946,0.299617,0.30899,955184.2392,2021-09-06
0.30899,0.311611,0.214611,0.255277,1300242.9894,2021-09-07
0.255277,0.263363,0.233822,0.256278,914670.4589,2021-09-08
0.256278,0.259758,0.248731,0.252576,661507.6121,2021-09-09
0.252576,0.262025,0.235358,0.23938,697800.7902,2021-09-10
0.23938,0.248251,0.237742,0.24091,817846.965,2021-09-11
0.24091,0.254985,0.238507,0.250577,629626.6937,2021-09-12
0.250577,0.252534,0.228263,0.235734,813343.7889,2021-09-13
0.235734,0.241753,0.233945,0.24055,754052.2263,2021-09-14
0.24055,0.24853,0.238789,0.247328,662960.4927,2021-09-15
0.247328,0.248194,0.233247,0.242298,962803.3857,2021-09-16
0.242298,0.259708,0.23752,0.239699,848034.551,2021-09-17
0.239699,0.247643,0.237715,0.24168,602161.1565,2021-09-18
0.24168,0.241725,0.23071,0.232909,793422.2005,2021-09-19
0.232909,0.233601,0.199067,0.208763,1239349.2539,2021-09-20
0.208763,0.218657,0.197517,0.200823,1362202.147,2021-09-21
0.200823,0.230298,0.199697,0.224567,728438.1253,2021-09-22
0.224567,0.227358,0.217431,0.224555,897720.473,2021-09-23
0.224555,0.228473,0.196746,0.208996,969157.0288,2021-09-24
0.208996,0.212763,0.204196,0.208263,601449.8984,2021-09-25
0.208263,0.209111,0.193995,0.204822,915157.7024,2021-09-26
0.204822,0.209581,0.199432,0.199761,604668.4815,2021-09-27
0.199761,0.202851,0.195981,0.196418,960995.8105,2021-09-28
0.196418,0.204404,0.194499,0.198767,854165.5299,2021-09-29
0.198767,0.20605,0.197396,0.204544,569865.0936,2021-09-30
0.204544,0.225088,0.201617,0.222692,1018167.7913,2021-10-01
0.222692,0.225015,0.214979,0.218755,932736.9234,2021-10-02
0.218755,0.226171,0.215441,0.221681,777889.7642,2021-10-03
0.221681,0.24869,0.212761,0.241324,879687.4654,2021-10-04
0.241324,0.267799,0.232675,0.251772,1169504.6825,2021-10-05
0.251772,0.271636,0.242192,0.254033,1448812.5777,2021-10-06
0.254033,0.25693,0.236242,0.242949,856252.3615,2021-10-07
0.242949,0.25506,0.241286,0.243618,1035222.5202,2021-10-08
0.243618,0.252,0.241183,0.246358,726820.6879,2021-10-09
0.246358,0.248916,0.226953,0.22895,1028287.6756,2021-10-10
0.22895,0.239586,0.224998,0.231364,1211503.1694,2021-10-11
0.231364,0.23189,0.216211,0.226059,1245501.9983,2021-10-12
0.226059,0.234237,0.220443,0.232344,1161482.133,2021-10-13
0.232344,0.240427,0.231072,0.232875,1328495.4311,2021-10-14
0.232875,0.243772,0.22466,0.23415,725765.1123,2021-10-15
0.23415,0.245073,0.233557,0.237368,851593.2011,2021-10-16
0.237368,0.242137,0.225856,0.23748,856732.6748,2021-10-17
0.23748,0.272358,0.236814,0.246986,1884897.0004,2021-10-18
0.246986,0.255119,0.240016,0.245413,1554353.5142,2021-10-19
0.245413,0.2618,0.2418,0.254419,1067473.2744,2021-10-20
0.254419,0.258336,0.240911,0.24231,1290696.5034,2021-10-21
0.24231,0.252983,0.235379,0.244326,1057158.1409,2021-10-22
0.244326,0.253935,0.241311,0.250898,835012.0682,2021-10-23
0.250898,0.282678,0.245541,0.275908,1659063.7658,2021-10-24
0.275908,0.280343,0.258773,0.264951,1566988.7327,2021-10-25
0.264951,0.274428,0.252425,0.255931,1173820.8169,2021-10-26
0.255931,0.263846,0.218854,0.238064,1436577.3581,2021-10-27
0.238064,0.339962,0.232153,0.299267,2673864.7277,2021-10-28
0.299267,0.306837,0.276011,0.28782,1422545.3498,2021-10-29
0.28782,0.295016,0.257798,0.26915,1102683.0514,2021-10-30
0.26915,0.28461,0.252001,0.279551,1050205.9969,2021-10-31
0.279551,0.286292,0.263512,0.2719,547830.0835,2021-11-01
0.2719,0.280935,0.266865,0.274103,579245.0699,2021-11-02
0.274103,0.277694,0.262371,0.269036,992855.4319,2021-11-03
0.269036,0.271111,0.253756,0.263542,975773.6165,2021-11-04
0.263542,0.270823,0.256699,0.260687,760732.9873,2021-11-05
0.260687,0.267728,0.250057,0.26201,801080.5035,2021-11-06
0.26201,0.269966,0.258257,0.266289,666766.3477,2021-11-07
0.266289,0.297072,0.264159,0.282329,1432790.4098,2021-11-08
0.282329,0.289996,0.271215,0.273733,1413330.9786,2021-11-09
0.273733,0.277331,0.236574,0.255656,1028474.4145,2021-11-10
0.255656,0.27122,0.253304,0.260584,636107.783,2021-11-11
0.260584,0.268556,0.248802,0.259405,917072.3022,2021-11-12
0.259405,0.262285,0.254323,0.26124,925931.8776,2021-11-13
0.26124,0.271638,0.260008,0.262789,638465.4687,2021-11-14
0.262789,0.265189,0.255463,0.256779,635657.1857,2021-11-15
0.256779,0.25685,0.224176,0.236942,1129682.8903,2021-11-16
0.236942,0.241276,0.230042,0.237766,855987.0336,2021-11-17
0.237766,0.241502,0.215759,0.221623,1045918.5371,2021-11-18
0.221623,0.237066,0.216628,0.233177,954001.6179,2021-11-19
0.233177,0.235992,0.225415,0.233383,756133.3888,2021-11-20
0.233383,0.233625,0.225552,0.225902,744847.6519,2021-11-21
0.225902,0.227309,0.216822,0.219728,689206.6962,2021-11-22
0.219728,0.236744,0.213834,0.226999,822464.7688,2021-11-23
0.226999,0.230664,0.211613,0.217351,871951.6303,2021-11-24
0.217351,0.229389,0.214485,0.221369,765148.476,2021-11-25
0.221369,0.222077,0.190657,0.201948,1033175.0765,2021-11-26
0.201948,0.209486,0.201232,0.205109,867629.1865,2021-11-27
0.205109,0.207735,0.19148,0.207732,976988.8571,2021-11-28
0.207732,0.224823,0.202782,0.214892,917517.6309,2021-11-29
0.214892,0.227326,0.212663,0.214547,719967.9054,2021-11-30
0.214547,0.21884,0.205854,0.209261,671481.3834,2021-12-01
0.209261,0.222999,0.201621,0.209472,859944.1885,2021-12-02
0.209472,0.212111,0.190822,0.200073,1246370.2467,2021-12-03
0.200073,0.200368,0.130481,0.178733,1322696.183,2021-12-04
0.178733,0.181372,0.162322,0.171511,1004675.5383,2021-12-05
0.171511,0.180647,0.159381,0.178172,851194.9315,2021-12-06
0.178172,0.184189,0.174821,0.1764,836925.2306,2021-12-07
0.1764,0.182116,0.172426,0.179116,1210614.2113,2021-12-08
0.179116,0.182427,0.168676,0.169046,733352.4123,2021-12-09
0.169046,0.174677,0.163562,0.164013,1147114.793,2021-12-10
0.164013,0.169957,0.16127,0.168763,931169.2454,2021-12-11
0.168763,0.173459,0.165598,0.16968,854470.393,2021-12-12
0.16968,0.170366,0.15157,0.157245,1383867.9286,2021-12-13
0.157245,0.219957,0.155034,0.190819,1336469.4611,2021-12-14
0.190819,0.191145,0.17056,0.180928,856678.3601,2021-12-15
0.180928,0.185116,0.172324,0.173338,928320.3327,2021-12-16
0.173338,0.176556,0.161599,0.16869,729635.2613,2021-12-17
0.16869,0.175491,0.165955,0.172373,609074.3084,2021-12-18
0.172373,0.174634,0.169092,0.169447,543018.2086,2021-12-19
0.169447,0.170724,0.161163,0.16723,893988.8844,2021-12-20
0.16723,0.172282,0.165723,0.170809,861431.9194,2021-12-21
0.170809,0.179918,0.16974,0.173038,697773.0065,2021-12-22
0.173038,0.184938,0.171266,0.184938,572327.6842,2021-12-23
0.184938,0.195402,0.179465,0.186258,1304038.2488,2021-12-24
0.186258,0.1953,0.184833,0.190559,1258344.7781,2021-12-25
0.190559,0.192481,0.185114,0.189723,949172.5595,2021-12-26
0.189723,0.192815,0.186753,0.187852,936182.8947,2021-12-27
0.187852,0.187967,0.171833,0.173804,735362.3008,2021-12-28
0.173804,0.17734,0.166402,0.167995,983721.818,2021-12-29
0.167995,0.175743,0.165207,0.171056,780614.8217,2021-12-30
0.171056,0.175733,0.166218,0.17023,896503.2655,2021-12-31
0.17023,0.173693,0.169715,0.173155,855538.7655,2022-01-01
0.173155,0.176228,0.170589,0.174382,745684.8431,2022-01-02
0.174382,0.174455,0.167473,0.170202,948220.3652,2022-01-03
0.170202,0.172575,0.166628,0.168396,1345479.2807,2022-01-04
0.168396,0.170958,0.147325,0.158813,856566.3774,2022-01-05
0.158813,0.162066,0.153933,0.160024,1059241.134,2022-01-06
0.160024,0.160304,0.149229,0.155029,578309.3816,2022-01-07
0.155029,0.157861,0.145512,0.15097,1479145.127,2022-01-08
0.15097,0.153775,0.14861,0.150468,1041353.2842,2022-01-09
0.150468,0.152157,0.137161,0.143085,1039030.5923,2022-01-10
0.143085,0.166769,0.141787,0.153757,2063401.6613,2022-01-11
0.153757,0.163487,0.151212,0.162831,1302790.3686,2022-01-12
0.162831,0.176624,0.161314,0.171707,1718826.1269,2022-01-13
0.171707,0.213937,0.170416,0.183123,4609280.7692,2022-01-14
0.183123,0.194598,0.181638,0.184631,4115777.0871,2022-01-15
0.184631,0.184766,0.173606,0.176489,1824420.8869,2022-01-16
0.176489,0.178232,0.165644,0.1709,1496521.7482,2022-01-17
0.1709,0.174295,0.161644,0.164958,1048526.1932,2022-01-18
0.164958,0.169541,0.159006,0.161468,1101269.5681,2022-01-19
0.161468,0.169307,0.153761,0.155449,750181.2641,2022-01-20
0.155449,0.157648,0.139911,0.141934,1090036.8045,2022-01-21
0.141934,0.14539,0.120125,0.133165,1662510.7862,2022-01-22
0.133165,0.144473,0.131968,0.1419,783820.5969,2022-01-23
0.1419,0.1419,0.125965,0.137242,983390.3452,2022-01-24
0.137242,0.150261,0.132444,0.142722,718809.0228,2022-01-25
0.142722,0.153367,0.1409,0.142983,1029898.9773,2022-01-26
0.142983,0.145943,0.136124,0.141342,1079512.644,2022-01-27
0.141342,0.142648,0.137784,0.141565,1327204.1752,2022-01-28
0.141565,0.144184,0.140345,0.142857,1090782.1507,2022-01-29
0.142857,0.143809,0.138042,0.139027,1808334.2116,2022-01-30
0.139027,0.142518,0.136291,0.141611,798130.6803,2022-01-31
0.141611,0.144323,0.140733,0.142226,1004510.2818,2022-02-01
0.142226,0.146336,0.135886,0.136873,756054.7412,2022-02-02
0.136873,0.138973,0.134621,0.137968,1148445.1462,2022-02-03
0.137968,0.148105,0.136922,0.147685,852455.8218,2022-02-04
0.147685,0.150557,0.144707,0.146807,636088.3017,2022-02-05
0.146807,0.155616,0.144526,0.153824,845042.4506,2022-02-06
0.153824,0.172867,0.151354,0.165302,3879022.061,2022-02-07
0.165302,0.169841,0.152933,0.157941,681993.1246,2022-02-08
0.157941,0.162392,0.154168,0.159384,556253.1282,2022-02-09
0.159384,0.160706,0.150138,0.15134,743467.634,2022-02-10
0.15134,0.154319,0.142206,0.144881,486281.1195,2022-02-11
0.144881,0.147531,0.140688,0.144263,559152.9106,2022-02-12
0.144263,0.157864,0.143617,0.14809,1027735.9521,2022-02-13
0.14809,0.150372,0.142858,0.145863,746332.6818,2022-02-14
0.145863,0.152484,0.144707,0.151841,505349.2447,2022-02-15
0.151841,0.151841,0.146197,0.148735,402496.5506,2022-02-16
0.148735,0.150129,0.137075,0.138238,293924.9273,2022-02-17
0.138238,0.142248,0.136047,0.138614,656903.8683,2022-02-18
0.138614,0.146565,0.138309,0.140768,515803.1607,2022-02-19
0.140768,0.141186,0.135092,0.136601,392806.5234,2022-02-20
0.136601,0.141798,0.127118,0.128219,829246.003,2022-02-21
0.128219,0.131849,0.123929,0.131331,540806.004,2022-02-22
0.131331,0.135522,0.12714,0.127419,445492.4269,2022-02-23
0.127419,0.127782,0.106791,0.123955,603771.9424,2022-02-24
0.123955,0.128372,0.120523,0.127745,719398.9237,2022-02-25
0.127745,0.130501,0.125611,0.127762,290027.3154,2022-02-26
0.127762,0.128475,0.121186,0.122925,348894.4089,2022-02-27
0.122925,0.134964,0.1213,0.133459,758273.4954,2022-02-28
0.133459,0.138949,0.129843,0.134147,250307.1816,2022-03-01
0.134147,0.137081,0.130555,0.133038,394304.6538,2022-03-02
0.133038,0.133939,0.127129,0.129633,344278.534,2022-03-03
0.129633,0.130249,0.120229,0.122425,259513.5082,2022-03-04
0.122425,0.125549,0.120836,0.124846,257779.2132,2022-03-05
0.124846,0.125558,0.119745,0.120598,349783.3837,2022-03-06
0.120598,0.12269,0.113336,0.116788,268477.8269,2022-03-07
0.116788,0.120012,0.115241,0.117063,299991.312,2022-03-08
0.117063,0.124432,0.116388,0.121489,297567.7808,2022-03-09
0.121489,0.121913,0.114514,0.116893,508467.9241,2022-03-10
0.116893,0.11853,0.113884,0.115349,1001980.3841,2022-03-11
0.115349,0.117371,0.114689,0.11483,583987.5316,2022-03-12
0.11483,0.116393,0.109848,0.111274,650788.6779,2022-03-13
0.111274,0.121247,0.110292,0.113861,1225743.9476,2022-03-14
0.113861,0.114289,0.11024,0.112566,808194.1918,2022-03-15
0.112566,0.117135,0.112039,0.117063,636634.8521,2022-03-16
0.117063,0.119233,0.116035,0.116273,575140.9198,2022-03-17
0.116273,0.119594,0.114198,0.119153,598552.3985,2022-03-18
0.119153,0.12499,0.118207,0.123612,616104.609,2022-03-19
0.123612,0.124089,0.11736,0.119167,684758.8638,2022-03-20
0.119167,0.12174,0.117675,0.119242,540604.6982,2022-03-21
0.119242,0.125612,0.118607,0.122388,695288.2538,2022-03-22
0.122388,0.131194,0.120964,0.129706,873750.9805,2022-03-23
0.066409,0.067943,0.065543,0.066661,73844230.1703,2022-07-02
0.066661,0.067494,0.064828,0.067206,74950645.4853,2022-07-03
0.067206,0.06977,0.065674,0.069349,174206328.7534,2022-07-04
0.069349,0.07,0.065543,0.067195,198888144.7746,2022-07-05
0.067195,0.069258,0.066192,0.068427,232465710.8065,2022-07-06
0.068427,0.071192,0.067922,0.070535,191844599.2865,2022-07-07
0.070535,0.073493,0.068255,0.069073,196702851.0843,2022-07-08
0.069073,0.070163,0.068815,0.069468,179542710.8675,2022-07-09
0.069468,0.069486,0.066317,0.067234,147624624.6327,2022-07-10
0.067234,0.067263,0.0612,0.061732,149546287.7658,2022-07-11
0.061732,0.063066,0.059716,0.059814,137892410.1701,2022-07-12
0.059814,0.062312,0.057616,0.061943,131562491.1514,2022-07-13
0.061943,0.06279,0.059487,0.062463,120972562.3443,2022-07-14
0.062463,0.064415,0.061626,0.062927,123058172.0025,2022-07-15
0.062927,0.064809,0.061769,0.064393,127793627.7736,2022-07-16
0.064393,0.065496,0.062895,0.063056,83594288.6673,2022-07-17
0.063056,0.068927,0.062994,0.067593,86708580.1301,2022-07-18
0.067593,0.070213,0.065444,0.069004,114657380.9435,2022-07-19
0.069004,0.076879,0.067702,0.070144,106596589.2828,2022-07-20
0.070144,0.070909,0.066941,0.069981,96088263.9435,2022-07-21
0.069981,0.071391,0.066726,0.067423,79205246.8624,2022-07-22
0.067423,0.0695,0.065975,0.06804,75203127.3361,2022-07-23
0.06804,0.068932,0.067235,0.06755,63931987.1366,2022-07-24
0.06755,0.067993,0.061776,0.061833,71186061.0146,2022-07-25
0.061833,0.062636,0.060124,0.062512,84658620.8126,2022-07-26
0.062512,0.067226,0.061795,0.067226,81595161.5638,2022-07-27
0.067226,0.070823,0.065225,0.069087,127709800.8709,2022-07-28
0.0691,0.072459,0.067258,0.068764,140880035.375,2022-07-29
0.068764,0.074426,0.067951,0.069626,109660355.9857,2022-07-30
0.069626,0.072237,0.06782,0.068089,88180723.6281,2022-07-31
0.068089,0.071232,0.066855,0.068461,86794401.1733,2022-08-01
0.068461,0.069062,0.065482,0.066487,93894484.9085,2022-08-02
0.066487,0.068408,0.065118,0.066216,84707676.471,2022-08-03
0.066216,0.067596,0.065744,0.067215,82818229.4279,2022-08-04
0.067215,0.070261,0.067173,0.069806,86042871.6758,2022-08-05
0.069806,0.07129,0.068403,0.068632,73768791.2245,2022-08-06
0.068632,0.069997,0.067445,0.068964,53990643.6121,2022-08-07
0.068964,0.072541,0.068836,0.070111,59035614.7832,2022-08-08
0.070111,0.074208,0.067765,0.069029,51775626.764,2022-08-09
0.069029,0.071461,0.066702,0.071268,86108297.9647,2022-08-10
0.071268,0.075413,0.07043,0.070846,124483055.4235,2022-08-11
0.070846,0.072744,0.069697,0.07231,112307502.0526,2022-08-12
0.07231,0.075154,0.071815,0.072922,111573137.8489,2022-08-13
0.072922,0.084575,0.07262,0.081663,70640296.4432,2022-08-14
0.081663,0.082014,0.074728,0.076625,88072309.3749,2022-08-15
0.076625,0.089472,0.076172,0.086755,111507750.3944,2022-08-16
0.086755,0.088916,0.079395,0.080175,78000591.2218,2022-08-17
0.080175,0.082271,0.0735,0.074759,60229874.6604,2022-08-18
0.074759,0.075266,0.067048,0.067759,90255335.0261,2022-08-19
0.067759,0.071155,0.067639,0.069339,100569029.1682,2022-08-20
0.069339,0.070784,0.067425,0.069314,100605967.0146,2022-08-21
0.069314,0.069388,0.065207,0.068415,116660026.9209,2022-08-22
0.068415,0.069223,0.066883,0.068807,116086391.0807,2022-08-23
0.068807,0.069643,0.067034,0.067906,101181293.757,2022-08-24
0.067906,0.071779,0.067712,0.069014,97616689.0348,2022-08-25
0.069014,0.069494,0.062754,0.063527,102541262.7843,2022-08-26
0.063527,0.06412,0.062262,0.063514,112498741.2325,2022-08-27
0.063514,0.064307,0.061344,0.061786,83099125.0899,2022-08-28
0.061786,0.064071,0.060902,0.063845,88155827.5605,2022-08-29
0.063845,0.064473,0.060069,0.061545,94497527.4644,2022-08-30
0.061545,0.06345,0.060742,0.061346,108070581.7214,2022-08-31
0.061346,0.062632,0.0599,0.062372,85655627.9784,2022-09-01
0.062372,0.062864,0.060694,0.061646,89974740.9916,2022-09-02
0.061646,0.064,0.061138,0.062715,77484968.6929,2022-09-03
0.062715,0.063886,0.061873,0.06323,50090099.5418,2022-09-04
0.06323,0.063729,0.060933,0.06274,51264213.1162,2022-09-05
0.06274,0.065035,0.058258,0.058881,80506579.2362,2022-09-06
0.058881,0.061538,0.057442,0.060983,86715753.4494,2022-09-07
0.060983,0.061404,0.059663,0.060973,95394873.2823,2022-09-08
0.060973,0.064826,0.060898,0.063873,115735999.0415,2022-09-09
0.063873,0.065511,0.06318,0.064686,107412627.1006,2022-09-10
0.064686,0.065308,0.062643,0.06371,106340136.6942,2022-09-11
0.06371,0.065424,0.062644,0.063961,112370203.1388,2022-09-12
0.063961,0.064109,0.059221,0.059646,129257439.9014,2022-09-13
0.059646,0.061475,0.059216,0.061158,152861701.4381,2022-09-14
0.061158,0.061214,0.05848,0.058615,162545411.4064,2022-09-15
0.058615,0.0605,0.058114,0.06044,156432850.9549,2022-09-16
0.06044,0.062409,0.060217,0.0622,106419131.599,2022-09-17
0.0622,0.062254,0.056382,0.057462,90920960.5667,2022-09-18
0.057462,0.058831,0.055929,0.058522,120186212.2941,2022-09-19
0.058522,0.060584,0.057588,0.058382,104602800.1271,2022-09-20
0.058382,0.060891,0.056076,0.057165,98537263.8459,2022-09-21
0.057165,0.060053,0.056831,0.059591,117622552.0406,2022-09-22
0.059591,0.06426,0.059175,0.063352,90900206.6825,2022-09-23
0.063352,0.068289,0.062536,0.0631,83150575.3635,2022-09-24
0.0631,0.063871,0.060108,0.061182,67725635.4216,2022-09-25
0.061182,0.061877,0.059765,0.061134,81209518.3784,2022-09-26
0.061134,0.063045,0.059754,0.060496,104422689.7443,2022-09-27
0.060496,0.061119,0.058527,0.060502,128176723.2718,2022-09-28
0.060502,0.061076,0.059285,0.060852,124466484.8013,2022-09-29
0.060852,0.062239,0.059643,0.061677,136969431.4674,2022-09-30
0.061677,0.06311,0.060251,0.060599,90147500.8762,2022-10-01
0.060599,0.06096,0.058813,0.059268,62310762.5359,2022-10-02
0.059268,0.060536,0.05879,0.060325,75406915.7266,2022-10-03
0.060325,0.066368,0.059949,0.065836,83552635.753,2022-10-04
0.065836,0.06686,0.062728,0.064788,82041846.2783,2022-10-05
0.064788,0.066823,0.06284,0.063447,87450854.803,2022-10-06
0.063447,0.06381,0.061363,0.062365,104297170.57,2022-10-07
0.062365,0.062652,0.061201,0.061638,95043991.1347,2022-10-08
0.061638,0.062388,0.061171,0.062112,92995559.5272,2022-10-09
0.062112,0.062504,0.059214,0.059391,92029002.199,2022-10-10
0.059391,0.060877,0.05751,0.060233,121228324.1872,2022-10-11
0.060233,0.060998,0.059277,0.059806,113190706.624,2022-10-12
0.059806,0.060241,0.055092,0.059639,160110974.2094,2022-10-13
0.059639,0.06102,0.058109,0.058658,201708250.6115,2022-10-14
0.058658,0.05979,0.05798,0.05858,140553137.6051,2022-10-15
0.05858,0.059465,0.0585,0.058909,121516607.4842,2022-10-16
0.058909,0.06018,0.058547,0.059984,71729262.8235,2022-10-17
0.059984,0.061143,0.058535,0.059756,78281947.5014,2022-10-18
0.059756,0.060782,0.058255,0.058672,62733357.4413,2022-10-19
0.058672,0.060353,0.058256,0.059421,68982784.4987,2022-10-20
0.059421,0.059504,0.057157,0.059317,90026074.5691,2022-10-21
0.059317,0.059904,0.059097,0.059701,81716144.6333,2022-10-22
0.059701,0.060463,0.058723,0.060377,58495603.7162,2022-10-23
0.060377,0.060913,0.058684,0.059448,84414349.4004,2022-10-24
0.059448,0.064239,0.059148,0.063045,82994781.8455,2022-10-25
0.063045,0.073585,0.062606,0.072643,117758050.8304,2022-10-26
0.072643,0.0854,0.071775,0.076869,76421493.6814,2022-10-27
0.076869,0.088354,0.072545,0.083814,93575219.489,2022-10-28
0.083814,0.151076,0.082972,0.121717,232298560.5762,2022-10-29
0.121717,0.143516,0.111345,0.11763,917034637.3783,2022-10-30
0.11763,0.131475,0.113976,0.126775,205532460.4015,2022-10-31
0.126775,0.158556,0.124579,0.142004,214496849.6167,2022-11-01
0.142004,0.147917,0.122325,0.127779,262682645.8138,2022-11-02
0.127779,0.136947,0.119989,0.122564,163046728.4813,2022-11-03
0.122564,0.129117,0.115617,0.126134,147137081.9824,2022-11-04
0.126134,0.135876,0.120228,0.124398,205456456.2604,2022-11-05
0.124398,0.127629,0.111915,0.114739,146591597.4471,2022-11-06
0.114739,0.118996,0.1075,0.111216,78174856.4341,2022-11-07
0.111216,0.112829,0.07763,0.088125,845492470.7036,2022-11-08
0.088125,0.092083,0.070498,0.074499,59641391.5726,2022-11-09
0.074499,0.094122,0.073089,0.089713,41056520.6738,2022-11-10
0.089713,0.093549,0.080061,0.085098,29079694.7952,2022-11-11
0.085098,0.094794,0.078511,0.088129,48276990.4512,2022-11-12
0.088129,0.091541,0.082976,0.085023,22716902.7887,2022-11-13
0.085023,0.091275,0.079211,0.085984,30534828.1622,2022-11-14
0.085984,0.089367,0.084955,0.087015,31439706.4083,2022-11-15
0.087015,0.091154,0.083384,0.085542,33517123.4361,2022-11-16
0.085542,0.087253,0.082543,0.084696,35815077.1465,2022-11-17
0.084696,0.086703,0.083652,0.084713,38571571.8887,2022-11-18
0.084713,0.084999,0.083082,0.084534,28344100.7896,2022-11-19
0.084534,0.08583,0.076444,0.07704,36574126.8261,2022-11-20
0.07704,0.077385,0.071362,0.074644,45404192.2342,2022-11-21
0.074644,0.079508,0.073081,0.078722,52904541.0955,2022-11-22
0.078722,0.083481,0.077851,0.081967,52249267.9027,2022-11-23
0.081967,0.084199,0.080513,0.081457,51749545.7716,2022-11-24
0.081457,0.091585,0.080595,0.089501,51610128.126,2022-11-25
0.089501,0.095446,0.087259,0.088942,46300507.8378,2022-11-26
0.088942,0.107538,0.088808,0.098576,42095878.3518,2022-11-27
0.098576,0.099728,0.090715,0.095133,49019401.9159,2022-11-28
0.095133,0.105122,0.093627,0.10142,48577968.3898,2022-11-29
0.10142,0.109882,0.099444,0.106785,37859419.5732,2022-11-30
0.106785,0.107763,0.100359,0.101757,42302120.7,2022-12-01
0.101757,0.103524,0.096788,0.102124,33597753.1956,2022-12-02
0.102124,0.103062,0.098146,0.099693,30496006.2644,2022-12-03
0.099693,0.105599,0.099533,0.104059,34153944.0616,2022-12-04
0.104059,0.111656,0.099308,0.101487,39804561.1999,2022-12-05
0.101487,0.102747,0.098058,0.100185,29742370.151,2022-12-06
0.100185,0.101209,0.092877,0.095763,38489081.7761,2022-12-07
0.095763,0.099136,0.094821,0.098488,34020982.8862,2022-12-08
0.098488,0.099397,0.09565,0.096702,39376274.8609,2022-12-09
0.096702,0.097397,0.096052,0.096312,25428718.7239,2022-12-10
0.096312,0.097119,0.091639,0.0927,27280659.969,2022-12-11
0.0927,0.092996,0.084752,0.090319,45491126.6396,2022-12-12
0.090319,0.0953,0.087068,0.091075,52905810.4077,2022-12-13
0.091075,0.092431,0.087111,0.088256,50381182.5552,2022-12-14
0.088256,0.088814,0.084065,0.08488,42066066.7479,2022-12-15
0.08488,0.086823,0.074072,0.075735,52255675.0317,2022-12-16
0.075735,0.07946,0.075572,0.079185,48801612.1747,2022-12-17
0.079185,0.080052,0.077632,0.078474,37693392.1876,2022-12-18
0.078474,0.079487,0.070026,0.071344,36681120.4058,2022-12-19
0.071344,0.075538,0.071083,0.074835,43135681.5563,2022-12-20
0.074835,0.075026,0.071473,0.073719,39627700.5986,2022-12-21
0.073719,0.077737,0.073271,0.076869,40936186.5336,2022-12-22
0.076869,0.078923,0.076538,0.077214,39237956.3852,2022-12-23
0.077214,0.078126,0.076642,0.077513,26285748.1478,2022-12-24
0.077513,0.07765,0.073266,0.075974,28157985.7892,2022-12-25
0.075974,0.076532,0.074289,0.07568,26026300.0401,2022-12-26
0.07568,0.076132,0.072667,0.073721,28844812.1902,2022-12-27
0.073721,0.073896,0.069374,0.070381,35258720.3085,2022-12-28
0.070381,0.071496,0.069299,0.070963,39705743.3931,2022-12-29
0.070963,0.071435,0.066039,0.068414,42294902.194,2022-12-30
0.068414,0.071332,0.067979,0.070239,33906176.6392,2022-12-31
0.070239,0.0708,0.069055,0.070229,21870444.0137,2023-01-01
0.070229,0.073599,0.069082,0.071397,36166456.2263,2023-01-02
0.071397,0.072303,0.06955,0.070492,32304466.2122,2023-01-03
0.070492,0.073491,0.070195,0.073102,46014704.5455,2023-01-04
0.073102,0.075225,0.070556,0.071518,43100047.8396,2023-01-05
0.071518,0.072756,0.069641,0.072419,34882033.5123,2023-01-06
0.072419,0.072984,0.071716,0.072199,33134057.3433,2023-01-07
0.072199,0.073931,0.07125,0.073588,21440536.1778,2023-01-08
0.073588,0.079508,0.073,0.075652,56008078.9471,2023-01-09
0.075652,0.077858,0.07385,0.077811,43459582.5771,2023-01-10
0.077811,0.078493,0.074738,0.078147,41120185.4116,2023-01-11
0.078147,0.081192,0.075175,0.080232,55060240.9408,2023-01-12
0.080232,0.085177,0.078667,0.084505,49311506.8243,2023-01-13
0.084505,0.092473,0.082787,0.08729,50571753.0136,2023-01-14
0.08729,0.087878,0.082887,0.086093,33656988.2175,2023-01-15
0.086093,0.08821,0.081602,0.083705,34821091.16,2023-01-16
0.083705,0.084958,0.082108,0.082822,29151498.5502,2023-01-17
0.08002,0.082156,0.0798,0.081601,32932786.6752,2023-01-19
0.081601,0.08696,0.080668,0.086195,34717305.7129,2023-01-20
0.086195,0.088999,0.084274,0.084646,34603662.2027,2023-01-21
0.084646,0.09333,0.084365,0.08823,34119455.7215,2023-01-22
0.08823,0.091447,0.086316,0.088518,33889474.6193,2023-01-23
0.088518,0.090772,0.082312,0.083881,36324382.5382,2023-01-24
0.083881,0.088105,0.081701,0.086517,36071006.0789,2023-01-25
0.086517,0.08762,0.084703,0.086339,33798485.7691,2023-01-26
0.086339,0.087984,0.083601,0.087206,33237024.8871,2023-01-27
0.087206,0.09368,0.086844,0.087713,32788759.4956,2023-01-28
0.087713,0.090985,0.087268,0.090091,35113019.463,2023-01-29
0.090091,0.092601,0.084621,0.088315,36435597.6836,2023-01-30
0.088315,0.097764,0.088234,0.096114,42551402.447,2023-01-31
0.096114,0.097127,0.088287,0.09402,32540942.1657,2023-02-01
0.09402,0.095917,0.090141,0.090986,31323970.1929,2023-02-02
0.090986,0.093299,0.090341,0.092932,33200972.1403,2023-02-03
0.092932,0.099742,0.092504,0.095689,31255456.0324,2023-02-04
0.095689,0.096926,0.09054,0.09203,32945014.6891,2023-02-05
0.09203,0.09323,0.088544,0.089537,31194874.985,2023-02-06
0.089537,0.092731,0.089445,0.092534,31952725.3656,2023-02-07
0.092534,0.093299,0.088597,0.09018,31917197.3641,2023-02-08
0.09018,0.090925,0.0789,0.081445,35585525.8655,2023-02-09
0.081445,0.082948,0.079399,0.080897,35288720.6028,2023-02-10
0.080897,0.082568,0.080666,0.082241,35579340.833,2023-02-11
0.082241,0.085783,0.081187,0.082146,36180593.3783,2023-02-12
0.082146,0.086383,0.079545,0.082084,39802749.8893,2023-02-13
0.082084,0.083704,0.080174,0.083591,35446383.9417,2023-02-14
0.083591,0.089588,0.082647,0.089223,37200789.5665,2023-02-15
0.089223,0.091918,0.084704,0.084884,37857641.1387,2023-02-16
0.084884,0.08848,0.084332,0.087725,33090264.6467,2023-02-17
0.087725,0.090393,0.086794,0.08883,35598674.1464,2023-02-18
0.08883,0.089996,0.085706,0.087026,34371315.504,2023-02-19
0.087026,0.088711,0.085171,0.088286,33493985.0507,2023-02-20
0.088286,0.088799,0.084315,0.085457,30360487.5954,2023-02-21
0.085457,0.088624,0.0829,0.0855,42851610.7493,2023-02-22
0.0855,0.086398,0.083527,0.084246,42943802.2264,2023-02-23
0.084246,0.084965,0.079259,0.080896,42768010.5154,2023-02-24
0.080896,0.082103,0.078466,0.080749,42984737.6805,2023-02-25
0.080749,0.082619,0.080439,0.082202,46514171.4789,2023-02-26
0.082202,0.082308,0.079972,0.08135,53358114.7246,2023-02-27
0.08135,0.083085,0.07991,0.080845,48017549.0991,2023-02-28
0.080845,0.082828,0.080294,0.081922,44116949.8759,2023-03-01
0.081922,0.082233,0.079617,0.080558,44904788.7597,2023-03-02
0.080558,0.080614,0.072811,0.076837,46232161.7094,2023-03-03
0.076837,0.077257,0.072579,0.074621,48233739.184,2023-03-04
0.074621,0.076036,0.074288,0.074767,55827523.5861,2023-03-05
0.074767,0.07514,0.073224,0.07479,53731972.6613,2023-03-06
0.07479,0.075967,0.072407,0.074073,47162021.1085,2023-03-07
0.074073,0.074298,0.070007,0.071131,57548397.3271,2023-03-08
0.071131,0.072298,0.063986,0.065968,50860463.9032,2023-03-09
0.065968,0.066164,0.062614,0.065717,61071547.3143,2023-03-10
0.065717,0.068148,0.063258,0.066048,65897510.2085,2023-03-11
0.066048,0.070808,0.0652,0.070488,61595123.6989,2023-03-12
0.070488,0.073489,0.068157,0.07279,59976977.3693,2023-03-13
0.07279,0.077548,0.071105,0.074583,58009361.8104,2023-03-14
0.074583,0.075881,0.067412,0.069635,52369235.9184,2023-03-15
0.069635,0.074065,0.068739,0.072573,66205701.2239,2023-03-16
0.072573,0.077231,0.071482,0.076412,66690991.8748,2023-03-17
0.076412,0.078799,0.072475,0.07295,73779655.0103,2023-03-18
0.07295,0.076517,0.072946,0.074495,61819157.2806,2023-03-19
0.074495,0.075538,0.0704,0.071357,88046871.9943,2023-03-20
0.071357,0.077834,0.070334,0.076632,101103688.3474,2023-03-21
0.076632,0.078038,0.071497,0.073845,115413799.0734,2023-03-22
0.073845,0.07904,0.072939,0.077365,162395714.4407,2023-03-23
0.077365,0.077494,0.073,0.074539,192402339.0579,2023-03-24
0.074539,0.075935,0.0725,0.074036,134939443.3263,2023-03-25
0.074036,0.075377,0.073358,0.07436,106285778.0741,2023-03-26
0.07436,0.076088,0.071288,0.072886,56716762.4619,2023-03-27
0.072886,0.07401,0.071686,0.07381,64359364.6483,2023-03-28
0.07381,0.076806,0.073503,0.075565,77294927.1703,2023-03-29
0.075565,0.0768,0.073306,0.074226,79013050.2661,2023-03-30
0.074226,0.077869,0.073456,0.07694,91264410.0798,2023-03-31
0.07694,0.083293,0.075896,0.081815,92373233.0568,2023-04-01
0.081815,0.085503,0.077313,0.079033,93379159.166,2023-04-02
0.079033,0.104612,0.076085,0.096005,98822142.5346,2023-04-03
0.096005,0.103488,0.092224,0.095175,97552103.3554,2023-04-04
0.095175,0.099122,0.090701,0.092689,83456213.5746,2023-04-05
0.092689,0.092739,0.084247,0.085411,83418970.667,2023-04-06
0.085411,0.08615,0.081248,0.082242,99973521.1446,2023-04-07
0.082242,0.083829,0.080499,0.081357,120894912.022,2023-04-08
0.081357,0.083848,0.081097,0.083181,113944023.3209,2023-04-09
0.083181,0.085379,0.082299,0.084736,142217902.954,2023-04-10
0.084736,0.085772,0.083606,0.084104,207103669.8679,2023-04-11
0.084104,0.084661,0.080572,0.08346,225300140.6008,2023-04-12
0.08346,0.088793,0.082856,0.0873,262791585.903,2023-04-13
0.0873,0.091328,0.085379,0.088635,257552715.8409,2023-04-14
0.088635,0.090565,0.087214,0.088882,233509055.4092,2023-04-15
0.088882,0.091824,0.087668,0.090429,183018484.3336,2023-04-16
0.090429,0.0948,0.088075,0.091394,202904782.0635,2023-04-17
0.091394,0.094976,0.08978,0.094075,209814010.026,2023-04-18
0.094075,0.094123,0.0852,0.087903,264406230.8843,2023-04-19
0.087903,0.093481,0.082547,0.083894,320347051.2008,2023-04-20
0.083894,0.084685,0.076442,0.078438,299470643.1716,2023-04-21
0.078438,0.080975,0.078183,0.08028,268160539.5671,2023-04-22
0.08028,0.0808,0.076555,0.078771,166921309.0396,2023-04-23
0.078771,0.080034,0.0772,0.07875,185132750.0118,2023-04-24
0.07875,0.079949,0.077557,0.079771,182377230.1521,2023-04-25
0.079771,0.083549,0.074818,0.078597,244572169.8457,2023-04-26
0.078597,0.080981,0.078375,0.080135,265507693.7092,2023-04-27
0.080135,0.080707,0.079059,0.080327,179023144.7282,2023-04-28
0.080327,0.081929,0.080179,0.081557,135439330.288,2023-04-29
0.081557,0.081711,0.079256,0.079465,135708766.4278,2023-04-30
0.079465,0.080026,0.077378,0.078809,150174270.9087,2023-05-01
0.078809,0.079076,0.077549,0.078749,167636655.2102,2023-05-02
0.078749,0.08066,0.077123,0.079614,150306289.5323,2023-05-03
0.079614,0.079718,0.077943,0.078379,181305473.6833,2023-05-04
0.078379,0.081448,0.077167,0.080177,215413722.1626,2023-05-05
0.080177,0.080458,0.075819,0.076719,214357471.6351,2023-05-06
0.076719,0.077491,0.076203,0.076531,158549592.9602,2023-05-07
0.076531,0.07708,0.069864,0.07241,212592186.2662,2023-05-08
0.07241,0.073305,0.072089,0.0731,192741276.9208,2023-05-09
0.0731,0.07469,0.070436,0.07313,174191106.1711,2023-05-10
0.07313,0.073169,0.06918,0.071916,194711920.2562,2023-05-11
0.071916,0.07274,0.069345,0.072353,210189409.5402,2023-05-12
0.072353,0.072398,0.071313,0.071681,153730761.3042,2023-05-13
0.071681,0.07264,0.07118,0.071957,129261966.5279,2023-05-14
0.071957,0.073603,0.070887,0.071907,139559790.126,2023-05-15
0.071907,0.073236,0.070878,0.072747,109789184.8275,2023-05-16
0.072747,0.075437,0.072305,0.074818,104434893.1611,2023-05-17
0.074818,0.07491,0.071647,0.073422,91826062.5683,2023-05-18
0.073422,0.074042,0.07302,0.073489,82677776.8393,2023-05-19
0.073489,0.073888,0.073069,0.073619,44551966.6431,2023-05-20
0.073619,0.07399,0.071978,0.072112,28888382.5991,2023-05-21
0.072112,0.073991,0.070757,0.072919,35080815.7359,2023-05-22
0.072919,0.07393,0.072449,0.072876,44704685.7661,2023-05-23
0.072876,0.07288,0.069421,0.070652,49314908.0437,2023-05-24
0.070652,0.071058,0.068665,0.070885,53383211.7328,2023-05-25
0.070885,0.071348,0.070382,0.070961,45908939.8446,2023-05-26
0.070961,0.07341,0.070821,0.072572,27496017.4332,2023-05-27
0.072572,0.07395,0.07189,0.07352,23701051.5231,2023-05-28
0.07352,0.073992,0.072661,0.073129,33294444.4607,2023-05-29
0.073129,0.073431,0.07202,0.072301,24476472.0582,2023-05-30
0.072301,0.07266,0.070558,0.071648,26446596.4487,2023-05-31
0.071648,0.072178,0.070723,0.07142,27798736.1691,2023-06-01
0.07142,0.073288,0.07093,0.072558,22490569.9601,2023-06-02
0.072558,0.072981,0.072176,0.072692,21131008.4813,2023-06-03
0.072692,0.073329,0.072352,0.07249,15120033.7679,2023-06-04
0.07249,0.072689,0.0631,0.06642,26996359.3849,2023-06-05
0.06642,0.071967,0.065905,0.070252,28717115.9533,2023-06-06
0.070252,0.070304,0.066685,0.067275,26410965.6782,2023-06-07
0.067275,0.068489,0.066981,0.067942,25358071.1427,2023-06-08
0.067942,0.071148,0.067347,0.069463,22132981.9797,2023-06-09
0.069463,0.071294,0.053689,0.061764,43417443.0413,2023-06-10
0.061764,0.062881,0.061057,0.0615,32094174.0974,2023-06-11
0.0615,0.061708,0.059838,0.061426,24266060.4565,2023-06-12
0.061426,0.062733,0.060578,0.061747,23312801.5959,2023-06-13
0.061747,0.062189,0.05827,0.060371,19019634.6071,2023-06-14
0.060371,0.061967,0.05976,0.061545,17655009.5831,2023-06-15
0.061545,0.062792,0.06074,0.062188,17013960.0222,2023-06-16
0.062188,0.062959,0.061727,0.06219,14296131.0148,2023-06-17
0.06219,0.063941,0.061133,0.062109,9442871.7198,2023-06-18
0.062109,0.062836,0.06153,0.062443,8380281.4936,2023-06-19
0.062443,0.063124,0.060747,0.063124,10618507.098,2023-06-20
0.063124,0.066759,0.062833,0.065607,17097562.2722,2023-06-21
0.065607,0.069356,0.065165,0.065564,16269383.179,2023-06-22
0.065564,0.07013,0.065333,0.0682,12357193.2119,2023-06-23
0.0682,0.068415,0.065146,0.066684,9846669.7386,2023-06-24
0.066684,0.067997,0.066392,0.066722,4327586.0179,2023-06-25
0.066722,0.066796,0.063232,0.064757,5914987.6237,2023-06-26
0.064757,0.065762,0.064411,0.06556,5452352.7252,2023-06-27
0.06556,0.065946,0.060136,0.06258,3241422.1338,2023-06-28
0.06258,0.064078,0.062413,0.063424,5872166.2326,2023-06-29
0.063424,0.066959,0.06125,0.066449,5689297.0195,2023-06-30
0.066449,0.071343,0.066405,0.06852,8170111.285,2023-07-01
0.06852,0.069167,0.066052,0.068018,3461556.0,2023-07-02
0.068018,0.068791,0.067251,0.068437,10082413.1706,2023-07-03
0.068437,0.0718,0.067715,0.068932,13098973.9775,2023-07-04
0.068932,0.069259,0.065644,0.066997,25051322.2056,2023-07-05
0.066997,0.06855,0.064705,0.06488,35627421.7825,2023-07-06
0.06488,0.065862,0.064141,0.065409,39031404.9423,2023-07-07
0.065409,0.066064,0.064729,0.065719,22267070.7344,2023-07-08
0.065719,0.066353,0.06515,0.065368,18086919.4963,2023-07-09
0.065368,0.066194,0.0634,0.065241,27756862.9251,2023-07-10
0.065241,0.065484,0.064392,0.065263,30191497.255,2023-07-11
0.065263,0.065664,0.06368,0.065043,28488757.9315,2023-07-12
0.065043,0.071623,0.06455,0.070402,51079059.1924,2023-07-13
0.070402,0.07306,0.0662,0.06847,79414832.1158,2023-07-14
0.06847,0.075083,0.067718,0.071959,62262578.5673,2023-07-15
0.071959,0.072223,0.068943,0.069511,33732367.0389,2023-07-16
0.069511,0.073189,0.067799,0.069808,40436123.2361,2023-07-17
0.069808,0.070313,0.06707,0.068653,44718867.8504,2023-07-18
0.068653,0.072129,0.06829,0.070013,46868262.7155,2023-07-19
0.070013,0.073833,0.069301,0.070602,36488501.4135,2023-07-20
0.070602,0.076812,0.070278,0.073213,42936710.3828,2023-07-21
0.073213,0.073302,0.06966,0.070482,23159196.1031,2023-07-22
0.070482,0.072924,0.069975,0.07178,20336778.3591,2023-07-23
0.07178,0.077803,0.070219,0.07419,62452226.0837,2023-07-24
0.07419,0.083743,0.073612,0.081821,57375522.187,2023-07-25
0.081821,0.082265,0.076504,0.077959,37945924.3814,2023-07-26
0.077959,0.079936,0.076672,0.07761,31859140.9286,2023-07-27
0.07761,0.077907,0.076021,0.077172,28740995.6825,2023-07-28
0.077172,0.082341,0.07686,0.080256,24996154.1629,2023-07-29
0.080256,0.0805,0.076358,0.07803,25070788.7007,2023-07-30
0.07803,0.07979,0.076771,0.077857,29380503.8941,2023-07-31
0.077857,0.078257,0.075324,0.078151,37083982.5403,2023-08-01
0.078151,0.078303,0.073813,0.074233,34368137.8367,2023-08-02
0.074233,0.07502,0.072613,0.073584,30833142.0674,2023-08-03
0.073584,0.0749,0.072542,0.073462,23666264.6397,2023-08-04
0.073462,0.07707,0.072912,0.075718,27061483.9525,2023-08-05
0.075718,0.076452,0.074132,0.074263,14194275.9191,2023-08-06
0.074263,0.075677,0.071683,0.073555,19158030.4397,2023-08-07
0.073555,0.075471,0.073227,0.074961,18208947.8797,2023-08-08
0.074961,0.076184,0.074201,0.075405,27441261.3777,2023-08-09
0.075405,0.076958,0.07514,0.075868,32499385.9352,2023-08-10
0.075868,0.076113,0.074942,0.075735,14635551.2282,2023-08-11
0.075735,0.077417,0.07561,0.076688,12137023.9225,2023-08-12
0.076688,0.076878,0.074298,0.074789,10950414.661,2023-08-13
0.074789,0.077044,0.073703,0.074693,19703646.8151,2023-08-14
0.074693,0.074977,0.068202,0.070933,15256149.6508,2023-08-15
0.070933,0.071262,0.06612,0.067188,8732440.8799,2023-08-16
0.067188,0.068417,0.055,0.061019,299739414.7688,2023-08-17
0.061019,0.063839,0.059948,0.06325,488481352.5492,2023-08-18
0.06325,0.06447,0.063092,0.063784,220779481.3764,2023-08-19
0.063784,0.064707,0.063408,0.063832,127315805.3776,2023-08-20
0.063832,0.064103,0.060419,0.062522,143796939.7894,2023-08-21
0.062522,0.063275,0.060261,0.062584,137454307.2468,2023-08-22
0.062584,0.06523,0.062465,0.063799,141102926.5957,2023-08-23
0.063799,0.064047,0.061927,0.063087,119503769.5804,2023-08-24
0.063087,0.063142,0.061745,0.063122,126269080.903,2023-08-25
0.063122,0.063376,0.062623,0.06289,77102059.7584,2023-08-26
0.06289,0.063774,0.062694,0.063185,35954093.5346,2023-08-27
0.063185,0.063648,0.0619,0.063439,31489399.5083,2023-08-28
0.063439,0.068492,0.062417,0.06639,37286878.4524,2023-08-29
0.06639,0.066455,0.06443,0.065886,35017236.5538,2023-08-30
0.065886,0.066996,0.062842,0.063794,40515202.9558,2023-08-31
0.063794,0.06423,0.062352,0.063883,35515446.2998,2023-09-01
0.063883,0.06491,0.062622,0.063486,32543519.871,2023-09-02
0.063486,0.063777,0.062776,0.063158,31595385.4492,2023-09-03
0.063158,0.063843,0.062092,0.063247,33719621.3884,2023-09-04
0.063247,0.064347,0.062884,0.064024,38239445.6437,2023-09-05
0.064024,0.0646,0.062526,0.063646,38316504.1695,2023-09-06
0.063646,0.063847,0.0628,0.063653,29233929.0675,2023-09-07
0.063653,0.064,0.0624,0.063694,29198280.7901,2023-09-08
0.063694,0.063896,0.063206,0.06339,28494302.9233,2023-09-09
0.06339,0.063404,0.059509,0.061313,30304318.2689,2023-09-10
0.061313,0.061986,0.05925,0.060473,36884676.3585,2023-09-11
0.060473,0.062386,0.060421,0.060909,33168919.1888,2023-09-12
0.060909,0.061757,0.060501,0.061257,31785988.2311,2023-09-13
0.061257,0.062492,0.06109,0.062079,34764517.6249,2023-09-14
0.062079,0.062934,0.061377,0.062497,31419156.0589,2023-09-15
0.062497,0.062962,0.061757,0.062123,30002719.2726,2023-09-16
0.062123,0.062525,0.061004,0.06145,31092409.9729,2023-09-17
0.06145,0.062812,0.060982,0.061991,26053730.4489,2023-09-18
0.061991,0.063224,0.061896,0.06268,30930295.5511,2023-09-19
0.06268,0.063031,0.061563,0.062605,29508619.7033,2023-09-20
0.062605,0.063447,0.061058,0.061293,32182987.7895,2023-09-21
0.061293,0.06188,0.060634,0.061525,33104236.6555,2023-09-22
0.061525,0.061972,0.061274,0.061515,30903579.4425,2023-09-23
0.061515,0.061743,0.060323,0.060689,30815065.3738,2023-09-24
0.060689,0.061224,0.060126,0.060949,33326344.4126,2023-09-25
0.060949,0.061141,0.059348,0.060614,32166326.4696,2023-09-26
0.060614,0.061395,0.060177,0.060525,28895574.2717,2023-09-27
0.060525,0.061686,0.060375,0.061493,29467472.0314,2023-09-28
0.061493,0.062463,0.06131,0.062137,30415923.205,2023-09-29
0.062137,0.062697,0.061733,0.062084,30140696.5316,2023-09-30
0.062084,0.063563,0.061715,0.063198,29236521.5948,2023-10-01
0.063198,0.064133,0.060948,0.062011,32799139.8138,2023-10-02
0.062011,0.062304,0.061107,0.061377,31744963.0037,2023-10-03
0.061377,0.061563,0.060052,0.061454,33647728.6652,2023-10-04
0.061454,0.061654,0.060618,0.060861,30967267.346,2023-10-05
0.060861,0.061566,0.060714,0.061367,30331877.6064,2023-10-06
0.061367,0.061662,0.061058,0.061417,28249705.4066,2023-10-07
0.061417,0.061597,0.060676,0.060956,29743858.8073,2023-10-08
0.060956,0.061002,0.056823,0.058729,32737491.751,2023-10-09
0.058729,0.059237,0.058461,0.059135,31629400.776,2023-10-10
0.059135,0.059468,0.057648,0.058529,32657175.6702,2023-10-11
0.058529,0.058537,0.057267,0.057881,32718342.7498,2023-10-12
0.057881,0.058893,0.057784,0.058394,30607279.463,2023-10-13
0.058394,0.059986,0.058349,0.059854,31517922.2026,2023-10-14
0.059854,0.05986,0.059005,0.059307,32000707.9106,2023-10-15
0.059307,0.061718,0.059125,0.060007,33793512.161,2023-10-16
0.060007,0.060167,0.058137,0.05903,34408044.0286,2023-10-17
0.05903,0.059327,0.058283,0.05858,39972141.5558,2023-10-18
0.05858,0.058922,0.057432,0.058867,45073784.8082,2023-10-19
0.058867,0.060468,0.058622,0.059898,49529534.5294,2023-10-20
0.059898,0.06145,0.059438,0.061195,41822774.7147,2023-10-21
0.061195,0.061741,0.059867,0.061692,34320971.5246,2023-10-22
0.061692,0.067862,0.061313,0.067488,62893615.2541,2023-10-23
0.067488,0.070047,0.064243,0.066589,65772631.7095,2023-10-24
0.066589,0.069763,0.064625,0.068326,65855237.1633,2023-10-25
0.068326,0.075216,0.067841,0.07185,59591389.5953,2023-10-26
0.07185,0.072405,0.06725,0.067748,44234094.1861,2023-10-27
0.067748,0.069777,0.067512,0.069014,35527475.6946,2023-10-28
0.069014,0.070163,0.067233,0.069354,10452346.5204,2023-10-29
0.069354,0.070389,0.067749,0.069592,15559989.7589,2023-10-30
0.069592,0.070829,0.065644,0.068272,21594345.503,2023-10-31
0.068272,0.069653,0.0657,0.068931,57598782.4201,2023-11-01
0.068931,0.070877,0.066618,0.067907,76962023.3717,2023-11-02
0.067907,0.068233,0.06623,0.068082,39345132.5467,2023-11-03
0.068082,0.06928,0.067932,0.069067,27330538.9991,2023-11-04
0.069067,0.071692,0.068829,0.071073,35209242.9708,2023-11-05
0.071073,0.076524,0.070257,0.07639,54517042.0162,2023-11-06
0.07639,0.076466,0.071516,0.073363,47711474.2142,2023-11-07
0.073363,0.077143,0.072789,0.075358,59560212.8977,2023-11-08
0.075358,0.077876,0.067016,0.073544,98867534.5681,2023-11-09
0.073544,0.075563,0.072405,0.075382,64999699.5761,2023-11-10
0.075382,0.081855,0.074512,0.07849,83240089.2648,2023-11-11
0.07849,0.080308,0.075016,0.077958,46875145.3332,2023-11-12
0.077958,0.079549,0.073442,0.074553,55854077.8158,2023-11-13
0.074553,0.075527,0.068789,0.072422,53664818.6134,2023-11-14
0.076231,0.083404,0.075942,0.07945,104366942.417,2023-11-16
0.07945,0.087494,0.079079,0.086467,117196801.1402,2023-11-17
0.086467,0.086625,0.079216,0.080278,56984665.5185,2023-11-18
0.080278,0.080651,0.077429,0.080451,33894630.5964,2023-11-19
0.080451,0.082192,0.076754,0.077708,32967690.0077,2023-11-20
0.077708,0.078746,0.070664,0.071781,38985106.8423,2023-11-21
0.071781,0.07659,0.0716,0.075743,27705993.8517,2023-11-22
0.075743,0.076367,0.074967,0.076207,16355452.2254,2023-11-23
0.076207,0.078628,0.076042,0.078178,18928185.2421,2023-11-24
0.078178,0.079137,0.07753,0.07891,11409566.7625,2023-11-25
0.07891,0.078963,0.075551,0.078678,25538900.3096,2023-11-26
0.078678,0.081524,0.076864,0.078838,82318587.6655,2023-11-27
0.078838,0.081149,0.076764,0.080829,69663049.3715,2023-11-28
0.080829,0.083076,0.079614,0.080457,63850036.9142,2023-11-29
0.080457,0.084399,0.0804,0.08343,56156478.6174,2023-11-30
0.08343,0.085063,0.082294,0.083838,50108069.3095,2023-12-01
0.083838,0.086613,0.083337,0.08618,38151547.766,2023-12-02
0.08618,0.08732,0.083693,0.085703,37081032.6745,2023-12-03
0.085703,0.09249,0.084962,0.091791,79342049.9236,2023-12-04
0.091791,0.095778,0.087521,0.09433,79286816.6089,2023-12-05
0.09433,0.106382,0.093463,0.094979,83054501.0638,2023-12-06
0.094979,0.09821,0.092958,0.095902,92720850.3526,2023-12-07
0.095902,0.10375,0.095586,0.101633,119976230.0867,2023-12-08
0.101633,0.104843,0.09747,0.098456,113161258.6369,2023-12-09
0.098456,0.102843,0.096676,0.101858,103109643.753,2023-12-10
0.101858,0.107325,0.090511,0.094139,175924989.1814,2023-12-11
0.094139,0.097984,0.09129,0.093796,150523898.5486,2023-12-12
0.093796,0.097552,0.089825,0.096399,153379683.8737,2023-12-13
0.096399,0.098692,0.09339,0.098333,149550957.6512,2023-12-14
0.098333,0.098701,0.09258,0.093016,138090736.7125,2023-12-15
0.093016,0.0972,0.091637,0.097133,92869244.7666,2023-12-16
0.097133,0.097802,0.092469,0.092947,93393304.3628,2023-12-17
0.092947,0.093789,0.086522,0.092107,109347290.3703,2023-12-18
0.092107,0.093449,0.089278,0.090235,181313840.5295,2023-12-19
0.090235,0.093346,0.089515,0.091521,149780085.3215,2023-12-20
0.091521,0.097857,0.090631,0.094986,87432061.1265,2023-12-21
0.094986,0.095547,0.091983,0.094994,59895885.0573,2023-12-22
0.094994,0.095,0.092061,0.093453,42224820.8843,2023-12-23
0.093453,0.094867,0.090359,0.091713,38236737.2444,2023-12-24
0.091713,0.095356,0.091232,0.094347,34386011.7035,2023-12-25
0.094347,0.094448,0.087,0.091366,44392930.146,2023-12-26
0.091366,0.093845,0.089559,0.093665,39342385.2912,2023-12-27
0.093665,0.094903,0.091126,0.091721,37945271.529,2023-12-28
0.091721,0.092996,0.088754,0.090954,42674474.7359,2023-12-29
0.090954,0.0914,0.089232,0.089998,26444424.7083,2023-12-30
0.089998,0.090881,0.088121,0.089564,28347295.5874,2023-12-31
0.089564,0.092091,0.088507,0.092017,41444476.3511,2024-01-01
0.092017,0.094333,0.090506,0.09109,32411734.0928,2024-01-02
0.09109,0.092077,0.072844,0.081982,76225833.2216,2024-01-03
0.081982,0.0846,0.081,0.084009,51382476.1635,2024-01-04
0.084009,0.084769,0.080188,0.082667,70669537.7292,2024-01-05
0.082667,0.08268,0.078325,0.080589,55106584.7197,2024-01-06
0.080589,0.081455,0.077069,0.078246,57791163.0522,2024-01-07
0.078246,0.08174,0.07413,0.081294,99532994.237,2024-01-08
0.081294,0.083845,0.07652,0.079215,157491762.896,2024-01-09
0.079215,0.084906,0.076288,0.08302,142796481.4292,2024-01-10
0.08302,0.087897,0.082036,0.084568,98987572.8617,2024-01-11
0.084568,0.085456,0.077778,0.080061,90834339.9394,2024-01-12
0.080061,0.081344,0.078627,0.080901,42429537.41,2024-01-13
0.080901,0.083885,0.07969,0.080015,64474915.3311,2024-01-14
0.080015,0.081741,0.079901,0.081045,41609950.7542,2024-01-15
0.081045,0.082534,0.079851,0.081347,69866800.4854,2024-01-16
0.081347,0.081608,0.079371,0.080589,66308040.1028,2024-01-17
0.080589,0.0808,0.076949,0.078062,69750355.7353,2024-01-18
0.078062,0.0788,0.074911,0.078574,99301064.9636,2024-01-19
0.078574,0.090506,0.078212,0.087865,149634613.0939,2024-01-20
0.087865,0.0904,0.084725,0.085448,221982157.8678,2024-01-21
0.085448,0.08559,0.080121,0.080543,176497297.0907,2024-01-22
0.080543,0.081867,0.076029,0.078191,186975401.5627,2024-01-23
0.078191,0.080658,0.077621,0.079047,92987231.0964,2024-01-24
0.079047,0.07925,0.077121,0.07795,69971996.7051,2024-01-25
0.07795,0.080326,0.07755,0.079857,59217695.8938,2024-01-26
0.079857,0.0807,0.079017,0.080126,48853361.8978,2024-01-27
0.080126,0.081429,0.078174,0.078817,59689698.2743,2024-01-28
0.078817,0.083051,0.0782,0.081373,123805168.6346,2024-01-29
0.081373,0.08219,0.079461,0.07972,68704241.4188,2024-01-30
0.07972,0.080253,0.078029,0.078738,80914718.8757,2024-01-31
0.078738,0.079845,0.077424,0.079365,54228863.813,2024-02-01
0.079365,0.079932,0.078609,0.079273,51674644.3985,2024-02-02
0.079273,0.079499,0.078573,0.078746,43820811.5142,2024-02-03
0.078746,0.079941,0.077897,0.078315,44976431.3701,2024-02-04
0.078315,0.080311,0.077336,0.078377,66638304.6779,2024-02-05
0.078377,0.0792,0.077776,0.078477,47131781.5106,2024-02-06
0.078477,0.08031,0.078173,0.080125,46887254.212,2024-02-07
0.080125,0.080833,0.079562,0.079843,49515418.7796,2024-02-08
0.079843,0.082125,0.079843,0.081554,65824167.2052,2024-02-09
0.081554,0.082103,0.080313,0.081427,46040111.4517,2024-02-10
0.081427,0.0835,0.080795,0.081237,56460213.8163,2024-02-11
0.081237,0.082826,0.079488,0.08223,67655631.3786,2024-02-12
0.08223,0.08299,0.079841,0.081083,71077164.1613,2024-02-13
0.081083,0.086962,0.0805,0.08551,113258988.42,2024-02-14
0.08551,0.0882,0.084,0.08529,123011090.597,2024-02-15
0.08529,0.08792,0.084001,0.08594,81348265.5633,2024-02-16
0.08594,0.086067,0.082,0.083556,66708168.5285,2024-02-17
0.083556,0.085729,0.082823,0.085179,57463309.5419,2024-02-18
0.085179,0.090782,0.085051,0.089408,106497076.292,2024-02-19
0.089408,0.091483,0.0828,0.086168,149006161.3192,2024-02-20
0.086168,0.08629,0.082004,0.084543,94960810.6464,2024-02-21
0.084543,0.085479,0.083054,0.084098,68722910.5912,2024-02-22
0.084098,0.0855,0.082892,0.08451,93703360.3954,2024-02-23
0.08451,0.086374,0.0839,0.086136,53139448.0071,2024-02-24
0.086136,0.086799,0.085251,0.086104,56867199.5907,2024-02-25
0.086104,0.09,0.0842,0.089231,76803322.7007,2024-02-26
0.089231,0.10057,0.088479,0.097599,308119987.7045,2024-02-27
0.097599,0.123311,0.094359,0.115859,416823740.6961,2024-02-28
0.115859,0.134943,0.111501,0.117328,555220349.8234,2024-02-29
0.117328,0.14553,0.117114,0.139344,447878557.8169,2024-03-01
0.139344,0.150731,0.136,0.141978,367824479.45,2024-03-02
0.141978,0.156254,0.122868,0.153565,350922857.2485,2024-03-03
0.153565,0.185147,0.144496,0.181972,487900960.8911,2024-03-04
0.181972,0.206399,0.123,0.153173,580812885.73,2024-03-05
0.153173,0.181,0.146258,0.157865,351023179.4026,2024-03-06
0.157865,0.162243,0.146473,0.157562,162637834.9565,2024-03-07
0.157562,0.175855,0.155004,0.164548,506440226.6204,2024-03-08
0.164548,0.184753,0.163,0.178727,833393197.2989,2024-03-09
0.178727,0.179609,0.165337,0.169993,560413710.423,2024-03-10
0.169993,0.183069,0.16,0.182007,787217655.4443,2024-03-11
0.182007,0.18349,0.154706,0.168149,633290824.1122,2024-03-12
0.168149,0.174385,0.164923,0.168947,465838884.9225,2024-03-13
0.168947,0.192659,0.1652,0.177219,1394996206.2314,2024-03-14
0.177219,0.181363,0.150909,0.163551,1200244712.5242,2024-03-15
0.163551,0.165217,0.138,0.142513,884454614.6962,2024-03-16
0.142513,0.15924,0.136768,0.154288,925884925.5628,2024-03-17
0.154288,0.154312,0.140035,0.143516,717279006.9125,2024-03-18
0.143516,0.145177,0.125261,0.128809,1568507488.454,2024-03-19
0.128809,0.153211,0.122847,0.152105,1501604081.327,2024-03-20
0.152105,0.159736,0.146639,0.155369,972273965.6108,2024-03-21
0.155369,0.165,0.14533,0.152973,974104764.1743,2024-03-22
0.152973,0.174831,0.151684,0.161878,851452911.5665,2024-03-23
0.161878,0.179913,0.161158,0.176504,796936787.8734,2024-03-24
0.176504,0.18687,0.170052,0.175269,592669763.2373,2024-03-25
0.175269,0.187,0.174282,0.182297,677976122.1691,2024-03-26
0.182297,0.191742,0.178765,0.190478,822867949.3711,2024-03-27
0.190478,0.228826,0.189235,0.220035,1207398758.6702,2024-03-28
0.220035,0.224827,0.208023,0.213001,576043299.222,2024-03-29
0.213001,0.216857,0.196368,0.199161,400629773.5949,2024-03-30
0.199161,0.224266,0.199108,0.220014,435606868.3322,2024-03-31
0.220014,0.22003,0.197,0.205034,588160883.9094,2024-04-01
0.205034,0.205187,0.180016,0.182481,922845155.7054,2024-04-02
0.182481,0.187421,0.170112,0.175273,705765317.2683,2024-04-03
0.175273,0.188312,0.171918,0.180012,515102099.496,2024-04-04
0.180012,0.180714,0.16751,0.177214,581462046.3119,2024-04-05
0.177214,0.187839,0.176459,0.185747,409021632.2027,2024-04-06
0.185747,0.205228,0.18544,0.198908,492422502.5644,2024-04-07
0.198908,0.208937,0.195524,0.202612,383462468.7554,2024-04-08
0.202612,0.20345,0.185816,0.189155,663593651.9357,2024-04-09
0.189155,0.202218,0.180029,0.199676,956011557.7171,2024-04-10
0.199676,0.203566,0.189804,0.193806,733702726.7909,2024-04-11
0.193806,0.201258,0.156616,0.174074,1439704075.1675,2024-04-12
0.174074,0.175845,0.127206,0.152466,2818097683.8499,2024-04-13
0.152466,0.164996,0.143691,0.162097,2513528465.9977,2024-04-14
0.162097,0.16895,0.15034,0.161213,1929944077.9049,2024-04-15
0.161213,0.162449,0.146307,0.156014,1756706510.0278,2024-04-16
0.156014,0.158739,0.144339,0.147575,873520024.0352,2024-04-17
0.147575,0.153771,0.14097,0.152212,807809674.7086,2024-04-18
0.152212,0.157185,0.138936,0.156319,920099259.9424,2024-04-19
0.156319,0.164999,0.15072,0.162591,676135683.176,2024-04-20
0.162591,0.165832,0.155065,0.158247,534298580.8288,2024-04-21
0.158247,0.163384,0.156503,0.161221,490766933.1705,2024-04-22
0.161221,0.162967,0.156854,0.159811,458590606.5833,2024-04-23
0.159811,0.164482,0.149392,0.151374,562247806.7303,2024-04-24
0.151374,0.154399,0.147438,0.151263,492655598.835,2024-04-25
0.151263,0.151791,0.14688,0.147985,470652685.2856,2024-04-26
0.147985,0.149713,0.142407,0.147761,525143975.1055,2024-04-27
0.147761,0.151064,0.146009,0.146671,396355734.0308,2024-04-28
0.146671,0.14807,0.139733,0.143411,570573394.2906,2024-04-29
0.143411,0.146,0.129202,0.13337,785226175.1676,2024-04-30
0.13337,0.133942,0.1201,0.130198,1187026768.0811,2024-05-01
0.130198,0.134433,0.124063,0.131906,845424256.5059,2024-05-02
0.131906,0.147936,0.131143,0.146024,639552194.13,2024-05-03
0.146024,0.170021,0.145742,0.16008,964823323.5096,2024-05-04
0.16008,0.163511,0.154552,0.160986,550727069.7802,2024-05-05
0.160986,0.169076,0.154124,0.156508,298998387.5067,2024-05-06
0.156508,0.159898,0.149333,0.150006,496674595.536,2024-05-07
0.150006,0.151976,0.142079,0.143222,544019062.7462,2024-05-08
0.143222,0.154157,0.143111,0.152213,506219798.8864,2024-05-09
0.152213,0.153865,0.142248,0.143906,545345161.1224,2024-05-10
0.143906,0.14625,0.142528,0.143066,448510491.188,2024-05-11
0.143066,0.144458,0.1395,0.141218,111661328.4246,2024-05-12
0.141218,0.157273,0.135832,0.148657,798684395.0791,2024-05-13
0.148657,0.155097,0.144298,0.145512,557430408.438,2024-05-14
0.145512,0.156956,0.14533,0.155372,491483881.678,2024-05-15
0.155372,0.15922,0.148763,0.149737,547188087.0169,2024-05-16
0.149737,0.156677,0.149285,0.155531,451202720.2172,2024-05-17
0.155531,0.156842,0.151336,0.153012,271401546.6625,2024-05-18
0.153012,0.156026,0.1475,0.14905,171257053.2201,2024-05-19
0.14905,0.166205,0.147651,0.165686,138999709.5334,2024-05-20
0.165686,0.173332,0.160675,0.170277,2088504393.5767,2024-05-21
0.170277,0.174519,0.161771,0.166367,601292683.6756,2024-05-22
0.166367,0.169444,0.151866,0.159746,1353707518.8524,2024-05-23
0.159746,0.173125,0.155203,0.163825,1921875995.467,2024-05-24
0.163825,0.174138,0.162727,0.173917,898993944.3062,2024-05-25
0.173917,0.17476,0.165479,0.166174,143473845.5496,2024-05-26
0.166174,0.17346,0.164346,0.169164,188637316.1531,2024-05-27
0.169164,0.169874,0.161597,0.164948,516886051.8608,2024-05-28
0.164948,0.170796,0.162222,0.163867,610776776.9203,2024-05-29
0.163867,0.165723,0.156529,0.159499,599399460.4164,2024-05-30
0.159499,0.16259,0.154355,0.159007,473224992.2492,2024-05-31
0.159007,0.161657,0.158414,0.160284,465303156.2212,2024-06-01
0.160284,0.161279,0.154713,0.157136,198218769.2065,2024-06-02
0.157136,0.163514,0.1558,0.158405,456550563.0964,2024-06-03
0.158405,0.1619,0.157088,0.16136,525461796.9045,2024-06-04
0.16136,0.16484,0.161186,0.163266,462996921.151,2024-06-05
0.163266,0.165696,0.158439,0.160135,506249718.5899,2024-06-06
0.160135,0.162155,0.137506,0.148233,877690850.3428,2024-06-07
0.148233,0.148722,0.143569,0.145896,607269094.8241,2024-06-08
0.145896,0.149143,0.144921,0.146772,328422495.2903,2024-06-09
0.146772,0.14792,0.143261,0.144786,380281890.7014,2024-06-10
0.144786,0.14519,0.133685,0.138044,588158908.3624,2024-06-11
0.138044,0.150524,0.13457,0.146205,641909432.8479,2024-06-12
0.146205,0.146479,0.140131,0.141112,445178187.3545,2024-06-13
0.141112,0.143385,0.131942,0.13502,503122065.3511,2024-06-14
0.13502,0.137413,0.134116,0.136724,370477778.8706,2024-06-15
0.136724,0.137727,0.134631,0.13712,380032994.77,2024-06-16
0.13712,0.138198,0.126089,0.128751,481075713.3256,2024-06-17
0.128751,0.129273,0.113619,0.122251,1016461024.6406,2024-06-18
0.122251,0.126764,0.121428,0.122519,470132148.3057,2024-06-19
0.122519,0.128637,0.121359,0.124504,522887641.1522,2024-06-20
0.124504,0.125723,0.121359,0.124165,467288526.2426,2024-06-21
0.124165,0.125478,0.122873,0.123786,392992716.8389,2024-06-22
0.123786,0.126361,0.121068,0.122211,432554961.6343,2024-06-23
0.122211,0.123967,0.113699,0.119029,616143901.6319,2024-06-24
0.119029,0.128547,0.118829,0.126127,523204095.605,2024-06-25
0.126127,0.12861,0.121781,0.12282,455193563.5021,2024-06-26
0.12282,0.128498,0.120625,0.127166,430820073.3864,2024-06-27
0.127166,0.128524,0.122255,0.123115,437873286.1828,2024-06-28
0.123115,0.124466,0.121382,0.121896,411201943.8654,2024-06-29
0.121896,0.12561,0.120556,0.124484,416934851.6202,2024-06-30
0.124484,0.12751,0.123256,0.123505,404003258.9861,2024-07-01
0.123505,0.125407,0.122431,0.125298,416112151.3057,2024-07-02
0.125298,0.125571,0.116837,0.118529,453795950.4385,2024-07-03
0.118529,0.119168,0.103877,0.105026,778885456.3248,2024-07-04
0.105026,0.106476,0.0916,0.105424,1655586811.6672,2024-07-05
0.105424,0.114171,0.104675,0.113426,750954663.551,2024-07-06
0.113426,0.113515,0.10357,0.104107,608318639.7089,2024-07-07
0.104107,0.111381,0.098695,0.107571,1051528830.6701,2024-07-08
0.107571,0.109504,0.10579,0.107576,582906600.2405,2024-07-09
0.107576,0.110498,0.10572,0.108002,537274248.6628,2024-07-10
0.108002,0.112397,0.106151,0.106648,589632641.4536,2024-07-11
0.106648,0.108333,0.10478,0.107687,490366043.9899,2024-07-12
0.107687,0.112979,0.107304,0.112295,490449771.7108,2024-07-13
0.112295,0.116918,0.11109,0.115381,448605760.2076,2024-07-14
0.115381,0.125554,0.114597,0.124903,556583919.9258,2024-07-15
0.124903,0.127825,0.118948,0.124791,643547298.6377,2024-07-16
0.124791,0.127677,0.120298,0.121787,475834946.231,2024-07-17
0.121787,0.123962,0.117166,0.119569,485748204.0248,2024-07-18
0.119569,0.126052,0.117432,0.125459,483559394.5972,2024-07-19
0.125459,0.135787,0.124285,0.134262,593827641.7487,2024-07-20
0.134262,0.143682,0.125757,0.140246,700605830.2834,2024-07-21
0.140246,0.142766,0.135851,0.137755,597865302.2984,2024-07-22
0.137755,0.139225,0.128097,0.13033,570346511.8496,2024-07-23
0.13033,0.134853,0.126895,0.127963,484802453.626,2024-07-24
0.127963,0.128791,0.120133,0.125264,664202760.3217,2024-07-25
0.125264,0.13505,0.125063,0.134289,501852092.1187,2024-07-26
0.134289,0.138829,0.130089,0.131449,673709928.7494,2024-07-27
0.131449,0.131826,0.128105,0.130041,401413209.3253,2024-07-28
0.130041,0.1351,0.1276,0.128446,439671411.8832,2024-07-29
0.128446,0.13068,0.123259,0.125515,462032248.8738,2024-07-30
0.125515,0.127393,0.121181,0.121949,478119231.9779,2024-07-31
0.121949,0.123142,0.112141,0.119035,608546651.6081,2024-08-01
0.119035,0.119835,0.11021,0.111545,681608263.5286,2024-08-02
0.111545,0.11475,0.105225,0.108138,729119456.6249,2024-08-03
0.108138,0.109439,0.099033,0.103749,795502451.9253,2024-08-04
0.103749,0.104281,0.080507,0.094273,4146719225.952,2024-08-05
0.094273,0.101448,0.09402,0.096417,1235401766.6678,2024-08-06
0.096417,0.102,0.094255,0.095569,1200769699.2734,2024-08-07
0.095569,0.107933,0.093522,0.107413,852020924.8441,2024-08-08
0.107413,0.107759,0.101583,0.103803,618153570.5781,2024-08-09
0.103803,0.105897,0.102835,0.105145,512564710.9632,2024-08-10
0.105145,0.110918,0.10001,0.100571,588195458.541,2024-08-11
0.100571,0.108723,0.100104,0.107859,763183797.0905,2024-08-12
0.107859,0.108994,0.103322,0.10633,596063864.3938,2024-08-13
0.10633,0.10692,0.101384,0.10239,548232107.4716,2024-08-14
0.10239,0.10494,0.097939,0.10021,608964320.8951,2024-08-15
0.10021,0.10202,0.09741,0.1003,600391754.4246,2024-08-16
0.1003,0.10364,0.09997,0.10272,462623848.1174,2024-08-17
0.10272,0.10444,0.09999,0.10003,473949435.0879,2024-08-18
0.10003,0.10185,0.09862,0.1013,498341971.333,2024-08-19
0.1013,0.10579,0.10102,0.10291,631235973.6149,2024-08-20
0.10291,0.107911,0.10217,0.10614,561528419.1712,2024-08-21
0.10614,0.10686,0.10397,0.10525,494028049.0953,2024-08-22
0.10525,0.1154,0.10522,0.11288,638688603.4652,2024-08-23
0.11288,0.11497,0.11081,0.11259,502602528.1144,2024-08-24
0.11259,0.11286,0.1078,0.10958,501838920.3195,2024-08-25
0.10958,0.11028,0.10442,0.1052,507632768.0349,2024-08-26
0.1052,0.10651,0.096313,0.09887,576719160.4465,2024-08-27
0.09887,0.10183,0.09677,0.09956,638081140.1844,2024-08-28
0.09956,0.10253,0.09818,0.10034,567990937.9465,2024-08-29
0.10034,0.10302,0.09696,0.10172,608102335.3238,2024-08-30
0.10172,0.10233,0.10033,0.10122,447663454.2395,2024-08-31
0.10122,0.10144,0.09392,0.09508,543963323.4415,2024-09-01
0.09508,0.09985,0.09408,0.0991,584544372.7122,2024-09-02
0.0991,0.10079,0.09643,0.09676,523098812.3446,2024-09-03
0.09676,0.09949,0.09191,0.098,644561780.871,2024-09-04
0.098,0.09922,0.09602,0.09844,579511391.5326,2024-09-05
0.09844,0.09948,0.08894,0.09253,805427798.9492,2024-09-06
0.09253,0.09568,0.09175,0.09536,497305788.465,2024-09-07
0.09536,0.09693,0.09384,0.09609,526978259.3956,2024-09-08
0.09609,0.10488,0.09565,0.10371,633199088.2207,2024-09-09
0.10371,0.10454,0.10149,0.10275,494334401.0825,2024-09-10
0.10125,0.10328,0.10042,0.10262,495050996.7006,2024-09-12
0.10262,0.10846,0.10176,0.10693,540445940.4916,2024-09-13
0.10693,0.10767,0.10431,0.10538,465004914.1984,2024-09-14
0.10538,0.10637,0.10214,0.10276,473116685.4517,2024-09-15
0.10276,0.10318,0.09834,0.09966,498936726.3223,2024-09-16
0.09966,0.10261,0.09863,0.10108,493769039.2694,2024-09-17
0.10108,0.10385,0.09933,0.10381,563317892.019,2024-09-18
0.10381,0.10705,0.10345,0.10496,549703831.4794,2024-09-19
0.10496,0.10743,0.10358,0.10554,485304759.169,2024-09-20
0.10554,0.11047,0.10403,0.10994,429756201.7609,2024-09-21
0.10994,0.10999,0.10382,0.10633,486627403.8032,2024-09-22
0.10633,0.10916,0.10415,0.10805,511497174.0838,2024-09-23
0.10805,0.11064,0.10675,0.10981,496612200.5526,2024-09-24
0.10981,0.11112,0.10807,0.10854,486574195.7378,2024-09-25
0.10854,0.120705,0.10701,0.11814,601269520.7474,2024-09-26
0.11814,0.128706,0.11702,0.12354,618332750.9983,2024-09-27
0.12354,0.132002,0.12018,0.12811,588394153.6423,2024-09-28
0.12811,0.13042,0.12439,0.1244,434038819.2648,2024-09-29
0.1244,0.12465,0.11345,0.1143,539401941.9038,2024-09-30
0.1143,0.11939,0.10261,0.10683,802147608.1186,2024-10-01
0.10683,0.10949,0.10224,0.10459,754991637.8162,2024-10-02
0.10459,0.10676,0.10104,0.10508,762302799.8851,2024-10-03
0.10508,0.1106,0.1048,0.10927,591515346.3191,2024-10-04
0.10927,0.11022,0.10743,0.10939,426741967.1518,2024-10-05
0.10939,0.11285,0.10843,0.11156,462186087.3122,2024-10-06
0.11156,0.11538,0.10826,0.1084,514390792.9676,2024-10-07
0.1084,0.10985,0.10526,0.10711,510933586.0845,2024-10-08
0.10711,0.11146,0.10606,0.10792,522927087.0523,2024-10-09
0.10792,0.10869,0.10313,0.10602,540686537.3597,2024-10-10
0.10602,0.11133,0.10562,0.11073,466603242.1097,2024-10-11
0.11073,0.11207,0.1093,0.11138,426571996.1977,2024-10-12
0.11138,0.11206,0.10865,0.1113,480413475.4952,2024-10-13
0.1113,0.11762,0.10925,0.11665,502376481.635,2024-10-14
0.11665,0.11924,0.11015,0.11747,757043069.4533,2024-10-15
0.11747,0.12998,0.11578,0.12569,945721243.9774,2024-10-16
0.12569,0.13096,0.12053,0.12968,631982170.6471,2024-10-17
0.12968,0.140816,0.12955,0.13717,700561956.8337,2024-10-18
0.13717,0.14693,0.137,0.14406,533084603.2209,2024-10-19
0.14406,0.14565,0.13729,0.14213,490365519.0678,2024-10-20
0.14213,0.14966,0.13822,0.14371,590065834.6004,2024-10-21
0.14371,0.14848,0.13654,0.13975,471545655.0945,2024-10-22
0.13975,0.141,0.1332,0.14002,476334252.2867,2024-10-23
0.14002,0.14386,0.13634,0.14193,503995369.0588,2024-10-24
0.14193,0.14277,0.12785,0.13164,518533652.8053,2024-10-25
0.13164,0.13815,0.13078,0.13748,436380599.0356,2024-10-26
0.13748,0.14628,0.13611,0.14428,392031832.0032,2024-10-27
0.14428,0.16253,0.14119,0.16141,815198579.0476,2024-10-28
0.16141,0.17968,0.16053,0.17585,777442789.5982,2024-10-29
0.17585,0.17796,0.16454,0.16828,488013290.2811,2024-10-30
0.16828,0.17362,0.1565,0.16172,488326690.7774,2024-10-31
0.16172,0.16895,0.15423,0.15899,664295059.0704,2024-11-01
0.15899,0.16357,0.1555,0.15954,387120545.7545,2024-11-02
0.15954,0.15985,0.14227,0.1514,647173084.9132,2024-11-03
0.1514,0.16029,0.14824,0.15828,812930055.355,2024-11-04
0.15828,0.17944,0.158,0.17013,804174778.3447,2024-11-05
0.17013,0.21929,0.16921,0.19655,1945875679.0086,2024-11-06
0.19655,0.20427,0.18542,0.1934,624289132.3761,2024-11-07
0.1934,0.20696,0.19061,0.20212,532712787.96,2024-11-08
0.20212,0.21998,0.19741,0.21882,474247839.8474,2024-11-09
0.21882,0.29753,0.21648,0.27769,1872018736.6596,2024-11-10
0.27769,0.35158,0.27273,0.35135,1676276925.6122,2024-11-11
0.35135,0.43859,0.32707,0.3797,2475305342.0028,2024-11-12
0.3797,0.43361,0.35144,0.39892,1601122921.9335,2024-11-13
0.39892,0.41667,0.3525,0.36255,1250611261.6472,2024-11-14
0.36255,0.38481,0.35262,0.38154,1077437287.6811,2024-11-15
0.38154,0.39144,0.35996,0.36415,631010198.3144,2024-11-16
0.36415,0.37572,0.34,0.36706,831418828.0384,2024-11-17
0.36706,0.38074,0.35748,0.37116,881788545.7837,2024-11-18
0.37116,0.4199,0.36625,0.3908,1158358121.785,2024-11-19
0.3908,0.39654,0.3649,0.3777,815472558.6297,2024-11-20
0.3777,0.39559,0.36891,0.38661,656901751.7582,2024-11-21
0.38661,0.42033,0.38082,0.41274,1340596452.8688,2024-11-22
0.41274,0.47996,0.40415,0.43018,1746990373.3841,2024-11-23
0.43018,0.45337,0.39945,0.43001,955304489.8895,2024-11-24
0.43001,0.43753,0.3809,0.39276,927717329.3429,2024-11-25
0.39276,0.40873,0.365,0.38699,852820763.5597,2024-11-26
0.38699,0.40772,0.38031,0.40093,524256141.1838,2024-11-27
0.40093,0.42872,0.39117,0.40156,461806615.2591,2024-11-28
0.40156,0.43739,0.39947,0.42624,566002680.1863,2024-11-29
0.42624,0.43566,0.41389,0.42159,429537818.7314,2024-11-30
0.42159,0.44972,0.41644,0.44056,649284416.695,2024-12-01
0.44056,0.46338,0.40044,0.42462,1204582815.1748,2024-12-02
0.42462,0.42956,0.38826,0.4063,839666416.2068,2024-12-03
0.4063,0.4365,0.4,0.43285,703825465.5484,2024-12-04
0.43285,0.46548,0.40689,0.42686,1422340871.4986,2024-12-05
0.42686,0.44139,0.41983,0.43469,673690193.8616,2024-12-06
0.43469,0.46621,0.43058,0.45283,704493124.0184,2024-12-07
0.45283,0.48433,0.44618,0.46634,676805359.7235,2024-12-08
0.46634,0.46734,0.38051,0.414,1547264631.008,2024-12-09
0.414,0.42299,0.36539,0.39413,1379901599.9232,2024-12-10
0.39413,0.41906,0.37512,0.41398,667894696.314,2024-12-11
0.41398,0.42409,0.40122,0.40615,578466809.862,2024-12-12
0.40615,0.41223,0.39908,0.40897,377960425.9116,2024-12-13
0.40897,0.41397,0.38739,0.39824,346502863.8914,2024-12-14
0.39824,0.41127,0.39251,0.40658,336637825.2365,2024-12-15
0.40658,0.41494,0.39244,0.40194,427837135.3523,2024-12-16
0.40194,0.41024,0.39123,0.39413,383317842.4329,2024-12-17
0.39413,0.39634,0.3511,0.35842,984163763.3644,2024-12-18
0.35842,0.36726,0.30018,0.31428,1757684803.6668,2024-12-19
0.31428,0.32905,0.26236,0.31785,1931363170.4098,2024-12-20
0.31785,0.34997,0.31408,0.32002,901611490.0878,2024-12-21
0.32002,0.32454,0.30509,0.3126,698536271.2288,2024-12-22
0.3126,0.3288,0.30291,0.32489,603734440.0831,2024-12-23
0.32489,0.34053,0.31637,0.33722,284474331.3188,2024-12-24
0.33722,0.34217,0.32655,0.3343,224669534.8099,2024-12-25
0.3343,0.33784,0.30852,0.31262,298511559.3779,2024-12-26
0.31262,0.32475,0.30883,0.31186,257982553.2198,2024-12-27
0.31186,0.32741,0.31144,0.32438,183817210.9352,2024-12-28
0.32438,0.32978,0.31205,0.31433,217736607.4584,2024-12-29
0.31433,0.32337,0.30679,0.31408,352932886.4505,2024-12-30
0.31408,0.32908,0.30937,0.31604,267983869.4464,2024-12-31
0.31604,0.32742,0.31202,0.32517,163295035.1191,2025-01-01
0.32517,0.345,0.32465,0.33899,330714099.7174,2025-01-02
0.33899,0.38953,0.33585,0.38003,524838729.6175,2025-01-03
0.38003,0.39866,0.37666,0.39502,475107097.0749,2025-01-04
0.39502,0.39781,0.37535,0.38224,275899424.4042,2025-01-05
0.38224,0.39554,0.37603,0.3879,331476710.7477,2025-01-06
0.3879,0.39833,0.3473,0.3481,879450036.8789,2025-01-07
0.3481,0.35522,0.32464,0.34249,646077391.1791,2025-01-08
0.34249,0.34697,0.31425,0.32092,494579668.5796,2025-01-09
0.32092,0.33946,0.32092,0.33379,489060697.4476,2025-01-10
0.33379,0.34803,0.32952,0.3411,178704815.6772,2025-01-11
0.3411,0.34333,0.3318,0.33588,187890537.4382,2025-01-12
0.33588,0.34599,0.30984,0.3381,413968224.8151,2025-01-13
0.3381,0.36214,0.33582,0.35588,319861485.0362,2025-01-14
0.35588,0.38786,0.34831,0.38562,158791370.5572,2025-01-15
0.38562,0.39012,0.3678,0.37637,80645005.1874,2025-01-16
0.37637,0.42179,0.37569,0.41524,102516765.3284,2025-01-17
0.41524,0.43425,0.38407,0.39652,170083242.1293,2025-01-18
0.39652,0.41007,0.34694,0.35827,422340464.3706,2025-01-19
0.35827,0.38654,0.3451,0.35469,569810307.6533,2025-01-20
0.35469,0.40219,0.33588,0.37187,633643585.2518,2025-01-21
0.37187,0.37382,0.35535,0.3629,50709938.3122,2025-01-22
0.3629,0.36443,0.34159,0.35214,82760767.7348,2025-01-23
0.35214,0.36465,0.34294,0.35073,29779483.3633,2025-01-24
0.35073,0.36126,0.3455,0.35346,29701277.7183,2025-01-25
0.35346,0.35735,0.33511,0.33614,22946036.0845,2025-01-26
0.33614,0.3371,0.30515,0.33388,132846339.6872,2025-01-27
0.33388,0.33904,0.3151,0.31889,36304254.9598,2025-01-28
0.31889,0.33467,0.31688,0.32403,44677113.1003,2025-01-29
0.32403,0.33873,0.3221,0.33157,14634864.1478,2025-01-30
0.33157,0.34164,0.32352,0.32884,33485596.9699,2025-01-31
0.32884,0.33221,0.30356,0.3078,22732720.6742,2025-02-01
0.3078,0.31482,0.25018,0.26804,368372376.1434,2025-02-02
0.26804,0.29269,0.20249,0.28474,1927360764.1245,2025-02-03
0.28474,0.28894,0.25533,0.2635,209465934.3249,2025-02-04
0.2635,0.26918,0.25333,0.25598,38304126.8933,2025-02-05
0.25598,0.26589,0.24288,0.24786,56086291.7434,2025-02-06
0.24786,0.26157,0.23877,0.24657,61606491.3441,2025-02-07
0.24657,0.25411,0.24447,0.2529,14647326.558,2025-02-08
0.2529,0.26,0.23984,0.24895,28274253.2932,2025-02-09
0.24895,0.25647,0.24166,0.25549,35051080.7088,2025-02-10
0.25549,0.27008,0.24853,0.25303,41368056.124,2025-02-11
0.25303,0.2673,0.24668,0.26419,85812584.1626,2025-02-12
0.26419,0.26715,0.25336,0.26246,37619494.9184,2025-02-13
0.26246,0.28668,0.26087,0.27178,63275379.1616,2025-02-14
0.27178,0.28334,0.26836,0.2718,25434267.7624,2025-02-15
0.2718,0.27413,0.2636,0.26573,15979061.4164,2025-02-16
0.26573,0.26888,0.25373,0.25819,61543872.6152,2025-02-17
0.25819,0.2598,0.24209,0.25127,115978679.6549,2025-02-18
0.25127,0.25538,0.24888,0.25484,83147676.5741,2025-02-19
0.25484,0.25756,0.2498,0.2547,108473570.7764,2025-02-20
0.2547,0.26117,0.23437,0.23946,242957686.1072,2025-02-21
0.23946,0.24769,0.23801,0.24649,114249380.1019,2025-02-22
0.24649,0.24748,0.2404,0.24284,78716332.4941,2025-02-23
0.24284,0.24394,0.20598,0.21054,291707031.2323,2025-02-24
0.21054,0.21465,0.19558,0.21163,414642357.4495,2025-02-25
0.21163,0.21404,0.19619,0.20352,282374617.1659,2025-02-26
0.20352,0.2115,0.201,0.20689,187264166.6352,2025-02-27
0.20689,0.20726,0.18164,0.20181,406663545.5248,2025-02-28
0.20181,0.20898,0.19931,0.20669,161579738.6772,2025-03-01
0.20669,0.24216,0.20178,0.23939,456048981.9975,2025-03-02
0.23939,0.24055,0.19338,0.19913,360314162.6412,2025-03-03
0.19913,0.2022,0.18283,0.19902,331205695.7842,2025-03-04
0.19902,0.20656,0.19635,0.20469,180831557.7151,2025-03-05
0.20469,0.2201,0.19913,0.20155,247744112.0051,2025-03-06
0.20155,0.20868,0.19033,0.1984,251907117.3653,2025-03-07
0.1984,0.20092,0.19113,0.19236,107236843.8917,2025-03-08
0.19236,0.19423,0.1654,0.16811,272550831.439,2025-03-09
0.16811,0.18088,0.15041,0.15402,405913506.8186,2025-03-10
0.15402,0.16866,0.1428,0.16451,479721142.1845,2025-03-11
0.16451,0.17408,0.1595,0.17242,299413534.0961,2025-03-12
0.17242,0.17292,0.16159,0.16522,214489836.7144,2025-03-13
0.16522,0.17626,0.16466,0.17188,178392513.2963,2025-03-14
0.17188,0.1778,0.17124,0.17594,109741075.2551,2025-03-15
0.17594,0.17684,0.16571,0.16815,148567078.3847,2025-03-16
0.16815,0.17627,0.16804,0.17338,154775147.6519,2025-03-17
0.17338,0.1735,0.1629,0.16802,195905605.9785,2025-03-18
0.16802,0.17879,0.16685,0.17799,235600263.8434,2025-03-19
0.17799,0.17919,0.16662,0.16946,157428760.1356,2025-03-20
0.16946,0.17163,0.16482,0.16734,113243654.0654,2025-03-21
0.16734,0.1698,0.16669,0.16747,67703681.3329,2025-03-22
0.16747,0.17267,0.16712,0.17267,88167114.6215,2025-03-23
0.17267,0.1891,0.17076,0.18308,243785831.2049,2025-03-24
0.18308,0.19368,0.18093,0.19072,255968459.6896,2025-03-25
0.19072,0.20583,0.18943,0.19489,312160331.892,2025-03-26
0.19489,0.20058,0.18774,0.19043,212793817.4462,2025-03-27
0.19043,0.19285,0.1772,0.18025,245806676.3177,2025-03-28
0.18025,0.18255,0.16587,0.16952,201870629.3186,2025-03-29
0.16952,0.1724,0.16451,0.16646,158026378.6281,2025-03-30
0.16646,0.16833,0.1601,0.16662,223176475.1578,2025-03-31
0.16662,0.17575,0.16603,0.17403,266056105.9974,2025-04-01
0.17403,0.17999,0.16198,0.16384,338183751.8115,2025-04-02
0.16384,0.16742,0.1554,0.16232,217538645.0815,2025-04-03
0.16232,0.17276,0.16002,0.17124,263130673.6419,2025-04-04
0.17124,0.17165,0.16611,0.169,94991011.5358,2025-04-05
0.169,0.16998,0.14586,0.14929,255523030.4245,2025-04-06
0.14929,0.15405,0.13,0.14953,794685128.7259,2025-04-07
0.14953,0.15704,0.14113,0.14225,410922682.761,2025-04-08
0.14225,0.16423,0.1365,0.16032,618266593.4987,2025-04-09
0.16032,0.16042,0.14888,0.15357,304114651.8486,2025-04-10
0.15357,0.16255,0.15328,0.16005,222517014.3806,2025-04-11
0.16005,0.16946,0.15777,0.16766,221338797.8122,2025-04-12
0.16766,0.1687,0.16099,0.16256,208403202.5635,2025-04-13
0.16256,0.1696,0.15741,0.15857,272600556.4675,2025-04-14
0.15857,0.16132,0.15311,0.15355,218818267.0553,2025-04-15
0.15355,0.15733,0.15023,0.1547,225748125.3035,2025-04-16
0.1547,0.15943,0.15303,0.1558,140088053.7537,2025-04-17
0.1558,0.15892,0.15356,0.15758,132473667.8016,2025-04-18
0.15758,0.16087,0.15627,0.15732,108977122.0306,2025-04-19
0.15732,0.15961,0.15254,0.15525,125064255.6034,2025-04-20
0.15525,0.16357,0.155,0.15937,232649936.7002,2025-04-21
0.15937,0.17995,0.15729,0.17856,365198783.2049,2025-04-22
0.17856,0.18535,0.17493,0.17867,392709404.6822,2025-04-23
0.17867,0.18327,0.16989,0.1826,340749425.5136,2025-04-24
0.1826,0.18622,0.17754,0.18158,326552171.0784,2025-04-25
0.18158,0.193,0.1802,0.18195,246486953.6536,2025-04-26
0.18195,0.18355,0.17648,0.17933,213138016.7898,2025-04-27
0.17933,0.18273,0.17377,0.17904,295771036.5982,2025-04-28
0.17904,0.18075,0.17241,0.17468,196959595.0195,2025-04-29
0.17468,0.17661,0.1668,0.17227,241058019.9714,2025-04-30
0.17227,0.18331,0.17207,0.18068,232067791.1989,2025-05-01
0.18068,0.18447,0.1792,0.1815,196229012.9506,2025-05-02
0.1815,0.18213,0.17525,0.17567,105238177.5634,2025-05-03
0.17567,0.17741,0.17,0.1705,115761620.78,2025-05-04
0.1705,0.17461,0.16821,0.17059,135429202.0243,2025-05-05
0.17059,0.17254,0.16425,0.17215,189883110.4855,2025-05-06
0.17215,0.17445,0.169,0.17201,151560215.8669,2025-05-07
0.17201,0.19847,0.17171,0.19821,422526863.2678,2025-05-08
0.19821,0.21443,0.19298,0.20531,533306428.0155,2025-05-09
0.20531,0.25103,0.20335,0.25064,662762696.5729,2025-05-10
0.25064,0.25964,0.22215,0.23181,562021055.6355,2025-05-11
0.23181,0.25342,0.22051,0.23108,780641436.3134,2025-05-12
0.23108,0.24316,0.21737,0.24082,474940453.289,2025-05-13
0.24082,0.24759,0.22815,0.23274,344190880.2864,2025-05-14
0.23274,0.23679,0.21378,0.21941,451255055.2393,2025-05-15
0.21941,0.23089,0.21805,0.22109,280499657.4694,2025-05-16
0.22109,0.2222,0.21077,0.2146,297400427.7138,2025-05-17
0.2146,0.2377,0.21407,0.23313,441846130.655,2025-05-18
0.23313,0.23584,0.2139,0.22444,373854371.5092,2025-05-19
0.22444,0.23077,0.2177,0.2262,331038194.5197,2025-05-20
0.2262,0.23801,0.22261,0.234,514521385.8048,2025-05-21
0.234,0.24577,0.23382,0.2456,458793532.3337,2025-05-22
0.2456,0.25435,0.22306,0.22521,640368687.3656,2025-05-23
0.22521,0.23049,0.22364,0.22507,201153863.1597,2025-05-24
0.22507,0.22641,0.2157,0.22498,249947692.34,2025-05-25
0.22498,0.23036,0.22246,0.22595,208736042.7086,2025-05-26
0.22595,0.2321,0.21965,0.22603,265714483.5004,2025-05-27
0.22603,0.2279,0.21684,0.22098,212471947.9247,2025-05-28
0.22098,0.22792,0.21403,0.21489,339400129.1816,2025-05-29
0.21489,0.21643,0.19059,0.19356,603927620.7512,2025-05-30
0.19356,0.19551,0.18555,0.1925,358355076.2786,2025-05-31
0.1925,0.19482,0.18646,0.19355,213754926.152,2025-06-01
0.19355,0.19638,0.18851,0.19503,203719178.7412,2025-06-02
0.19503,0.20054,0.19138,0.19304,230707726.2233,2025-06-03
0.19304,0.19701,0.18699,0.18814,172865416.5505,2025-06-04
0.18814,0.19245,0.16806,0.17107,527513365.3736,2025-06-05
0.17107,0.18446,0.16947,0.17877,342853413.8834,2025-06-06
0.17877,0.18862,0.17777,0.18514,207353273.0962,2025-06-07
0.18514,0.18698,0.18053,0.18414,154774499.6513,2025-06-08
0.18414,0.19607,0.18021,0.19484,287704709.3612,2025-06-09
0.19484,0.19854,0.18882,0.19849,323311967.1146,2025-06-10
0.19849,0.20648,0.1913,0.19298,276414310.2000091,2025-06-11
0.19298,0.19371,0.18003,0.18113,146441952.81935832,2025-06-12
0.18113,0.1815,0.16991,0.1804,239669395.32294086,2025-06-13
0.1804,0.18042,0.17455,0.17824,71424341.63930294,2025-06-14
0.17824,0.17864,0.17147,0.17553,71692078.50099792,2025-06-15
0.17553,0.18114,0.17213,0.17269,111687158.66874655,2025-06-16
0.17269,0.1761,0.164,0.16933,133755949.1958623,2025-06-17
0.16933,0.17215,0.16403,0.1707,104584988.5050638,2025-06-18
0.1707,0.172,0.16777,0.17094,47567488.84313017,2025-06-19
0.17094,0.17197,0.1584,0.16237,129300703.81350045,2025-06-20
0.16237,0.16438,0.15024,0.15448,92184449.13101237,2025-06-21
0.15448,0.1577,0.14269,0.15122,216453843.82875252,2025-06-22
0.15122,0.16522,0.14854,0.16374,208286191.77337414,2025-06-23
0.16374,0.16762,0.16165,0.16569,110530391.6734073,2025-06-24
0.16569,0.16765,0.16255,0.16459,108165442.40927833,2025-06-25
0.16459,0.16807,0.15794,0.16005,81364629.59877191,2025-06-26
0.16005,0.16303,0.15707,0.16103,62441631.95989714,2025-06-27
0.16103,0.16506,0.16043,0.16365,32442805.90286185,2025-06-28
0.16365,0.17009,0.16262,0.16948,55217786.45493132,2025-06-29
0.16948,0.16992,0.16224,0.1652,156005284.5363665,2025-06-30
0.1652,0.16629,0.15674,0.15777,68928413.47253902,2025-07-01
0.15777,0.17269,0.15658,0.1687,219497992.75805023,2025-07-02
0.1687,0.17543,0.16745,0.172,226897398.22044286,2025-07-03
0.172,0.17296,0.1613,0.1629,145027875.35191193,2025-07-04
0.1629,0.16506,0.16196,0.16422,44445445.40016499,2025-07-05
0.16422,0.17519,0.16313,0.17195,138423146.80528164,2025-07-06
0.17195,0.17711,0.16571,0.16795,171573890.19164667,2025-07-07
0.16795,0.17202,0.16596,0.17092,125172266.97346032,2025-07-08
0.18051,0.19635,0.17874,0.19507,199434369.6223062,2025-07-10
0.19507,0.21364,0.19115,0.20113,506842035.24052817,2025-07-11
0.20113,0.20655,0.19189,0.19743,171775354.87425867,2025-07-12
0.19743,0.20409,0.19571,0.19855,167800124.20849046,2025-07-13
0.19855,0.21083,0.19462,0.19752,324562368.0020094,2025-07-14
0.19752,0.19934,0.18853,0.1992,274899833.5469178,2025-07-15
0.1992,0.22066,0.19558,0.21266,455205719.79441893,2025-07-16
0.21266,0.22227,0.20667,0.2182,393119263.93976957,2025-07-17
0.2182,0.25414,0.21621,0.23577,956883165.4772044,2025-07-18
0.23577,0.2578,0.23557,0.24144,406491525.06420726,2025-07-19
0.24144,0.27824,0.23997,0.27375,753474506.987035,2025-07-20
0.27375,0.28752,0.2643,0.27147,574261592.7224323,2025-07-21
0.27147,0.275,0.25758,0.2709,395172719.4468706,2025-07-22
0.2709,0.27108,0.23065,0.24075,509830705.5000464,2025-07-23
0.24075,0.2466,0.22175,0.23218,430005368.8896786,2025-07-24
0.23218,0.23694,0.2209,0.23672,401086174.5873662,2025-07-25
0.23672,0.24025,0.23294,0.23544,152272366.62503806,2025-07-26
0.23544,0.24371,0.23438,0.24066,256032601.06393558,2025-07-27
0.24066,0.24855,0.22435,0.22617,411991906.6350907,2025-07-28
0.22617,0.23278,0.21742,0.22395,265318900.06620178,2025-07-29
0.22395,0.22655,0.20886,0.21994,271062731.879955,2025-07-30
0.21994,0.2257,0.20818,0.20981,274879992.6147131,2025-07-31
0.20981,0.21248,0.19568,0.20117,617037606.8687537,2025-08-01
0.20117,0.20347,0.1894,0.19099,275049268.6260139,2025-08-02
0.19099,0.20045,0.18864,0.19872,200697264.9133937,2025-08-03
0.19872,0.21124,0.19847,0.2104,266318498.47111896,2025-08-04
0.2104,0.21105,0.19605,0.19987,227253039.34512272,2025-08-05
0.19987,0.20715,0.19566,0.20528,150925194.2441184,2025-08-06
0.20528,0.22303,0.20334,0.22235,261838993.508264,2025-08-07
0.22235,0.23249,0.21953,0.2303,334765558.97072715,2025-08-08
0.2303,0.24669,0.2297,0.23993,366495036.03782374,2025-08-09
0.23993,0.2435,0.22939,0.23389,251359636.6866605,2025-08-10
0.23389,0.24178,0.22119,0.22205,386633921.9953983,2025-08-11
0.22205,0.23846,0.21875,0.23578,324645873.895774,2025-08-12
0.23578,0.25052,0.23136,0.24483,382317118.0803649,2025-08-13
0.24483,0.25573,0.21721,0.22388,588325348.97578,2025-08-14
0.22388,0.23295,0.22014,0.22889,436070655.6168007,2025-08-15
0.22889,0.23626,0.22519,0.2311,237593757.94729567,2025-08-16
0.2311,0.24255,0.22844,0.23458,183302125.45669284,2025-08-17
0.23458,0.23555,0.21991,0.22264,384825091.7983848,2025-08-18
0.22264,0.22569,0.20869,0.20948,327405468.78509724,2025-08-19
0.20948,0.22287,0.20769,0.22169,255207558.25022048,2025-08-20
0.22169,0.22444,0.21382,0.2147,191237907.98831755,2025-08-21
0.2147,0.24223,0.20828,0.24044,486357936.9159277,2025-08-22
0.24044,0.24079,0.2289,0.23633,251250790.16429314,2025-08-23
0.23633,0.24493,0.22764,0.23183,362735674.42553794,2025-08-24
0.23183,0.23455,0.20588,0.20971,409170059.01108116,2025-08-25
0.20971,0.22002,0.2072,0.21837,232956307.0478364,2025-08-26
0.21837,0.22389,0.21605,0.21894,249385471.39384347,2025-08-27
0.21894,0.2259,0.2167,0.22438,213003904.2410003,2025-08-28
0.22438,0.22538,0.20979,0.21392,302525797.616685,2025-08-29
0.21392,0.21884,0.21131,0.21593,134474589.1969683,2025-08-30
0.21593,0.22133,0.21327,0.21365,90048173.85968225,2025-08-31
0.21365,0.21987,0.20473,0.21078,303575649.6719404,2025-09-01
0.21078,0.2156,0.20659,0.21484,209099955.4431523,2025-09-02
0.21484,0.22349,0.21246,0.22029,139884358.007506,2025-09-03
0.22029,0.22107,0.21047,0.21243,177825302.04799572,2025-09-04
0.21243,0.22096,0.21182,0.21785,286308355.4104044,2025-09-05
0.21785,0.21889,0.21225,0.21587,150992011.36981675,2025-09-06
0.21587,0.22924,0.21568,0.22868,187573850.2001705,2025-09-07
0.22868,0.24408,0.22655,0.24159,356095431.28143615,2025-09-08
0.24159,0.24949,0.23357,0.24066,633680683.341797,2025-09-09
0.24066,0.24867,0.23614,0.24532,554925972.9616926,2025-09-10
0.24532,0.25693,0.24234,0.25603,301809218.80458647,2025-09-11
0.25603,0.27858,0.2548,0.27553,309416860.0509924,2025-09-12
0.27553,0.30686,0.27268,0.28943,581294830.9989132,2025-09-13
0.28943,0.295,0.27267,0.27794,353511226.448887,2025-09-14
0.27794,0.28205,0.25864,0.2683,383847464.5407305,2025-09-15
0.2683,0.27199,0.25707,0.26996,287954309.87250245,2025-09-16
0.26996,0.28381,0.26033,0.28254,329097275.33780885,2025-09-17
0.28254,0.28881,0.27561,0.27858,272409016.04946387,2025-09-18
0.27858,0.28489,0.26312,0.2653,233974825.04116797,2025-09-19
0.2653,0.26948,0.26302,0.26762,88986009.60265735,2025-09-20
0.26762,0.26965,0.26033,0.26077,98260853.46629328,2025-09-21
0.26077,0.26233,0.23072,0.24123,540414996.3521019,2025-09-22
0.24123,0.24393,0.2341,0.2371,227862035.14619347,2025-09-23
0.2371,0.2506,0.23101,0.24106,279681669.6863564,2025-09-24
0.24106,0.24197,0.22051,0.22293,564663093.7357585,2025-09-25
0.22293,0.2333,0.22142,0.2324,474589818.78986806,2025-09-26
0.2324,0.23427,0.22778,0.23077,135721569.2975676,2025-09-27
0.23077,0.23769,0.22502,0.23735,186025498.32941896,2025-09-28
0.23735,0.23897,0.22862,0.23484,293501833.7339915,2025-09-29
0.23484,0.23593,0.22629,0.23291,192788078.24201703,2025-09-30
0.23291,0.24912,0.23033,0.24903,351165402.0665688,2025-10-01
0.24903,0.26407,0.24674,0.26201,356995816.6141276,2025-10-02
0.26201,0.26536,0.25276,0.25814,355743195.85166353,2025-10-03
0.25814,0.2598,0.24684,0.25091,265402405.23983246,2025-10-04
0.25091,0.26515,0.24965,0.25285,378061109.4815059,2025-10-05
0.25285,0.27037,0.25063,0.26594,378661251.27372074,2025-10-06
0.26594,0.26832,0.24626,0.24686,461490535.44220924,2025-10-07
0.24686,0.26112,0.24294,0.25571,318501371.21448576,2025-10-08
0.25571,0.256,0.24099,0.24846,351005687.4835322,2025-10-09
0.24846,0.25406,0.09488,0.19369,1695979423.1523643,2025-10-10
0.19369,0.2005,0.17816,0.18529,893821865.1865426,2025-10-11
0.18529,0.21411,0.18067,0.20706,649161752.2592325,2025-10-12
0.20706,0.21827,0.20191,0.21376,358867746.2577647,2025-10-13
0.21376,0.21563,0.1933,0.20436,509829339.49482733,2025-10-14
0.20436,0.20858,0.19423,0.19622,321730954.68629855,2025-10-15
0.19622,0.20148,0.18472,0.18849,359435342.62851095,2025-10-16
0.18849,0.19118,0.17555,0.1847,274090550.1480866,2025-10-17
0.1847,0.19056,0.18428,0.18957,71509441.6535,2025-10-18
0.18957,0.19861,0.18601,0.19535,104444521.3461,2025-10-19
0.19535,0.20249,0.19168,0.19999,84719156.8186,2025-10-20
0.19999,0.20562,0.19213,0.1943,118274914.45,2025-10-21
0.1943,0.19543,0.18455,0.1899,108113695.6567,2025-10-22
0.1899,0.19742,0.18956,0.19495,56810310.8741,2025-10-23
0.19495,0.2009,0.194,0.19775,69453114.946,2025-10-24
0.19775,0.19988,0.19601,0.19653,40170221.2593,2025-10-25
0.19653,0.20744,0.19469,0.20574,79906543.3334,2025-10-26
0.20574,0.2095,0.19888,0.20035,81287232.9937,2025-10-27
0.20035,0.20313,0.19002,0.19365,90661769.2941,2025-10-28
0.19365,0.19732,0.18711,0.19238,97614247.5256,2025-10-29
0.19238,0.19463,0.17642,0.18261,105798153.574,2025-10-30
0.18261,0.18816,0.18223,0.18645,57044169.6482,2025-10-31
0.18645,0.18838,0.18512,0.18738,41004610.8514,2025-11-01
0.18738,0.18883,0.18175,0.18648,64263240.8623,2025-11-02
0.18648,0.18667,0.16062,0.16739,188177002.7671,2025-11-03
0.16739,0.17109,0.15159,0.16224,220799613.1353,2025-11-04
0.16224,0.16883,0.15455,0.16717,188055117.3105,2025-11-05
0.16717,0.16781,0.15699,0.1616,181480848.0659,2025-11-06
0.1616,0.18167,0.15965,0.17876,234649218.1723,2025-11-07
0.17876,0.18332,0.17296,0.17605,322800470.223,2025-11-08
0.17605,0.18162,0.17126,0.1793,55886110.796,2025-11-09
0.1793,0.18571,0.17727,0.18178,100303880.2763,2025-11-10
0.18178,0.18641,0.17155,0.17206,80873852.779,2025-11-11
0.17206,0.17856,0.16718,0.1702,71604035.2552,2025-11-12
0.1702,0.17767,0.15987,0.16387,110282383.8484,2025-11-13
0.16387,0.16621,0.15477,0.15769,117761050.6069,2025-11-14
0.15769,0.16481,0.15721,0.16315,46283130.9683,2025-11-15
0.16315,0.16563,0.15365,0.15861,70368413.5572,2025-11-16
0.15861,0.1651,0.1507,0.15215,97012372.5066,2025-11-17
0.15215,0.16293,0.14944,0.16168,105188185.7127,2025-11-18
0.16168,0.16246,0.14719,0.15461,91820334.6681,2025-11-19
0.15461,0.15977,0.14625,0.14893,117124306.1065,2025-11-20
0.14893,0.1511,0.13325,0.14028,257455145.9939,2025-11-21
0.14028,0.14242,0.13546,0.14027,64589835.7458,2025-11-22
0.14027,0.14776,0.13967,0.14501,72460874.1836,2025-11-23
0.14501,0.15396,0.14284,0.15178,138716235.8494,2025-11-24
0.15178,0.15504,0.14586,0.153,116332620.3638,2025-11-25
0.153,0.15676,0.14865,0.15477,89059436.6736,2025-11-26
0.15477,0.15561,0.15223,0.15264,50738762.0823,2025-11-27
0.15264,0.15556,0.14827,0.15018,75147443.3802,2025-11-28
0.15018,0.15098,0.1473,0.1484,43199543.998,2025-11-29
0.1484,0.1506,0.14591,0.14601,55008172.3606,2025-11-30
0.14601,0.14636,0.1319,0.13546,148334332.9528,2025-12-01
0.13546,0.14783,0.13448,0.14578,78134568.7285,2025-12-02
0.14578,0.15341,0.1452,0.15169,137161956.1161,2025-12-03
0.15169,0.15321,0.14561,0.1474,85093822.3353,2025-12-04
0.1474,0.14838,0.1373,0.13957,91367061.9629,2025-12-05
0.13957,0.14077,0.13835,0.13973,37631389.634,2025-12-06
0.13973,0.1429,0.13494,0.13873,63382863.0389,2025-12-07
0.13873,0.14505,0.13804,0.14261,98099034.2172,2025-12-08
0.14261,0.15317,0.13944,0.14797,110106971.6876,2025-12-09
0.14797,0.15031,0.14235,0.14332,167210384.5997,2025-12-10
0.14332,0.1436,0.13627,0.14033,115238495.2732,2025-12-11
0.14033,0.14154,0.13433,0.1369,108648333.0177,2025-12-12
0.1369,0.14003,0.1369,0.13906,34049558.2361,2025-12-13
0.13906,0.13927,0.13264,0.13412,66965843.999,2025-12-14
0.13412,0.13847,0.12664,0.1298,92657832.0486,2025-12-15
0.1298,0.13305,0.12724,0.13183,105483480.1017,2025-12-16
0.13183,0.13633,0.12479,0.12633,159434137.2365,2025-12-17
0.12633,0.13069,0.11995,0.12207,146294816.5021,2025-12-18
0.12207,0.13352,0.12057,0.13223,136013161.2571,2025-12-19
0.13223,0.13257,0.13069,0.13192,39259961.5163,2025-12-20
0.13192,0.13342,0.12871,0.13114,58450695.7626,2025-12-21
0.13114,0.13538,0.12952,0.13258,112653461.5585,2025-12-22
0.13258,0.13369,0.12792,0.12927,121033190.1963,2025-12-23
0.12927,0.13036,0.12649,0.12855,77270441.5309,2025-12-24
0.12855,0.12908,0.123,0.12368,94597518.8839,2025-12-25
0.12368,0.1275,0.12064,0.12214,117150093.2248,2025-12-26
0.12214,0.12493,0.12197,0.12438,71628335.4508,2025-12-27
0.12438,0.12488,0.12281,0.12399,66207691.0855,2025-12-28
0.12399,0.12805,0.12228,0.12289,155640127.2841,2025-12-29
0.12289,0.12533,0.12241,0.12337,82537522.5921,2025-12-30
0.12337,0.12382,0.11614,0.11748,81973284.44,2025-12-31
0.11748,0.12742,0.11745,0.1268,104973300.653,2026-01-01
0.1268,0.14495,0.12588,0.14187,335352135.9915,2026-01-02
0.14187,0.14452,0.13914,0.14313,142192910.8364,2026-01-03
0.14313,0.15411,0.14273,0.14952,308395947.1919,2026-01-04
0.14952,0.15423,0.14587,0.1517,222381852.1667,2026-01-05
0.1517,0.1566,0.14353,0.15056,191622764.6282,2026-01-06
0.15056,0.15407,0.14485,0.1464,121506334.1898,2026-01-07
0.1464,0.14775,0.13805,0.14196,165854173.2594,2026-01-08
0.14196,0.14453,0.13826,0.14073,178840907.0898,2026-01-09
0.14073,0.14075,0.13907,0.13966,63160199.0776,2026-01-10
0.13966,0.14123,0.1359,0.13803,120585403.3905,2026-01-11
0.13803,0.14235,0.13495,0.1366,150856146.7011,2026-01-12
0.1366,0.15092,0.13628,0.14827,290055418.5506,2026-01-13
0.14827,0.15135,0.14562,0.14721,306460916.2498,2026-01-14
0.14721,0.14724,0.13882,0.14007,776981408.6139,2026-01-15
0.14007,0.14046,0.13513,0.13812,118256239.8098,2026-01-16
0.13812,0.14003,0.13683,0.13791,55620476.0178,2026-01-17
0.13791,0.13835,0.13134,0.13166,116087917.6566,2026-01-18
0.13166,0.13166,0.1199,0.12918,286811594.6665,2026-01-19
0.12918,0.12938,0.12176,0.12346,226597255.3526,2026-01-20
0.12346,0.12882,0.1203,0.1265,190384358.2419,2026-01-21
0.1265,0.12792,0.12322,0.12438,84417416.2263,2026-01-22
0.12438,0.12788,0.12206,0.12476,85453782.6072,2026-01-23
0.12476,0.12492,0.12292,0.12423,24295670.5366,2026-01-24
0.12423,0.12435,0.1177,0.11948,152450634.9915,2026-01-25
0.11948,0.1238,0.11926,0.12234,168136014.6345,2026-01-26
0.12234,0.12664,0.12138,0.12621,92963475.2879,2026-01-27
0.12621,0.12771,0.12372,0.12502,92174991.5677,2026-01-28
0.12502,0.12524,0.11443,0.11728,175175816.3826,2026-01-29
0.11728,0.11871,0.11226,0.11582,249628804.0517,2026-01-30
0.11582,0.11593,0.09465,0.10425,448754956.4332,2026-01-31
0.10425,0.10683,0.10106,0.10425,275828259.3446,2026-02-01
0.10425,0.11055,0.09956,0.10789,307015939.5525,2026-02-02
0.10789,0.11051,0.10226,0.10606,353683256.7659,2026-02-03
0.10606,0.10949,0.10127,0.10382,478362587.6897,2026-02-04
0.10382,0.10477,0.08672,0.0885,728984419.1924,2026-02-05
0.0885,0.10209,0.07997,0.09846,931707247.6323,2026-02-06
0.09846,0.09948,0.09475,0.09821,400632552.4383,2026-02-07
0.09821,0.09902,0.09511,0.09662,108009762.6391,2026-02-08
0.09662,0.09749,0.09244,0.09613,227627439.7711,2026-02-09
0.09613,0.09658,0.09184,0.09277,1542929831.3549,2026-02-10
0.09277,0.09362,0.0879,0.09112,200956805.3621,2026-02-11
0.09112,0.09456,0.09069,0.09299,167549353.5462,2026-02-12
0.09299,0.09765,0.09179,0.09666,159575111.6133,2026-02-13
0.09666,0.11361,0.0963,0.11101,198952863.4118,2026-02-14
0.11101,0.11757,0.10154,0.10269,240612007.9092,2026-02-15
0.10269,0.10357,0.09851,0.10101,127790643.7149,2026-02-16
0.10101,0.10358,0.09842,0.10064,103265994.7434,2026-02-17
0.10064,0.10231,0.0975,0.09857,78426603.4066,2026-02-18
0.09857,0.09924,0.09553,0.09836,112597790.7065,2026-02-19
0.09836,0.10241,0.09567,0.10011,120119073.5445,2026-02-20
0.10011,0.10098,0.09842,0.09843,52179814.5768,2026-02-21
0.09843,0.09855,0.09459,0.09558,47493204.0733,2026-02-22
0.09558,0.09761,0.09145,0.09269,120545668.3924,2026-02-23
0.09269,0.09363,0.08995,0.09137,101974493.6146,2026-02-24
0.09137,0.10623,0.09091,0.10091,208882897.1483,2026-02-25
0.10091,0.1017,0.09544,0.09699,134084308.8099,2026-02-26
0.09699,0.0991,0.09199,0.0934,168832020.9994,2026-02-27
0.0934,0.09499,0.08773,0.09407,379887633.333,2026-02-28
0.09407,0.09787,0.09057,0.09191,216327111.665,2026-03-01
0.09191,0.09772,0.0908,0.09357,200952635.6881,2026-03-02
0.09357,0.09384,0.0885,0.09,164983117.0433,2026-03-03
0.09,0.1043,0.08863,0.09893,246707117.4472,2026-03-04
0.09893,0.09921,0.09275,0.09356,118060984.7189,2026-03-05
0.09356,0.09437,0.09,0.09128,116258752.901,2026-03-06
0.09128,0.09212,0.08927,0.08992,79761346.1182,2026-03-07
0.08992,0.09133,0.08657,0.08915,121588774.4808,2026-03-08
0.08915,0.09283,0.089,0.09052,111968545.5227,2026-03-09
0.09052,0.10043,0.09034,0.09454,169514538.6947,2026-03-10
0.09454,0.09487,0.09118,0.09287,164108704.4024,2026-03-11
0.09287,0.09584,0.09179,0.09472,113735822.3575,2026-03-12
0.09472,0.10199,0.09453,0.09595,158493132.6216,2026-03-13
0.09595,0.09645,0.094,0.09604,64407372.44,2026-03-14
0.09604,0.09811,0.09444,0.0974,80194164.1716,2026-03-15
0.0974,0.10375,0.09705,0.10305,142238820.5936,2026-03-16
0.10305,0.10446,0.09832,0.10016,100107437.0439,2026-03-17
0.10016,0.10185,0.09331,0.09525,148060688.0203,2026-03-18
0.09525,0.09608,0.09178,0.09354,118320833.9467,2026-03-19
0.09354,0.09542,0.09287,0.09417,59157311.6961,2026-03-20
0.09417,0.09497,0.0906,0.09134,43029003.9108,2026-03-21
0.09134,0.09289,0.08917,0.09016,96496536.8878,2026-03-22
0.09016,0.09577,0.08925,0.09417,144420329.3321,2026-03-23
0.09417,0.09563,0.09245,0.09511,83685344.134,2026-03-24
0.09511,0.09794,0.09442,0.09616,97249929.7344,2026-03-25
0.09616,0.09626,0.09053,0.09207,140533210.8711,2026-03-26
0.09207,0.0927,0.08928,0.09011,94951284.0055,2026-03-27
0.09011,0.09534,0.08969,0.09098,85321270.4968,2026-03-28
0.09098,0.09168,0.08793,0.09045,77879258.8816,2026-03-29
0.09045,0.09392,0.09028,0.09084,73375538.9195,2026-03-30
0.09084,0.09283,0.08936,0.09233,87586743.6633,2026-03-31
0.09233,0.09453,0.09162,0.0922,62997418.1482,2026-04-01
0.0922,0.0927,0.08899,0.09039,87429562.7972,2026-04-02
0.09039,0.09255,0.0899,0.09155,59743734.6629,2026-04-03
0.09155,0.09311,0.09073,0.09205,35869005.1047,2026-04-04
0.09205,0.09243,0.08971,0.09238,65133394.0954,2026-04-05
0.09238,0.09361,0.08993,0.09062,84028637.0566,2026-04-06
0.09062,0.09603,0.09006,0.09493,106884594.4835,2026-04-07
0.09493,0.09561,0.09215,0.09244,60007624.1783,2026-04-08
0.09244,0.09498,0.09095,0.09259,81016977.0567,2026-04-09
0.09259,0.09528,0.09193,0.09368,86191894.2151,2026-04-10
0.09368,0.0949,0.09228,0.09308,52804138.3561,2026-04-11
0.09308,0.09325,0.09031,0.09084,66469772.7981,2026-04-12
0.09084,0.09434,0.09073,0.09409,94526228.1235,2026-04-13
0.09409,0.09801,0.09239,0.09296,141744081.5842,2026-04-14
0.09296,0.09679,0.09264,0.09486,75957037.2279,2026-04-15
0.09486,0.09985,0.09444,0.09923,139712358.7458,2026-04-16
0.09923,0.10218,0.09673,0.09943,136157362.0557,2026-04-17
0.09943,0.09976,0.09418,0.09479,111990944.564,2026-04-18
0.09479,0.0964,0.09256,0.09305,128515312.06,2026-04-19
0.09305,0.09608,0.09292,0.0952,77327024.6998,2026-04-20
0.0952,0.09593,0.09357,0.09516,63586927.3161,2026-04-21
0.09516,0.09859,0.09488,0.09564,92867181.8198,2026-04-22
0.09564,0.098,0.09513,0.09712,109152624.8181,2026-04-23
0.09712,0.0995,0.09683,0.09841,120417084.4271,2026-04-24
0.09841,0.09907,0.09738,0.098,77843740.477,2026-04-25
0.098,0.0999,0.09748,0.0992,76999163.8841,2026-04-26
0.0992,0.10084,0.09694,0.09894,87413370.6951,2026-04-27
0.09894,0.10098,0.09808,0.09935,129852247.0231,2026-04-28
0.09935,0.11199,0.09925,0.10408,284865264.4637,2026-04-29
0.10408,0.10839,0.10398,0.10651,169459330.0421,2026-04-30
0.10651,0.11054,0.10641,0.10852,262444795.5156,2026-05-01
0.10852,0.10934,0.10717,0.1085,83690697.5035,2026-05-02
0.1085,0.10965,0.10714,0.1083,51370100.5389,2026-05-03
0.1083,0.11376,0.10767,0.11008,144058656.5757,2026-05-04
0.11008,0.11651,0.10998,0.11484,111066255.508,2026-05-05
0.11484,0.11707,0.11145,0.11247,145204819.8347,2026-05-06
0.11247,0.11252,0.10676,0.10786,164626272.7483,2026-05-07
0.10786,0.10967,0.10565,0.10954,103416617.7344,2026-05-08
0.10954,0.1113,0.1081,0.10879,125299398.3462,2026-05-09
0.10879,0.11286,0.10642,0.11244,147464003.3871,2026-05-10
0.11244,0.11275,0.1084,0.11128,324172582.3756,2026-05-11
0.11128,0.11158,0.10751,0.11011,288672703.2856,2026-05-12
0.11011,0.11473,0.10965,0.11265,227290546.1996,2026-05-13
0.11265,0.1186,0.11199,0.11545,312892713.305,2026-05-14
0.11545,0.11745,0.11076,0.11336,186858478.4761,2026-05-15
0.11336,0.11349,0.10776,0.10938,164068584.6851,2026-05-16
0.10938,0.11281,0.10559,0.10901,151726559.2255,2026-05-17
0.10901,0.10909,0.1025,0.10475,223839260.1367,2026-05-18
0.10475,0.10551,0.10266,0.103,54433215.1818,2026-05-19
0.103,0.10497,0.10191,0.10373,70172183.481,2026-05-20
0.10373,0.10651,0.10368,0.10565,105261339.8894,2026-05-21
0.10565,0.10678,0.10157,0.10234,137484281.0617,2026-05-22
0.10234,0.10506,0.09725,0.10306,192456755.8002,2026-05-23
0.10306,0.10392,0.10057,0.10227,91477982.1241,2026-05-24
0.10227,0.10383,0.10166,0.10216,41604771.8383,2026-05-25
0.10216,0.10385,0.10027,0.10104,124284824.6529,2026-05-26
0.10104,0.10336,0.09933,0.10053,117846761.7021,2026-05-27
0.10053,0.10086,0.09654,0.09957,90560056.1587,2026-05-28
0.09957,0.10119,0.09744,0.09971,72376567.6244,2026-05-29
0.09971,0.1018,0.09951,0.10062,58501500.3586,2026-05-30
0.10062,0.10143,0.09909,0.10038,56075975.1882,2026-05-31
0.10038,0.10156,0.09781,0.10109,156851922.7858,2026-06-01
0.10109,0.10124,0.09119,0.09273,181466635.4358,2026-06-02
0.09273,0.09454,0.0906,0.09144,114725673.9528,2026-06-03
0.09144,0.09188,0.0859,0.08857,196462743.5264,2026-06-04
0.08857,0.08879,0.07899,0.08148,343969604.2238,2026-06-05
0.08148,0.08304,0.07766,0.08195,141223942.155,2026-06-06
0.08195,0.08758,0.08165,0.08628,98978839.9819,2026-06-07
0.08628,0.08752,0.08437,0.08634,85056056.8963,2026-06-08
0.08634,0.08674,0.08317,0.0848,231151334.5251,2026-06-09
0.0848,0.08547,0.08186,0.08295,129885147.3556,2026-06-10
0.08295,0.08709,0.08295,0.08605,104752958.331,2026-06-11
0.08605,0.09246,0.08342,0.086,349897656.0836,2026-06-12
0.086,0.08882,0.08579,0.08788,96499654.3425,2026-06-13
0.08788,0.08911,0.08569,0.08892,72773239.368,2026-06-14
0.08892,0.09091,0.08781,0.08814,269627017.6391,2026-06-15
0.08814,0.08908,0.08622,0.08717,86130735.5421,2026-06-16
0.08717,0.08811,0.08464,0.08591,96997975.1396,2026-06-17
0.08591,0.08658,0.08184,0.08353,99181624.2374,2026-06-18
0.08353,0.08397,0.08191,0.08356,152665306.6451,2026-06-19
0.08356,0.08433,0.08265,0.08371,87811520.6958,2026-06-20
0.08371,0.08388,0.08214,0.08223,34330984.596,2026-06-21
0.08223,0.08509,0.0819,0.08249,58659355.1038,2026-06-22
0.08249,0.08272,0.0783,0.07888,90196406.4993,2026-06-23
0.07888,0.07979,0.07282,0.07612,120707100.6519,2026-06-24
0.07612,0.07751,0.07147,0.07491,97379721.2136,2026-06-25
0.07491,0.07613,0.07211,0.07578,110640713.2946,2026-06-26
0.07578,0.07643,0.07409,0.0745,65139409.1331,2026-06-27
0.0745,0.07469,0.07217,0.07319,81429918.0805,2026-06-28
0.07319,0.07427,0.07196,0.07347,222801608.123,2026-06-29
0.07347,0.07356,0.06952,0.07208,182760112.915,2026-06-30
0.07208,0.07398,0.07052,0.0722,61733045.0861,2026-07-01
0.0722,0.07557,0.07169,0.07414,72096527.2438,2026-07-02
0.07414,0.07847,0.07394,0.07755,71400460.6183,2026-07-03
0.07755,0.07937,0.07662,0.07766,70216379.7733,2026-07-04
0.07766,0.07881,0.07532,0.07788,68108555.8958,2026-07-05
0.07788,0.07834,0.07438,0.07666,437904616.269,2026-07-06
0.07666,0.07702,0.07361,0.07417,40501739.9471,2026-07-07
0.07417,0.07446,0.07099,0.07243,51652606.2159,2026-07-08
0.07243,0.07357,0.072,0.07289,116638760.5526,2026-07-09
0.07289,0.07467,0.07266,0.07413,201059244.1475,2026-07-10
0.07413,0.07559,0.07321,0.07325,27920159.8963,2026-07-11
0.07325,0.07389,0.0723,0.07273,21744672.2615,2026-07-12
0.07273,0.07417,0.07093,0.07197,32316044.7487,2026-07-13
0.07197,0.07536,0.07143,0.07444,56062111.1569,2026-07-14
0.07444,0.07525,0.07334,0.07408,58884185.6433,2026-07-15
0.07408,0.07449,0.07213,0.07235,73058187.1155,2026-07-16
0.07235,0.073,0.071,0.07256,77352480.8878,2026-07-17
0.07256,0.07281,0.07194,0.07254,18104688.0184,2026-07-18
0.07254,0.07286,0.07168,0.07243,25511262.8596,2026-07-19
0.07243,0.0736,0.0711,0.07219,55720776.4689,2026-07-20
0.07219,0.07382,0.07191,0.07339,43612556.119,2026-07-21
0.07339,0.07389,0.0721,0.073,36252587.3444,2026-07-22
0.073,0.07321,0.06839,0.06921,71103781.8207,2026-07-23
0.06921,0.07016,0.06821,0.06957,62715511.1995,2026-07-24
0.06957,0.07367,0.06917,0.07173,53405160.2036,2026-07-25
0.07173,0.07402,0.0716,0.07338,44947195.9408,2026-07-26
0.07338,0.07354,0.0701,0.07038,41184336.2131,2026-07-27
0.07038,0.0714,0.06925,0.07089,36871871.9854,2026-07-28
0.07089,0.07124,0.06881,0.07014,48201683.2075,2026-07-29
0.07014,0.07104,0.06964,0.07061,33639360.4894,2026-07-30
0.07061,0.071,0.06846,0.0696,32874365.2322,2026-07-31
0.0696,0.07031,0.067692,0.06914,34550735.9385,2026-08-01
0.06914,0.07145,0.06914,0.0708,34697131.8502,2026-08-02
0.0708,0.07092,0.06898,0.07023,52126075.3831,2026-08-03
0.07023,0.0707,0.06979,0.07007,51653317.575,2026-08-04
0.07007,0.07054,0.06929,0.07005,46423440.0529,2026-08-05
0.07005,0.07017,0.06826,0.06909,42049223.7545,2026-08-06
0.06909,0.07037,0.06885,0.06965,47925479.6152,2026-08-07
0.06965,0.07157,0.06957,0.07043,23677024.6353,2026-08-08
0.07043,0.07096,0.06923,0.06934,74435747.6072,2026-08-09
0.06934,0.07024,0.06907,0.06969,32712945.1495,2026-08-10
0.06969,0.07313,0.06963,0.07191,56321935.9871,2026-08-11
0.07191,0.07251,0.0689,0.0697,70885540.1125,2026-08-12
0.0697,0.07083,0.06951,0.07019,33037292.0763,2026-08-13
0.07019,0.07037,0.06922,0.07007,31470148.4478,2026-08-14
0.07007,0.07053,0.06951,0.0696,37075850.9432,2026-08-15
0.0696,0.07017,0.06905,0.06962,37729880.6108,2026-08-16
0.06962,0.07059,0.06947,0.07041,57530716.0475,2026-08-17
0.07041,0.07055,0.0696,0.07026,40686528.6285,2026-08-18
0.07026,0.07637,0.06987,0.07504,146482269.8939,2026-08-19
0.07504,0.08356,0.07419,0.08049,205010330.2808,2026-08-20
0.08049,0.09471,0.08031,0.09158,230259827.6523,2026-08-21
0.09158,0.10084,0.0824,0.09189,395057191.2247,2026-08-22
0.09189,0.09452,0.08873,0.09341,119353824.9903,2026-08-23
0.09341,0.09363,0.08794,0.09008,101799987.1939,2026-08-24
0.09008,0.09307,0.08485,0.08569,78590690.6821,2026-08-25
0.08569,0.08783,0.08382,0.08769,58457700.5,2026-08-26
0.08769,0.09004,0.08622,0.08914,78929047.2939,2026-08-27
0.08914,0.09033,0.08382,0.08525,68169959.723,2026-08-28
0.08525,0.08569,0.08419,0.0853,31242710.3342,2026-08-29
0.0853,0.08648,0.08082,0.0821,63213916.6909,2026-08-30
0.0821,0.08398,0.08142,0.08285,42040606.7714,2026-08-31
0.08285,0.08393,0.08066,0.0817,48456156.0305,2026-09-01
0.0817,0.0821,0.08013,0.08108,27902481.1124,2026-09-02
