open,high,low,close,volume,date
454.34,458.99,434.16,444.34,22885.4112,2020-11-09
444.34,454.66,438.93,450.3,14558.9807,2020-11-10
450.3,475.99,449.37,463.11,25123.9553,2020-11-11
463.11,469.93,452.08,462.57,33615.8319,2020-11-12
462.57,477.95,457.62,476.37,32264.9867,2020-11-13
476.37,477.29,452.51,460.52,15362.3654,2020-11-14
460.52,462.79,440.35,448.1,17969.5439,2020-11-15
448.1,465.84,445.69,460.08,20664.1676,2020-11-16
460.08,484.38,459.9,482.13,24798.2282,2020-11-17
482.13,494.99,460.35,478.33,27208.7775,2020-11-18
478.33,480.4,464.99,471.49,31469.7629,2020-11-19
471.49,514.11,470.74,510.16,25400.3353,2020-11-20
510.16,552.75,502.76,552.01,20231.1295,2020-11-21
552.01,580.01,511.79,560.44,13105.0313,2020-11-22
560.44,610.79,550.83,608.99,12502.8158,2020-11-23
608.99,622.0,589.99,605.0,17409.481,2020-11-24
605.0,606.02,555.11,569.54,22364.8968,2020-11-25
569.54,576.87,482.73,519.76,21813.9917,2020-11-26
519.76,530.44,494.25,518.32,22025.4482,2020-11-27
518.32,547.92,507.0,537.66,13646.1119,2020-11-28
537.66,576.73,530.76,575.43,36123.7374,2020-11-29
575.43,616.47,571.05,616.28,24945.2858,2020-11-30
616.28,635.97,409.0,585.33,26998.3911,2020-12-01
585.33,604.48,575.09,598.27,31800.3402,2020-12-02
598.27,623.65,586.09,616.04,21053.8541,2020-12-03
616.04,620.08,565.7,567.85,20228.5618,2020-12-04
567.85,597.18,561.08,596.89,21009.1337,2020-12-05
596.89,607.53,583.01,601.71,21035.2892,2020-12-06
601.71,603.39,584.45,591.29,31453.0832,2020-12-07
591.29,595.13,550.13,555.2,25581.4051,2020-12-08
555.2,577.87,530.0,573.52,25167.1639,2020-12-09
573.52,575.24,548.4,558.42,27240.1728,2020-12-10
558.42,560.52,535.39,544.11,29330.2381,2020-12-11
544.11,573.79,543.42,567.93,24545.9036,2020-12-12
567.93,595.21,563.27,591.34,30266.1711,2020-12-13
591.34,591.64,575.8,586.36,29235.5399,2020-12-14
586.36,597.25,580.07,588.79,18165.608,2020-12-15
588.79,638.86,580.98,637.76,26503.6106,2020-12-16
637.76,676.51,619.0,643.12,36451.1942,2020-12-17
643.12,665.19,629.75,653.78,36644.0473,2020-12-18
653.78,670.3,645.75,658.12,16843.9328,2020-12-19
658.12,661.22,621.18,638.47,21748.8559,2020-12-20
638.47,648.15,596.81,607.69,21306.1076,2020-12-21
607.69,637.8,588.08,637.66,30126.4737,2020-12-22
637.66,638.63,550.0,585.79,35584.9587,2020-12-23
575.53,630.0,565.6,612.66,34540.3737,2020-12-24
612.66,634.41,604.71,626.99,33640.0561,2020-12-25
626.99,653.39,615.99,636.71,29400.2889,2020-12-26
636.71,717.1,626.19,684.89,32033.3765,2020-12-27
684.89,748.03,681.94,730.5,28731.7375,2020-12-28
730.5,740.33,689.98,731.92,26159.9824,2020-12-29
731.92,757.86,716.69,752.0,29380.5998,2020-12-30
752.0,755.79,722.18,735.83,33071.7814,2020-12-31
735.83,749.28,715.04,729.18,33621.1388,2021-01-01
729.18,787.47,714.69,774.35,32660.4533,2021-01-02
774.35,1009.97,769.18,978.78,27435.12,2021-01-03
978.78,1161.62,888.3,1043.56,16827.3289,2021-01-04
1043.56,1134.5,975.38,1100.28,23562.7075,2021-01-05
1100.28,1212.96,1058.29,1207.11,31213.5818,2021-01-06
1207.11,1288.51,1151.25,1224.86,27091.679,2021-01-07
1224.86,1330.0,1066.95,1216.27,22282.2819,2021-01-08
1216.27,1302.29,1173.59,1275.68,44203.8047,2021-01-09
1275.68,1348.88,1172.69,1254.53,41189.0716,2021-01-10
1254.53,1259.5,915.3,1086.86,25558.1124,2021-01-11
1086.86,1149.98,1007.94,1050.55,32936.3277,2021-01-12
1050.55,1136.8,987.93,1128.67,32079.386,2021-01-13
1128.67,1247.1,1087.48,1232.62,29141.9622,2021-01-14
1232.62,1256.33,1070.92,1170.28,26379.1582,2021-01-15
1170.28,1292.07,1152.61,1228.09,32723.4454,2021-01-16
1228.09,1269.01,1165.36,1233.67,29405.0008,2021-01-17
1233.67,1260.6,1183.46,1258.21,33202.0787,2021-01-18
1258.21,1437.71,1252.21,1368.56,30695.7152,2021-01-19
1368.56,1407.37,1236.75,1377.23,41371.6425,2021-01-20
1377.23,1388.67,1086.33,1111.42,27822.5829,2021-01-21
1111.42,1273.4,1042.79,1233.03,21683.1557,2021-01-22
1233.03,1271.72,1196.23,1233.76,14496.3054,2021-01-23
1233.76,1398.8,1220.22,1390.05,16904.3266,2021-01-24
1390.05,1474.57,1290.16,1317.97,27627.2753,2021-01-25
1317.97,1378.42,1245.19,1366.9,19894.5638,2021-01-26
1366.9,1373.47,1207.88,1240.85,17070.3056,2021-01-27
1240.85,1359.91,1217.8,1329.46,30170.6338,2021-01-28
1329.46,1436.23,1286.4,1377.93,23786.5129,2021-01-29
1377.93,1405.99,1327.03,1377.71,18041.8922,2021-01-30
1377.71,1380.25,1281.16,1312.71,23856.8581,2021-01-31
1312.71,1377.0,1269.54,1373.85,26336.5692,2021-02-01
1373.85,1547.72,1280.0,1511.14,23039.4885,2021-02-02
1511.14,1669.02,1508.97,1664.26,21236.6713,2021-02-03
1664.26,1695.19,1556.99,1596.99,14438.5479,2021-02-04
1596.99,1760.04,1591.22,1719.15,25507.1296,2021-02-05
1719.15,1743.68,1644.99,1676.71,29651.3526,2021-02-06
1676.71,1692.61,1492.5,1611.35,38844.1042,2021-02-07
1611.35,1775.41,1564.86,1748.9,40420.0576,2021-02-08
1748.9,1821.52,1709.03,1769.65,29156.1209,2021-02-09
1769.65,1837.49,1680.08,1740.72,22538.7461,2021-02-10
1740.72,1818.0,1703.96,1786.0,24095.855,2021-02-11
1786.0,1861.69,1741.23,1840.98,18382.1015,2021-02-12
1840.98,1870.38,1765.05,1815.14,16307.8152,2021-02-13
1815.14,1849.88,1785.45,1800.44,30116.6916,2021-02-14
1800.44,1835.02,1658.99,1778.12,18807.9396,2021-02-15
1778.12,1827.38,1724.86,1781.95,24504.2509,2021-02-16
1781.95,1853.91,1733.38,1848.06,19993.8675,2021-02-17
1848.06,1950.0,1848.06,1940.02,26521.5207,2021-02-18
1940.02,1968.67,1890.87,1955.57,24625.2729,2021-02-19
1955.57,2040.0,1801.81,1914.49,13027.4298,2021-02-20
1914.49,1975.11,1883.83,1933.48,29710.3966,2021-02-21
1933.48,1935.96,1554.56,1776.65,32342.5723,2021-02-22
1776.65,1781.79,1356.95,1579.04,38894.0509,2021-02-23
1579.04,1712.0,1501.26,1622.33,28607.3596,2021-02-24
1622.33,1670.42,1459.22,1480.67,22227.5554,2021-02-25
1480.67,1561.84,1402.01,1445.91,21275.5714,2021-02-26
1445.91,1528.53,1425.13,1457.77,27801.9076,2021-02-27
1457.77,1468.3,1293.63,1418.36,31312.2458,2021-02-28
1418.36,1571.98,1409.91,1570.2,36119.2049,2021-03-01
1570.2,1602.92,1452.1,1486.11,18915.2641,2021-03-02
1486.11,1656.25,1476.81,1568.8,12035.3249,2021-03-03
1568.8,1624.32,1506.5,1538.68,17849.2618,2021-03-04
1538.68,1548.38,1442.8,1528.87,22764.4491,2021-03-05
1528.87,1670.73,1513.62,1650.35,22818.1958,2021-03-06
1650.35,1733.74,1631.77,1725.44,21178.3545,2021-03-07
1725.44,1842.3,1665.09,1832.5,31312.8924,2021-03-08
1832.5,1869.8,1801.05,1869.8,24354.374,2021-03-09
1869.8,1876.29,1758.64,1794.77,14144.5294,2021-03-10
1794.77,1845.75,1725.41,1825.35,15566.9024,2021-03-11
1825.35,1840.7,1721.28,1765.97,16701.9192,2021-03-12
1765.97,1943.0,1728.76,1921.21,31476.0421,2021-03-13
1921.21,1932.43,1836.86,1849.35,28033.4647,2021-03-14
1849.35,1891.08,1732.89,1793.17,20410.9514,2021-03-15
1793.17,1818.3,1712.64,1805.51,20071.8754,2021-03-16
1805.51,1838.53,1739.6,1823.33,14950.1754,2021-03-17
1823.33,1849.92,1759.3,1775.89,17314.114,2021-03-18
1775.89,1840.01,1734.26,1809.43,31971.3116,2021-03-19
1809.43,1868.75,1800.85,1806.15,35221.069,2021-03-20
1806.15,1817.14,1748.0,1783.54,28493.9075,2021-03-21
1783.54,1807.41,1655.85,1681.27,35025.2792,2021-03-22
1681.27,1720.88,1651.81,1669.22,31903.2666,2021-03-23
1669.22,1739.99,1545.64,1582.17,36769.5871,2021-03-24
1582.17,1621.78,1549.44,1586.58,19596.9965,2021-03-25
1586.58,1699.6,1586.05,1699.19,26451.9035,2021-03-26
1699.19,1732.69,1666.62,1712.66,24075.681,2021-03-27
1712.66,1725.37,1661.65,1686.69,21387.6825,2021-03-28
1686.69,1841.0,1678.04,1816.55,24285.2989,2021-03-29
1816.55,1859.0,1787.61,1840.6,21385.4281,2021-03-30
1840.6,1946.83,1768.92,1918.26,25362.1147,2021-03-31
1918.26,1984.35,1887.4,1967.48,28641.5924,2021-04-01
1967.48,2145.94,1948.95,2133.82,32244.4134,2021-04-02
2133.82,2138.12,2000.58,2008.97,26233.4278,2021-04-03
2008.97,2091.81,1979.59,2076.06,18912.6997,2021-04-04
2076.06,2129.58,2002.96,2106.75,27458.9582,2021-04-05
2106.75,2151.02,2045.32,2111.33,33714.5945,2021-04-06
2111.33,2128.84,1930.29,1961.97,22356.478,2021-04-07
1961.97,2084.48,1948.01,2080.9,43229.8774,2021-04-08
2080.9,2100.01,2048.96,2066.73,34151.2556,2021-04-09
2066.73,2197.97,2058.26,2133.48,27265.425,2021-04-10
2133.48,2164.99,2113.45,2150.99,38850.8014,2021-04-11
2150.99,2201.6,2100.12,2137.95,41031.6922,2021-04-12
2137.95,2317.1,2136.43,2299.32,26771.4198,2021-04-13
2299.32,2446.9,2281.38,2432.54,20684.9808,2021-04-14
2432.54,2543.25,2400.87,2513.31,49168.9475,2021-04-15
2513.31,2546.88,2301.05,2422.2,22515.2437,2021-04-16
2422.2,2494.91,2313.15,2317.1,17288.2785,2021-04-17
2317.1,2339.09,1948.48,2237.08,19201.4827,2021-04-18
2237.08,2278.18,2080.62,2161.5,25699.8471,2021-04-19
2161.5,2346.17,2051.47,2331.36,16902.0016,2021-04-20
2331.36,2468.97,2237.05,2357.78,11903.7646,2021-04-21
2357.78,2643.26,2307.67,2400.44,16296.1296,2021-04-22
2400.44,2441.88,2113.74,2367.02,11118.4633,2021-04-23
2367.02,2368.05,2157.23,2215.73,10358.1879,2021-04-24
2215.73,2354.84,2163.65,2320.13,9206.3963,2021-04-25
2320.13,2539.81,2305.71,2532.85,5772.0702,2021-04-26
2532.85,2677.49,2481.85,2665.48,6403.0806,2021-04-27
2665.48,2759.67,2563.16,2748.9,8752.1353,2021-04-28
2748.9,2798.13,2670.55,2757.22,5147.9706,2021-04-29
2756.91,2797.47,2726.53,2773.03,2164.7409,2021-04-30
2771.18,2952.28,2753.77,2944.38,1714.2709,2021-05-01
2946.11,2984.65,2857.75,2950.7,2204.0858,2021-05-02
2951.21,3452.34,2951.08,3430.59,620.0339,2021-05-03
3435.43,3515.31,3200.0,3227.51,1421.8798,2021-05-04
3239.76,3547.06,3230.59,3523.26,1478.7725,2021-05-05
3523.2,3604.76,3384.11,3489.49,10881.4101,2021-05-06
3492.88,3585.69,3359.6,3479.93,9836.7268,2021-05-07
3482.31,3956.05,3450.51,3910.23,17323.3049,2021-05-08
3910.26,3981.56,3730.82,3923.73,19541.1703,2021-05-09
3924.23,4206.48,3662.68,3946.67,38900.4092,2021-05-10
3946.2,4179.92,3774.39,4173.5,36724.2028,2021-05-11
4173.27,4370.99,3749.81,3821.83,37074.858,2021-05-12
3811.87,4032.29,3521.93,3717.95,32315.677,2021-05-13
3718.72,4172.77,3693.93,4076.73,40511.8469,2021-05-14
4074.48,4132.1,3633.16,3645.57,33905.2819,2021-05-15
3647.42,3878.94,3349.52,3579.76,38280.9396,2021-05-16
3580.84,3586.18,3122.17,3280.21,35405.3402,2021-05-17
3282.5,3560.93,3241.1,3375.89,42818.3738,2021-05-18
3374.74,3439.54,1792.15,2433.11,40421.2952,2021-05-19
2441.93,2989.36,2158.65,2768.69,25638.1538,2021-05-20
2768.19,2936.84,2103.59,2429.93,16685.7741,2021-05-21
2430.46,2484.83,2154.78,2293.43,32335.9871,2021-05-22
2295.24,2381.08,1730.41,2094.64,26591.7268,2021-05-23
2095.58,2673.37,2082.58,2644.79,24230.689,2021-05-24
2648.59,2748.87,2381.82,2705.03,20404.5491,2021-05-25
2704.83,2909.08,2644.51,2885.15,33944.0372,2021-05-26
2884.6,2886.54,2636.69,2740.23,32768.3215,2021-05-27
3885.15,3980.86,3832.55,3949.52,45085.2689,2021-09-05
3950.32,3969.93,3864.59,3926.38,52143.1586,2021-09-06
3926.38,3947.52,3011.32,3429.62,31282.9863,2021-09-07
3429.62,3559.55,3217.78,3497.73,21818.6086,2021-09-08
3497.73,3566.58,3395.94,3423.41,33503.6953,2021-09-09
3423.41,3515.24,3150.29,3209.92,54699.475,2021-09-10
3209.92,3348.0,3200.34,3267.04,55044.1959,2021-09-11
3267.04,3471.87,3230.33,3406.86,45999.279,2021-09-12
3406.86,3431.22,3113.68,3285.57,45972.19,2021-09-13
3285.57,3433.55,3269.2,3433.55,28272.4305,2021-09-14
3433.55,3615.63,3359.76,3615.25,38157.4542,2021-09-15
3615.25,3674.16,3486.43,3568.23,47527.7192,2021-09-16
3568.23,3593.39,3349.4,3397.32,30683.5558,2021-09-17
3397.32,3542.25,3370.22,3433.65,46440.1339,2021-09-18
3433.65,3456.26,3280.93,3327.88,33980.3629,2021-09-19
3327.88,3344.47,2921.71,2975.93,22746.7126,2021-09-20
2975.93,3104.35,2654.2,2763.22,33232.7179,2021-09-21
2763.22,3089.29,2737.65,3078.61,28238.1909,2021-09-22
3078.61,3173.55,3034.17,3152.06,22420.2194,2021-09-23
3152.06,3159.5,2737.93,2928.85,40683.125,2021-09-24
2928.85,2966.34,2807.19,2921.28,53674.9897,2021-09-25
2921.28,3115.82,2738.51,3060.73,57364.1121,2021-09-26
3060.73,3165.05,2924.57,2926.58,42755.926,2021-09-27
2926.58,2969.97,2790.38,2806.52,30063.1745,2021-09-28
2806.52,2949.09,2783.89,2850.65,44459.2628,2021-09-29
2850.65,3048.64,2836.62,2999.41,39105.4931,2021-09-30
2999.41,3330.46,2969.79,3310.45,40722.289,2021-10-01
3310.45,3468.62,3257.11,3389.21,45814.1484,2021-10-02
3389.21,3486.79,3344.03,3417.97,35359.8945,2021-10-03
3417.97,3438.1,3280.3,3384.53,36097.6109,2021-10-04
3384.53,3544.08,3363.33,3513.29,33570.263,2021-10-05
3513.29,3630.35,3345.07,3576.38,51861.9104,2021-10-06
3576.38,3654.12,3471.87,3587.65,49110.2294,2021-10-07
3587.65,3670.06,3533.68,3561.33,34540.7731,2021-10-08
3561.33,3630.85,3538.48,3575.59,29331.9412,2021-10-09
3575.59,3604.13,3409.6,3415.6,33532.2556,2021-10-10
3415.6,3620.0,3373.32,3542.33,29414.9153,2021-10-11
3542.33,3547.26,3403.74,3491.39,35773.4039,2021-10-12
3491.39,3611.04,3412.29,3607.79,40240.0532,2021-10-13
3607.79,3822.49,3586.72,3789.46,34919.4483,2021-10-14
3789.46,3903.25,3733.85,3869.38,27722.2657,2021-10-15
3869.38,3967.24,3803.15,3830.49,49373.5789,2021-10-16
3830.49,3917.11,3649.0,3846.52,37875.6491,2021-10-17
3846.52,3893.74,3678.86,3745.26,33904.091,2021-10-18
3745.26,3886.82,3732.69,3876.18,34431.9326,2021-10-19
3876.18,4169.74,3826.73,4161.54,25418.8877,2021-10-20
4161.54,4371.61,4017.84,4055.88,44334.846,2021-10-21
4055.88,4168.3,3892.48,3973.75,51741.9037,2021-10-22
3973.75,4173.33,3937.87,4166.04,50219.0473,2021-10-23
4166.04,4186.11,3961.99,4081.93,48296.7429,2021-10-24
4081.93,4235.96,4068.54,4221.85,45321.2827,2021-10-25
4221.85,4295.83,4095.0,4128.35,46443.6382,2021-10-26
4128.35,4302.8,3911.5,3920.47,39251.1604,2021-10-27
3920.47,4293.92,3892.93,4287.16,42157.9477,2021-10-28
4287.16,4458.32,4268.55,4416.31,52032.1906,2021-10-29
4416.31,4433.07,4238.49,4324.53,56107.6353,2021-10-30
4324.53,4395.01,4164.5,4288.4,45449.928,2021-10-31
4288.4,4377.63,4146.89,4319.75,50607.2801,2021-11-01
4319.75,4599.6,4284.38,4589.61,60426.2825,2021-11-02
4589.61,4665.56,4455.44,4602.14,30363.4558,2021-11-03
4602.14,4607.0,4422.27,4532.67,38687.9436,2021-11-04
4532.67,4571.45,4440.23,4475.53,46783.3353,2021-11-05
4475.53,4530.0,4326.44,4516.2,31844.673,2021-11-06
4516.2,4635.84,4501.69,4611.38,44394.2171,2021-11-07
4611.38,4824.88,4611.38,4807.38,63015.8525,2021-11-08
4807.38,4838.06,4712.99,4731.18,48165.1831,2021-11-09
4731.18,4865.81,4466.82,4634.3,55540.8878,2021-11-10
4634.3,4779.69,4576.91,4720.66,56702.3817,2021-11-11
4720.66,4807.45,4508.7,4665.98,32279.2406,2021-11-12
4665.98,4706.17,4584.16,4644.08,43105.5186,2021-11-13
4644.08,4694.81,4514.62,4627.08,55080.5294,2021-11-14
4627.08,4768.91,4540.92,4563.65,55264.6791,2021-11-15
4563.65,4563.99,4108.0,4208.65,31551.9524,2021-11-16
4208.65,4299.61,4066.67,4287.21,40359.6812,2021-11-17
4287.21,4343.68,3957.71,3996.24,35114.2976,2021-11-18
3996.24,4306.63,3975.17,4293.99,29944.1044,2021-11-19
4293.99,4435.0,4203.17,4411.56,43016.6298,2021-11-20
4411.56,4423.74,4244.46,4256.65,38375.9282,2021-11-21
4256.65,4314.09,4024.44,4085.83,52313.28,2021-11-22
4085.83,4385.25,4061.71,4339.38,40352.8026,2021-11-23
4339.38,4372.74,4168.43,4269.81,49193.8001,2021-11-24
4269.81,4549.98,4247.85,4522.24,46932.2133,2021-11-25
4522.24,4550.23,3918.15,4044.5,33177.4007,2021-11-26
4044.5,4182.77,4028.92,4096.69,55316.3539,2021-11-27
4096.69,4297.82,3966.03,4296.64,52070.6737,2021-11-28
4296.64,4458.02,4278.51,4444.62,51432.516,2021-11-29
4444.62,4751.56,4348.42,4624.65,37062.2517,2021-11-30
4624.65,4779.02,4524.9,4583.18,38740.2183,2021-12-01
4583.18,4633.54,4434.61,4511.57,43724.2303,2021-12-02
4511.57,4653.22,4042.44,4222.76,59004.8039,2021-12-03
4222.76,4238.48,3460.36,4118.5,38712.3099,2021-12-04
4118.5,4248.12,4034.12,4194.73,34739.2449,2021-12-05
4194.73,4374.58,3922.02,4348.73,48226.5579,2021-12-06
4348.73,4424.85,4256.13,4305.95,50772.575,2021-12-07
4305.95,4450.28,4227.83,4436.06,39067.5864,2021-12-08
4436.06,4488.61,4076.48,4104.57,36915.7365,2021-12-09
4104.57,4228.34,3888.57,3902.27,40828.9206,2021-12-10
3902.27,4096.57,3835.89,4083.31,42917.8987,2021-12-11
4083.31,4173.7,3987.23,4131.43,50407.032,2021-12-12
4131.43,4142.04,3671.24,3781.7,33330.5713,2021-12-13
3781.7,3879.6,3687.19,3860.89,46315.639,2021-12-14
3860.89,4091.49,3646.1,4019.14,51551.6799,2021-12-15
4019.14,4110.67,3953.59,3958.03,35037.8113,2021-12-16
3958.03,3994.46,3699.73,3875.89,25464.8586,2021-12-17
3875.89,3995.36,3766.75,3958.93,47156.9663,2021-12-18
3958.93,4028.56,3886.41,3924.44,61434.2813,2021-12-19
3924.44,3982.5,3755.55,3944.88,35585.2471,2021-12-20
3944.88,4060.63,3913.37,4015.79,43024.2084,2021-12-21
4015.79,4075.22,3936.8,3978.55,49674.1209,2021-12-22
3978.55,4150.35,3894.69,4109.91,29246.0765,2021-12-23
4109.91,4133.43,4017.97,4045.01,25460.1957,2021-12-24
4045.01,4137.63,4022.46,4093.76,27249.337,2021-12-25
4093.76,4104.69,4005.27,4061.44,33376.5261,2021-12-26
4061.44,4127.46,4031.29,4038.32,52385.316,2021-12-27
4038.32,4038.32,3759.81,3793.23,59904.8637,2021-12-28
3793.23,3826.64,3604.75,3630.45,34037.6067,2021-12-29
3630.45,3768.7,3586.1,3709.13,46936.3757,2021-12-30
3709.13,3813.84,3622.72,3675.84,45621.8395,2021-12-31
3675.84,3776.13,3674.78,3764.91,51358.1985,2022-01-01
3764.91,3854.85,3686.18,3830.12,49384.7975,2022-01-02
3830.12,3851.65,3681.83,3764.5,54832.3733,2022-01-03
3764.5,3890.55,3714.8,3786.25,46921.8201,2022-01-04
3786.25,3847.49,3413.0,3536.49,37516.9598,2022-01-05
3536.49,3550.13,3300.39,3406.63,31442.1786,2022-01-06
3406.63,3416.45,3065.98,3196.96,27539.5013,2022-01-07
3196.96,3247.1,3000.26,3080.69,33267.6201,2022-01-08
3080.69,3211.08,3058.25,3152.5,55031.9088,2022-01-09
3152.5,3180.64,2930.58,3083.06,61731.5798,2022-01-10
3083.06,3263.46,3052.95,3239.08,33698.6932,2022-01-11
3239.08,3409.3,3206.36,3371.88,33407.3705,2022-01-12
3371.88,3410.68,3233.49,3242.41,28304.9454,2022-01-13
3242.41,3341.93,3191.29,3306.93,26257.1303,2022-01-14
3306.93,3371.47,3262.96,3327.24,52334.1262,2022-01-15
3327.24,3392.99,3273.43,3348.07,37226.73,2022-01-16
3348.07,3358.18,3141.5,3210.39,51562.0742,2022-01-17
3210.39,3243.89,3083.25,3159.22,37529.395,2022-01-18
3159.22,3175.42,3047.58,3083.71,40115.5698,2022-01-19
3083.71,3271.52,2987.53,3003.61,40205.7348,2022-01-20
3003.61,3032.86,2465.07,2569.32,39931.2172,2022-01-21
2569.32,2624.87,2301.72,2411.48,35682.5209,2022-01-22
2411.48,2548.67,2370.92,2541.03,43501.9817,2022-01-23
2541.03,2541.03,2159.74,2440.85,51198.251,2022-01-24
2440.85,2506.87,2350.09,2458.29,45647.4946,2022-01-25
2458.29,2720.94,2402.03,2460.38,33644.3078,2022-01-26
2460.38,2520.12,2317.37,2423.76,31218.2432,2022-01-27
2423.76,2557.32,2359.19,2545.95,48311.4707,2022-01-28
2545.95,2636.53,2519.54,2598.55,44873.8561,2022-01-29
2598.55,2637.52,2541.57,2603.2,33064.0659,2022-01-30
2603.2,2705.79,2476.81,2687.45,25110.6486,2022-01-31
2687.45,2813.94,2673.0,2787.21,42722.8586,2022-02-01
2787.21,2810.78,2613.79,2680.01,46547.8717,2022-02-02
2680.01,2724.99,2576.28,2694.65,39256.2307,2022-02-03
2694.65,2994.25,2670.87,2993.03,51399.1693,2022-02-04
2993.03,3060.23,2960.3,3013.2,43103.0043,2022-02-05
3013.2,3074.57,2952.13,3054.4,33224.1546,2022-02-06
3054.4,3185.99,2993.26,3139.16,34171.6831,2022-02-07
3139.16,3231.5,3026.36,3115.37,26290.2552,2022-02-08
3115.37,3268.0,3054.16,3244.44,37972.9604,2022-02-09
3244.44,3280.76,3057.15,3071.16,22369.5047,2022-02-10
3071.16,3138.73,2880.62,2927.79,23227.4863,2022-02-11
2927.79,2985.28,2858.65,2918.11,16146.9117,2022-02-12
2918.11,2952.52,2837.22,2871.24,8199.8001,2022-02-13
2871.24,2964.18,2830.57,2929.85,9861.0266,2022-02-14
2929.85,3195.5,2912.36,3183.65,12492.8907,2022-02-15
3183.65,3186.18,3045.06,3122.47,9446.8466,2022-02-16
3122.47,3159.63,2853.27,2891.8,7180.7598,2022-02-17
2891.8,2943.14,2752.84,2779.35,8477.2245,2022-02-18
2779.35,2830.0,2696.78,2764.06,9029.0517,2022-02-19
2764.06,2765.02,2576.52,2621.64,9199.9917,2022-02-20
2621.64,2757.8,2559.64,2569.29,12828.4008,2022-02-21
2569.29,2663.39,2500.88,2637.58,7678.5917,2022-02-22
2637.58,2753.1,2576.34,2579.4,11019.7726,2022-02-23
2579.4,2732.21,2301.48,2596.25,8445.3122,2022-02-24
2596.25,2834.36,2572.06,2767.24,11130.0696,2022-02-25
2767.24,2876.17,2729.48,2778.54,3674.8222,2022-02-26
2778.54,2835.99,2559.37,2617.27,3018.4713,2022-02-27
2617.27,2949.9,2570.88,2922.03,3366.1251,2022-02-28
2922.03,3036.43,2855.48,2975.39,2061.4026,2022-03-01
2975.39,3042.78,2914.08,2948.05,3429.9862,2022-03-02
2948.05,2969.67,2784.79,2834.4,3456.3008,2022-03-03
2834.4,2836.32,2575.43,2622.48,3507.4776,2022-03-04
2622.48,2684.79,2591.0,2664.66,3387.4093,2022-03-05
2664.66,2674.75,2538.58,2551.01,3336.0174,2022-03-06
2551.01,2646.83,2446.07,2493.3,2866.9089,2022-03-07
2493.3,2623.39,2480.39,2576.26,2453.916,2022-03-08
2576.26,2773.76,2568.22,2727.92,2597.6,2022-03-09
2727.92,2733.74,2553.77,2606.59,3399.8752,2022-03-10
2606.59,2676.34,2523.64,2557.12,3581.2333,2022-03-11
2557.12,2612.23,2554.48,2568.85,3067.9803,2022-03-12
2568.85,2601.75,2494.13,2515.23,2230.6798,2022-03-13
2515.23,2608.47,2499.04,2590.49,2827.3667,2022-03-14
2590.49,2668.21,2508.32,2618.01,3701.8292,2022-03-15
2618.01,2787.49,2603.62,2773.93,4152.1871,2022-03-16
2773.93,2834.71,2746.64,2812.24,2975.9207,2022-03-17
2812.24,2984.28,2767.0,2938.86,2654.5129,2022-03-18
2938.86,2984.54,2894.57,2951.05,2427.3317,2022-03-19
2951.05,2963.64,2818.39,2861.6,2514.6119,2022-03-20
2861.6,2960.65,2831.57,2890.75,3408.0389,2022-03-21
2890.75,3050.0,2887.27,2969.62,2678.4072,2022-03-22
2969.62,3043.98,2921.12,3035.69,2692.5381,2022-03-23
1059.27,1078.55,1028.55,1066.59,147107.7915,2022-07-02
1066.59,1087.08,1041.13,1074.22,151010.6055,2022-07-03
1074.22,1160.33,1045.42,1150.71,141812.5141,2022-07-04
1150.71,1173.33,1077.75,1133.07,150149.9754,2022-07-05
1133.07,1203.94,1111.67,1186.58,154689.6816,2022-07-06
1186.58,1253.33,1163.3,1237.5,134545.0069,2022-07-07
1237.5,1275.61,1193.3,1215.46,140801.1643,2022-07-08
1215.46,1233.6,1204.98,1217.03,129192.1946,2022-07-09
1217.03,1219.73,1154.74,1167.59,104616.062,2022-07-10
1167.59,1170.9,1091.91,1096.49,94107.237,2022-07-11
1096.49,1097.92,1033.8,1038.61,100704.5546,2022-07-12
1038.61,1118.23,1006.79,1115.26,98940.879,2022-07-13
1115.26,1213.33,1072.78,1193.41,77911.4075,2022-07-14
1193.41,1286.28,1181.23,1231.67,63712.8561,2022-07-15
1231.67,1419.83,1192.48,1356.14,58399.8919,2022-07-16
1356.14,1384.79,1319.99,1338.52,47675.8019,2022-07-17
1338.52,1596.24,1336.77,1581.63,40764.8271,2022-07-18
1581.63,1630.0,1493.75,1542.4,58267.8993,2022-07-19
1542.4,1620.0,1487.13,1521.63,47472.3529,2022-07-20
1521.63,1605.0,1464.41,1575.52,42579.3195,2022-07-21
1575.52,1645.0,1517.42,1535.39,39040.3792,2022-07-22
1535.39,1596.11,1488.57,1549.62,32786.5159,2022-07-23
1549.62,1663.73,1547.26,1597.91,30326.149,2022-07-24
1597.91,1609.19,1436.05,1437.51,30740.7224,2022-07-25
1437.51,1453.75,1357.86,1448.8,37241.0874,2022-07-26
1448.8,1644.16,1421.05,1636.0,35994.2629,2022-07-27
1636.0,1783.23,1596.14,1724.31,41492.9524,2022-07-28
1724.31,1764.79,1657.16,1721.5,44414.2519,2022-07-29
1721.5,1743.54,1673.67,1696.9,40885.5615,2022-07-30
1696.9,1752.92,1667.25,1678.84,29671.5081,2022-07-31
1678.84,1704.32,1606.83,1630.01,32846.3987,2022-08-01
1630.01,1677.62,1559.93,1630.66,36946.2635,2022-08-02
1630.66,1683.47,1590.32,1618.34,33647.4882,2022-08-03
1618.34,1662.63,1581.07,1607.75,39380.8917,2022-08-04
1607.75,1741.56,1605.62,1736.64,38178.9595,2022-08-05
1736.64,1749.64,1686.0,1690.3,34308.3304,2022-08-06
1690.3,1729.4,1668.89,1700.22,25305.3733,2022-08-07
1700.22,1817.47,1694.13,1777.31,29003.6971,2022-08-08
1777.31,1790.72,1669.0,1702.84,30765.5456,2022-08-09
1702.84,1885.12,1657.39,1853.73,44559.2764,2022-08-10
1853.73,1940.01,1850.5,1880.18,48975.5847,2022-08-11
1880.18,1964.2,1853.57,1958.15,51243.902,2022-08-12
1958.15,2019.39,1946.63,1983.6,44749.2863,2022-08-13
1983.6,2029.99,1907.25,1935.53,39328.1993,2022-08-14
1935.53,2012.29,1873.63,1899.65,48330.4823,2022-08-15
1899.65,1914.62,1853.31,1876.76,47794.1248,2022-08-16
1876.76,1956.59,1819.33,1833.91,44185.2201,2022-08-17
1833.91,1881.34,1821.67,1846.68,37400.1524,2022-08-18
1846.68,1847.97,1603.61,1609.01,59398.4504,2022-08-19
1609.01,1656.34,1524.39,1575.92,61916.7529,2022-08-20
1575.92,1645.66,1563.36,1618.11,57897.2712,2022-08-21
1618.11,1628.7,1530.67,1624.69,61060.2638,2022-08-22
1624.69,1673.29,1564.54,1665.17,62034.6697,2022-08-23
1665.17,1693.33,1606.04,1656.59,55402.7483,2022-08-24
1656.59,1721.78,1654.55,1695.53,44047.3479,2022-08-25
1695.53,1705.0,1488.25,1508.31,54413.4631,2022-08-26
1508.31,1518.31,1448.01,1491.39,51051.2206,2022-08-27
1491.39,1510.47,1424.74,1426.55,38315.0916,2022-08-28
1426.55,1559.73,1422.65,1552.28,41611.6439,2022-08-29
1552.28,1605.78,1474.62,1524.57,36215.8645,2022-08-30
1524.57,1619.13,1524.53,1554.32,42342.3918,2022-08-31
1554.32,1598.77,1513.65,1586.1,33507.0013,2022-09-01
1586.1,1648.21,1546.93,1575.28,34668.2081,2022-09-02
1575.28,1581.89,1534.78,1557.35,32055.2016,2022-09-03
1557.35,1581.89,1540.73,1579.32,20533.9737,2022-09-04
1579.32,1630.0,1557.71,1617.57,22349.0914,2022-09-05
1617.57,1686.22,1555.0,1558.84,28523.5028,2022-09-06
1558.84,1656.95,1491.08,1629.9,35779.7134,2022-09-07
1629.9,1661.54,1595.41,1635.3,38455.0165,2022-09-08
1635.3,1745.04,1630.54,1718.25,56645.9317,2022-09-09
1718.25,1789.39,1706.71,1774.68,48612.3377,2022-09-10
1774.68,1788.84,1721.05,1766.07,33669.6461,2022-09-11
1766.07,1782.46,1693.53,1715.89,35693.0442,2022-09-12
1715.89,1759.28,1560.24,1573.3,38069.3109,2022-09-13
1573.3,1646.86,1555.0,1638.57,47092.5473,2022-09-14
1638.57,1654.1,1460.0,1471.95,48594.1277,2022-09-15
1471.95,1483.24,1406.33,1434.02,46975.8137,2022-09-16
1434.02,1476.16,1410.0,1468.51,34947.4351,2022-09-17
1468.51,1469.73,1327.02,1334.32,24669.124,2022-09-18
1334.32,1392.29,1281.41,1375.57,37448.8804,2022-09-19
1375.57,1384.67,1313.04,1322.94,31439.3846,2022-09-20
1322.94,1407.19,1220.52,1246.16,53786.2496,2022-09-21
1246.16,1348.33,1237.31,1326.5,51806.8854,2022-09-22
1326.5,1358.42,1262.93,1326.88,38171.2588,2022-09-23
1326.88,1349.0,1306.66,1317.08,36697.9941,2022-09-24
1317.08,1336.18,1270.58,1294.71,24163.4118,2022-09-25
1294.71,1340.0,1278.6,1336.72,30456.8421,2022-09-26
1336.72,1400.16,1303.89,1328.03,44842.3306,2022-09-27
1328.03,1355.39,1254.48,1337.32,56705.0124,2022-09-28
1337.32,1351.87,1288.62,1335.74,53829.1082,2022-09-29
1335.74,1372.96,1315.69,1328.8,44060.1606,2022-09-30
1328.8,1333.79,1303.11,1311.79,32139.2014,2022-10-01
1311.79,1317.53,1270.01,1276.79,21038.6519,2022-10-02
1276.79,1329.05,1263.57,1323.06,26363.9155,2022-10-03
1323.06,1368.8,1318.84,1361.41,26151.8545,2022-10-04
1361.41,1364.87,1317.17,1352.25,27764.9547,2022-10-05
1352.25,1383.33,1345.96,1352.31,29814.7828,2022-10-06
1352.31,1361.49,1318.0,1330.99,34721.7315,2022-10-07
1330.99,1337.28,1303.91,1315.43,28983.5663,2022-10-08
1315.43,1328.73,1307.4,1323.37,31288.5541,2022-10-09
1323.37,1337.95,1287.91,1289.82,31978.3953,2022-10-10
1289.82,1297.61,1268.01,1280.21,33524.8978,2022-10-11
1280.21,1306.16,1275.3,1294.31,34331.1162,2022-10-12
1294.31,1300.7,1192.68,1287.22,45215.5409,2022-10-13
1287.22,1342.68,1284.06,1296.57,56690.9032,2022-10-14
1296.57,1301.5,1264.29,1274.74,46637.6366,2022-10-15
1274.74,1314.98,1274.47,1306.06,38478.4009,2022-10-16
1306.06,1338.54,1295.85,1331.25,20861.9998,2022-10-17
1331.25,1341.49,1287.23,1310.58,21895.379,2022-10-18
1310.58,1313.49,1280.52,1285.0,20906.3072,2022-10-19
1285.0,1310.0,1271.35,1282.62,27465.6226,2022-10-20
1282.62,1306.79,1253.24,1299.73,35699.804,2022-10-21
1299.73,1319.52,1294.53,1313.73,33375.1258,2022-10-22
1313.73,1370.98,1300.0,1364.08,25477.4615,2022-10-23
1364.08,1370.0,1324.43,1343.65,32320.7544,2022-10-24
1343.65,1523.54,1335.34,1459.78,28575.5461,2022-10-25
1459.78,1593.89,1457.79,1566.38,45709.9651,2022-10-26
1566.38,1577.53,1504.48,1513.96,28696.7493,2022-10-27
1513.96,1574.16,1482.0,1554.65,40010.1186,2022-10-28
1554.65,1662.61,1547.73,1619.85,39357.1767,2022-10-29
1619.85,1639.7,1577.25,1590.67,23369.387,2022-10-30
1590.67,1635.55,1547.22,1572.74,33036.6987,2022-10-31
1572.74,1611.9,1564.3,1578.41,27448.8058,2022-11-01
1578.41,1620.23,1502.59,1518.57,31970.8447,2022-11-02
1518.57,1558.47,1515.33,1531.09,33753.2969,2022-11-03
1531.09,1676.03,1528.38,1644.67,31547.157,2022-11-04
1644.67,1665.6,1621.95,1627.03,24374.6818,2022-11-05
1627.03,1638.61,1566.1,1568.82,17847.48,2022-11-06
1568.82,1608.55,1546.67,1567.84,28670.1821,2022-11-07
1567.84,1578.52,1221.17,1334.21,46734.9536,2022-11-08
1334.21,1336.92,1074.39,1102.07,37901.9076,2022-11-09
1102.07,1349.49,1086.93,1300.01,32862.4975,2022-11-10
1300.01,1308.75,1202.0,1288.44,77251.6557,2022-11-11
1288.44,1291.82,1239.28,1256.88,73969.7153,2022-11-12
1256.88,1274.24,1202.46,1221.76,303954.8647,2022-11-13
1221.76,1290.56,1171.99,1243.31,188193.1379,2022-11-14
1243.31,1288.9,1234.34,1253.29,66646.7788,2022-11-15
1253.29,1267.4,1187.77,1216.38,80759.9941,2022-11-16
1216.38,1227.91,1183.07,1200.66,57079.7519,2022-11-17
1200.66,1231.18,1199.06,1212.45,54517.1967,2022-11-18
1212.45,1232.52,1198.06,1217.74,42026.1069,2022-11-19
1217.74,1226.56,1133.9,1142.79,66457.879,2022-11-20
1142.79,1145.31,1080.18,1107.41,108802.5012,2022-11-21
1107.41,1141.49,1075.92,1139.2,95104.813,2022-11-22
1139.2,1189.79,1128.57,1184.57,85047.1105,2022-11-23
1184.57,1216.12,1180.77,1203.48,76115.1955,2022-11-24
1203.48,1206.32,1172.49,1198.02,78404.4441,2022-11-25
1198.02,1232.2,1196.43,1205.45,68417.1774,2022-11-26
1205.45,1222.22,1190.57,1193.72,64908.2427,2022-11-27
1193.72,1198.22,1152.14,1168.08,85653.5096,2022-11-28
1168.08,1226.02,1159.74,1216.38,74879.2125,2022-11-29
1216.38,1308.2,1213.1,1294.73,71984.7167,2022-11-30
1294.73,1298.42,1263.16,1275.99,68271.3752,2022-12-01
1275.99,1296.62,1265.66,1295.52,64289.2563,2022-12-02
1295.52,1304.79,1236.62,1240.43,55011.3924,2022-12-03
1240.43,1285.86,1240.1,1279.41,54208.9241,2022-12-04
1279.41,1304.71,1247.6,1259.44,71343.583,2022-12-05
1259.44,1273.93,1242.68,1271.26,62613.4129,2022-12-06
1271.26,1277.08,1219.21,1231.23,71693.7012,2022-12-07
1231.23,1291.99,1222.74,1280.16,60272.2581,2022-12-08
1280.16,1295.75,1256.38,1263.14,66600.8333,2022-12-09
1263.14,1283.3,1260.0,1266.47,49261.4783,2022-12-10
1266.47,1283.95,1256.36,1263.51,45568.9501,2022-12-11
1263.51,1278.45,1241.33,1275.28,67534.7992,2022-12-12
1275.28,1345.41,1255.72,1320.9,75794.2951,2022-12-13
1320.9,1351.54,1301.4,1307.7,65727.3703,2022-12-14
1307.7,1311.16,1260.1,1266.67,64910.1885,2022-12-15
1266.67,1279.75,1155.64,1166.86,80250.6478,2022-12-16
1166.86,1189.79,1162.04,1187.11,67777.3688,2022-12-17
1187.11,1196.46,1172.5,1183.04,43690.923,2022-12-18
1183.04,1194.87,1151.26,1167.84,50187.3188,2022-12-19
1167.84,1229.09,1163.24,1216.9,80782.2486,2022-12-20
1216.9,1221.74,1203.59,1214.03,62931.8268,2022-12-21
1214.03,1236.12,1183.21,1217.73,56407.7441,2022-12-22
1217.73,1229.65,1212.93,1220.01,57577.8897,2022-12-23
1220.01,1227.31,1214.81,1220.67,40608.4686,2022-12-24
1220.67,1224.24,1196.14,1218.43,34456.0621,2022-12-25
1218.43,1230.49,1212.0,1227.5,50871.7901,2022-12-26
1227.5,1233.61,1201.28,1211.64,63094.4327,2022-12-27
1211.64,1215.32,1182.11,1190.19,75670.5787,2022-12-28
1190.19,1206.07,1187.04,1200.69,68753.4267,2022-12-29
1200.69,1202.19,1181.74,1199.97,59599.6751,2022-12-30
1199.97,1208.1,1192.06,1196.04,63151.7604,2022-12-31
1196.04,1204.44,1191.36,1200.31,63118.4796,2023-01-01
1200.31,1223.58,1193.2,1214.09,61703.9122,2023-01-02
1214.09,1219.83,1205.41,1214.54,60955.4123,2023-01-03
1214.54,1270.46,1212.9,1256.7,62500.0182,2023-01-04
1256.7,1259.76,1243.11,1251.3,61299.3199,2023-01-05
1251.3,1276.1,1236.89,1269.08,66125.7394,2023-01-06
1269.08,1270.98,1261.4,1264.02,63458.5439,2023-01-07
1264.02,1295.04,1257.94,1289.91,59503.141,2023-01-08
1289.91,1344.48,1285.61,1320.39,72121.3846,2023-01-09
1320.39,1346.35,1316.91,1335.39,61097.7869,2023-01-10
1335.39,1395.93,1321.3,1389.34,61349.3087,2023-01-11
1389.34,1436.73,1366.67,1415.84,110668.5997,2023-01-12
1415.84,1463.82,1401.03,1450.87,62614.3878,2023-01-13
1450.87,1594.86,1449.24,1549.75,46747.8558,2023-01-14
1549.75,1565.99,1516.37,1552.42,50096.2557,2023-01-15
1552.42,1602.86,1522.0,1576.85,47264.6515,2023-01-16
1576.85,1607.05,1541.93,1565.01,48916.8459,2023-01-17
1511.77,1563.9,1509.92,1551.1,48777.3448,2023-01-19
1551.1,1668.73,1542.5,1658.82,49669.2934,2023-01-20
1658.82,1678.29,1619.98,1626.73,47915.2511,2023-01-21
1626.73,1663.38,1605.06,1627.32,43762.2835,2023-01-22
1627.32,1647.65,1587.5,1626.3,46237.6241,2023-01-23
1626.3,1641.07,1536.82,1555.99,46051.587,2023-01-24
1555.99,1639.7,1517.47,1611.25,47656.0628,2023-01-25
1611.25,1632.33,1578.42,1601.1,48720.1496,2023-01-26
1601.1,1621.1,1553.49,1597.51,50372.1789,2023-01-27
1597.51,1606.45,1556.58,1572.27,48774.091,2023-01-28
1572.27,1660.0,1566.57,1645.03,46134.4969,2023-01-29
1645.03,1647.3,1536.66,1566.1,48179.714,2023-01-30
1566.1,1604.75,1561.84,1585.34,55671.8738,2023-01-31
1585.34,1647.37,1556.45,1641.53,53078.8211,2023-02-01
1641.53,1714.23,1628.0,1643.7,67391.8021,2023-02-02
1643.7,1675.2,1627.29,1663.53,81963.0983,2023-02-03
1663.53,1694.89,1645.73,1666.49,73993.2617,2023-02-04
1666.49,1673.4,1610.17,1629.22,72213.452,2023-02-05
1629.22,1658.31,1605.59,1614.17,74708.2246,2023-02-06
1614.17,1678.06,1613.22,1670.85,72755.9029,2023-02-07
1670.85,1697.32,1631.15,1650.39,75349.7074,2023-02-08
1650.39,1655.82,1524.89,1545.41,76867.8358,2023-02-09
1545.41,1554.34,1492.68,1513.53,78493.3499,2023-02-10
1513.53,1542.89,1506.47,1538.54,78637.4408,2023-02-11
1538.54,1547.76,1493.93,1514.96,80017.8622,2023-02-12
1514.96,1525.93,1462.43,1505.4,72452.9777,2023-02-13
1505.4,1567.96,1490.38,1555.71,86975.6323,2023-02-14
1555.71,1680.18,1542.7,1674.83,93807.9795,2023-02-15
1674.83,1741.56,1634.11,1638.14,88488.8427,2023-02-16
1638.14,1721.79,1631.22,1693.89,74410.9864,2023-02-17
1693.89,1712.58,1680.33,1691.62,73687.1341,2023-02-18
1691.62,1725.77,1666.6,1680.56,71711.3159,2023-02-19
1680.56,1719.62,1651.26,1703.42,69086.6276,2023-02-20
1703.42,1716.29,1636.36,1659.66,79501.2981,2023-02-21
1659.66,1666.67,1596.52,1643.09,83330.6395,2023-02-22
1643.09,1678.56,1629.17,1650.52,77705.9475,2023-02-23
1650.52,1664.2,1575.63,1607.76,80076.6267,2023-02-24
1607.76,1608.96,1558.4,1594.63,76854.0492,2023-02-25
1594.63,1650.22,1588.14,1641.47,83263.2759,2023-02-26
1641.47,1664.78,1608.26,1633.56,54822.4316,2023-02-27
1633.56,1647.33,1597.26,1604.98,57773.6535,2023-02-28
1604.98,1669.49,1595.37,1664.99,60489.968,2023-03-01
1664.99,1677.67,1619.3,1647.85,64508.5664,2023-03-02
1647.85,1649.09,1538.7,1569.47,79603.8996,2023-03-03
1569.47,1577.12,1549.34,1566.78,60822.7529,2023-03-04
1566.78,1588.28,1554.01,1564.72,48079.7973,2023-03-05
1564.72,1582.93,1555.0,1565.89,43175.135,2023-03-06
1565.89,1583.33,1536.57,1561.92,51387.4016,2023-03-07
1561.92,1570.45,1524.68,1532.68,63564.92,2023-03-08
1532.68,1546.17,1409.44,1437.33,74190.1343,2023-03-09
1437.33,1438.2,1369.44,1426.56,129504.2041,2023-03-10
1426.56,1477.39,1408.5,1471.94,134250.8704,2023-03-11
1471.94,1592.18,1449.05,1579.97,128078.9129,2023-03-12
1579.97,1693.77,1565.33,1673.5,128628.0403,2023-03-13
1673.5,1776.31,1655.56,1699.48,123527.6891,2023-03-14
1699.48,1716.4,1611.67,1649.96,101396.7766,2023-03-15
1649.96,1690.9,1632.61,1673.54,92070.695,2023-03-16
1673.54,1798.99,1662.78,1789.41,89992.9003,2023-03-17
1789.41,1839.94,1747.74,1758.47,84653.0483,2023-03-18
1758.47,1840.9,1758.09,1780.6,87133.1953,2023-03-19
1780.6,1802.89,1723.7,1732.74,84293.7067,2023-03-20
1732.74,1834.85,1717.78,1801.53,90140.0538,2023-03-21
1801.53,1819.26,1711.11,1734.32,82670.9075,2023-03-22
1734.32,1855.56,1729.53,1813.82,84236.55,2023-03-23
1813.82,1818.5,1726.67,1749.56,86894.5419,2023-03-24
1749.56,1762.5,1713.87,1742.01,85581.1485,2023-03-25
1742.01,1799.11,1739.37,1773.84,87714.2844,2023-03-26
1773.84,1780.13,1687.08,1715.45,50362.6745,2023-03-27
1715.45,1795.06,1701.89,1772.95,50237.448,2023-03-28
1772.95,1827.27,1772.44,1793.12,45878.649,2023-03-29
1793.12,1829.29,1763.23,1793.54,48316.4298,2023-03-30
1793.54,1846.51,1780.9,1821.79,43688.8167,2023-03-31
1821.79,1842.3,1808.56,1820.79,28868.1,2023-04-01
1820.79,1824.77,1772.4,1794.46,17127.7861,2023-04-02
1794.46,1839.53,1763.39,1810.5,28093.6689,2023-04-03
1810.5,1889.0,1802.12,1870.48,36575.9884,2023-04-04
1870.48,1940.79,1864.75,1908.86,33580.6117,2023-04-05
1908.86,1909.7,1854.43,1872.41,32963.8486,2023-04-06
1872.41,1882.46,1842.0,1863.74,25019.8233,2023-04-07
1863.74,1879.29,1847.33,1848.86,24891.181,2023-04-08
1848.86,1873.0,1824.97,1858.74,25050.0854,2023-04-09
1858.74,1918.08,1846.78,1910.3,27774.9,2023-04-10
1910.3,1936.36,1882.06,1889.91,40498.0001,2023-04-11
1889.91,1932.02,1853.97,1917.39,48626.0984,2023-04-12
1917.39,2021.57,1899.68,2011.8,50401.0905,2023-04-13
2011.8,2128.26,2009.17,2099.7,52636.1399,2023-04-14
2099.7,2110.67,2072.72,2090.62,38783.8369,2023-04-15
2090.62,2140.36,2073.08,2118.81,32328.4885,2023-04-16
2118.81,2120.16,2057.14,2074.48,31433.0771,2023-04-17
2074.48,2123.67,2052.85,2103.11,30778.1676,2023-04-18
2103.11,2104.47,1923.25,1934.88,48925.8876,2023-04-19
1934.88,1982.22,1916.38,1942.68,52434.2703,2023-04-20
1942.68,1956.47,1825.69,1848.78,48956.181,2023-04-21
1848.78,1886.91,1842.67,1873.93,38986.7082,2023-04-22
1873.93,1881.98,1837.87,1862.0,28068.0423,2023-04-23
1862.0,1889.47,1806.96,1841.98,35115.1981,2023-04-24
1841.98,1877.43,1802.63,1866.05,29863.1414,2023-04-25
1866.05,1964.0,1787.5,1865.95,46140.9445,2023-04-26
1865.95,1938.84,1861.12,1908.57,51031.7327,2023-04-27
1908.57,1923.55,1875.29,1890.97,28829.2167,2023-04-28
1890.97,1917.41,1883.95,1907.86,21896.785,2023-04-29
1907.86,1938.69,1866.6,1869.22,23928.9745,2023-04-30
1869.22,1886.19,1806.68,1830.77,28579.5224,2023-05-01
1830.77,1880.36,1823.03,1869.87,39563.984,2023-05-02
1869.87,1915.87,1842.94,1904.64,37510.9618,2023-05-03
1904.64,1917.78,1866.71,1877.04,47321.4332,2023-05-04
1877.04,1999.27,1875.75,1993.27,62496.2321,2023-05-05
1993.27,2018.12,1860.4,1896.31,54157.7456,2023-05-06
1896.31,1933.09,1868.75,1870.63,47370.8846,2023-05-07
1870.63,1883.66,1811.07,1847.43,63340.2017,2023-05-08
1847.43,1861.22,1831.23,1846.66,57452.8295,2023-05-09
1846.66,1886.96,1790.0,1841.01,59163.194,2023-05-10
1841.01,1841.41,1773.2,1794.32,56086.3998,2023-05-11
1794.32,1816.09,1739.92,1807.34,55425.5865,2023-05-12
1807.34,1816.31,1786.14,1795.1,49296.0425,2023-05-13
1795.1,1823.49,1790.61,1799.33,40004.8363,2023-05-14
1799.33,1846.62,1785.39,1816.17,39348.4871,2023-05-15
1816.17,1832.32,1796.55,1824.21,32699.5879,2023-05-16
1824.21,1837.01,1784.55,1822.12,40595.6998,2023-05-17
1822.12,1831.73,1772.01,1800.63,38272.8497,2023-05-18
1800.63,1829.12,1797.04,1812.13,39178.3807,2023-05-19
1812.13,1828.57,1807.16,1819.35,25253.4347,2023-05-20
1819.35,1828.76,1797.89,1804.94,20753.7633,2023-05-21
1804.94,1827.77,1792.33,1817.25,24265.1453,2023-05-22
1817.25,1871.43,1815.24,1854.05,54816.9204,2023-05-23
1854.05,1854.18,1778.0,1799.99,56976.234,2023-05-24
1799.99,1818.19,1762.71,1805.55,65448.4244,2023-05-25
1805.55,1837.84,1797.3,1827.75,55989.1829,2023-05-26
1827.75,1835.95,1813.0,1829.93,40581.3854,2023-05-27
1829.93,1916.78,1823.49,1908.73,36153.5704,2023-05-28
1908.73,1927.28,1874.05,1892.55,59478.9531,2023-05-29
1892.55,1916.62,1881.71,1900.63,54912.405,2023-05-30
1900.63,1907.14,1847.94,1873.52,76217.7265,2023-05-31
1873.52,1888.61,1840.56,1861.69,67618.802,2023-06-01
1861.69,1910.0,1847.93,1906.56,71527.7687,2023-06-02
1906.56,1907.79,1882.18,1892.06,69467.572,2023-06-03
1892.06,1914.11,1884.15,1889.88,63528.2212,2023-06-04
1889.88,1890.58,1779.1,1810.36,116309.9166,2023-06-05
1810.36,1898.0,1797.71,1883.95,125307.091,2023-06-06
1883.95,1897.15,1821.2,1832.09,126337.0489,2023-06-07
1832.09,1861.04,1828.46,1845.7,123613.124,2023-06-08
1845.7,1854.99,1827.27,1840.41,109334.3359,2023-06-09
1840.41,1844.99,1716.67,1751.51,151676.8123,2023-06-10
1751.51,1777.83,1738.93,1752.77,143460.9771,2023-06-11
1752.77,1758.71,1720.42,1742.58,116603.1635,2023-06-12
1742.58,1765.95,1724.6,1740.1,126297.7461,2023-06-13
1740.1,1749.91,1631.11,1650.96,102236.7149,2023-06-14
1650.96,1680.0,1627.46,1666.81,116945.0231,2023-06-15
1666.81,1729.4,1650.51,1717.98,105708.4978,2023-06-16
1717.98,1771.98,1714.34,1727.75,97778.7635,2023-06-17
1727.75,1747.42,1712.85,1720.93,67815.6164,2023-06-18
1720.93,1751.41,1701.0,1737.08,67238.2541,2023-06-19
1737.08,1795.91,1715.14,1791.85,105509.4651,2023-06-20
1791.85,1900.79,1787.38,1889.1,112274.0021,2023-06-21
1889.1,1933.06,1866.58,1872.2,98532.602,2023-06-22
1872.2,1936.0,1862.22,1892.58,107163.1292,2023-06-23
1892.58,1905.69,1864.86,1875.01,80059.1595,2023-06-24
1875.01,1929.65,1869.17,1898.87,63719.6823,2023-06-25
1898.87,1908.98,1837.28,1858.98,62664.6676,2023-06-26
1858.98,1912.23,1855.25,1889.57,72717.3054,2023-06-27
1889.57,1890.18,1817.34,1828.06,83376.2456,2023-06-28
1828.06,1879.8,1827.95,1852.08,65362.4035,2023-06-29
1852.08,1946.84,1826.93,1933.74,88631.6642,2023-06-30
1933.74,1944.33,1909.66,1924.37,80731.5877,2023-07-01
1924.37,1959.49,1886.56,1937.57,42948.9079,2023-07-02
1937.57,1975.83,1933.77,1955.57,64868.4902,2023-07-03
1955.57,1966.61,1931.76,1935.99,56406.65,2023-07-04
1935.99,1942.3,1894.83,1910.32,45518.9684,2023-07-05
1910.32,1957.69,1846.58,1846.58,64849.0122,2023-07-06
1846.58,1877.76,1827.06,1870.8,71507.3949,2023-07-07
1870.8,1873.1,1842.79,1865.24,35705.7512,2023-07-08
1865.24,1879.16,1856.52,1862.73,32580.3445,2023-07-09
1862.73,1905.06,1846.75,1880.34,40875.6589,2023-07-10
1880.34,1890.83,1862.68,1878.3,49276.065,2023-07-11
1878.3,1901.56,1864.44,1871.84,48772.2345,2023-07-12
1871.84,2012.5,1863.29,2004.39,70364.0115,2023-07-13
2004.39,2028.77,1898.36,1937.79,128415.6032,2023-07-14
1937.79,1946.26,1926.47,1931.19,97126.1572,2023-07-15
1931.19,1943.04,1914.63,1922.16,61650.5952,2023-07-16
1922.16,1935.81,1873.63,1911.19,71658.5225,2023-07-17
1911.19,1917.0,1877.01,1897.36,84912.2192,2023-07-18
1897.36,1921.78,1882.44,1888.54,78730.9668,2023-07-19
1888.54,1928.92,1878.19,1891.57,73589.441,2023-07-20
1891.57,1905.41,1884.82,1891.68,66939.3762,2023-07-21
1891.68,1897.2,1852.14,1866.0,42633.3118,2023-07-22
1866.0,1904.83,1858.22,1888.75,39689.5939,2023-07-23
1888.75,1890.74,1833.93,1849.99,58156.8828,2023-07-24
1849.99,1868.38,1845.64,1857.68,55803.3005,2023-07-25
1857.68,1887.6,1848.89,1871.95,50549.2921,2023-07-26
1871.95,1885.95,1855.19,1861.36,49839.8548,2023-07-27
1861.36,1883.09,1856.87,1874.23,45847.9569,2023-07-28
1874.23,1886.31,1869.69,1880.43,33774.7147,2023-07-29
1880.43,1884.85,1849.79,1861.76,30711.2552,2023-07-30
1861.76,1877.06,1851.19,1856.3,48023.6363,2023-07-31
1856.3,1875.49,1813.53,1873.84,52688.2013,2023-08-01
1873.84,1879.16,1821.71,1840.01,66480.4738,2023-08-02
1840.01,1859.0,1826.33,1835.87,44489.4467,2023-08-03
1835.87,1851.05,1817.0,1830.25,41016.4306,2023-08-04
1830.25,1838.7,1827.79,1836.49,31579.9311,2023-08-05
1836.49,1838.18,1826.0,1830.37,16095.2792,2023-08-06
1830.37,1846.99,1803.14,1828.99,28650.6937,2023-08-07
1828.99,1875.23,1826.43,1856.21,39746.0802,2023-08-08
1856.21,1871.49,1846.56,1855.33,53200.5658,2023-08-09
1855.33,1865.83,1846.31,1852.41,44041.7244,2023-08-10
1852.41,1857.0,1839.13,1848.84,31932.1093,2023-08-11
1848.84,1853.33,1846.3,1849.98,18731.6158,2023-08-12
1849.98,1861.89,1835.0,1840.75,9766.2223,2023-08-13
1840.75,1856.36,1835.11,1845.7,17145.1059,2023-08-14
1845.7,1847.32,1814.15,1829.13,19804.4641,2023-08-15
1829.13,1831.67,1798.22,1807.77,27438.712,2023-08-16
1807.77,1809.97,1511.58,1681.12,75338.6626,2023-08-17
1681.12,1698.78,1642.04,1661.59,102212.435,2023-08-18
1661.59,1696.2,1654.55,1669.73,48873.5188,2023-08-19
1669.73,1694.34,1662.22,1685.19,37618.4149,2023-08-20
1685.19,1688.14,1649.5,1667.58,43071.1987,2023-08-21
1667.58,1669.38,1581.88,1634.98,40411.5825,2023-08-22
1634.98,1701.43,1629.64,1679.54,57853.6301,2023-08-23
1679.54,1683.1,1636.5,1661.17,61853.1923,2023-08-24
1661.17,1675.91,1635.81,1653.71,53817.2304,2023-08-25
1653.71,1655.58,1644.16,1647.0,27001.9209,2023-08-26
1647.0,1660.0,1646.36,1658.31,12655.8352,2023-08-27
1658.31,1663.52,1623.72,1653.16,42161.2188,2023-08-28
1653.16,1745.09,1640.17,1729.55,62792.8267,2023-08-29
1729.55,1730.93,1696.38,1705.3,94441.11,2023-08-30
1705.3,1727.27,1630.35,1645.88,57168.674,2023-08-31
1645.88,1654.46,1602.91,1629.05,30940.071,2023-09-01
1629.05,1644.92,1628.07,1637.15,26872.9446,2023-09-02
1637.15,1646.93,1625.31,1635.82,14275.2769,2023-09-03
1635.82,1644.73,1616.84,1630.63,43597.6984,2023-09-04
1630.63,1647.54,1610.31,1634.42,30607.9468,2023-09-05
1634.42,1669.38,1609.74,1633.11,26430.193,2023-09-06
1633.11,1659.26,1623.76,1648.02,25969.2336,2023-09-07
1648.02,1658.74,1616.78,1636.44,25509.2637,2023-09-08
1636.44,1637.4,1630.08,1635.48,23723.1512,2023-09-09
1635.48,1635.75,1599.75,1617.4,26012.971,2023-09-10
1617.4,1618.98,1531.47,1551.84,30364.7455,2023-09-11
1551.84,1625.19,1549.75,1593.03,27767.0241,2023-09-12
1593.03,1618.18,1582.0,1607.6,27509.488,2023-09-13
1607.6,1643.6,1607.03,1626.6,28174.2319,2023-09-14
1626.6,1653.75,1611.58,1641.33,26133.1876,2023-09-15
1641.33,1652.0,1631.38,1634.34,23033.5143,2023-09-16
1634.34,1634.99,1612.08,1622.47,24699.4208,2023-09-17
1622.47,1668.89,1605.71,1636.83,26437.2428,2023-09-18
1636.83,1660.7,1626.73,1643.15,25225.9194,2023-09-19
1643.15,1649.27,1604.9,1622.22,26706.8431,2023-09-20
1622.22,1625.31,1567.79,1583.99,29246.2102,2023-09-21
1583.99,1602.62,1576.86,1593.08,24715.8552,2023-09-22
1593.08,1598.0,1587.93,1593.82,22492.9723,2023-09-23
1593.82,1600.99,1570.21,1580.67,25275.8957,2023-09-24
1580.67,1597.4,1563.33,1588.31,26881.3774,2023-09-25
1588.31,1598.99,1580.48,1593.83,26372.6483,2023-09-26
1593.83,1634.04,1584.0,1598.62,27946.9301,2023-09-27
1598.62,1668.01,1598.05,1652.88,31203.759,2023-09-28
1652.88,1687.99,1648.41,1667.44,26024.5498,2023-09-29
1667.44,1694.0,1666.23,1670.88,23657.779,2023-09-30
1670.88,1750.0,1668.37,1733.73,26106.7574,2023-10-01
1733.73,1743.46,1637.1,1662.49,31513.8668,2023-10-02
1662.49,1670.29,1643.79,1656.9,27668.8412,2023-10-03
1656.9,1657.76,1625.77,1646.63,26147.0741,2023-10-04
1646.63,1654.57,1607.54,1611.81,29410.2623,2023-10-05
1611.81,1661.35,1611.81,1645.13,26427.8021,2023-10-06
1645.13,1647.7,1630.16,1633.79,22840.7865,2023-10-07
1633.79,1641.17,1616.44,1632.77,25955.7312,2023-10-08
1632.77,1635.79,1546.41,1579.96,27934.0305,2023-10-09
1579.96,1594.74,1551.22,1567.54,26775.9794,2023-10-10
1567.54,1578.33,1544.4,1566.91,32879.5781,2023-10-11
1566.91,1568.56,1520.33,1539.68,27209.9825,2023-10-12
1539.68,1575.0,1538.0,1552.19,27796.5164,2023-10-13
1552.19,1561.33,1544.96,1555.01,25035.869,2023-10-14
1555.01,1566.39,1548.88,1557.72,28499.7155,2023-10-15
1557.72,1640.0,1555.11,1599.57,32642.2377,2023-10-16
1599.57,1600.58,1551.84,1564.67,29915.6742,2023-10-17
1564.67,1585.34,1555.85,1563.29,37730.0262,2023-10-18
1563.29,1574.18,1541.96,1566.62,46196.1917,2023-10-19
1566.62,1630.38,1561.22,1603.93,65713.6488,2023-10-20
1603.93,1644.19,1592.39,1628.9,44133.8272,2023-10-21
1628.9,1667.84,1621.45,1663.63,54021.1527,2023-10-22
1663.63,1800.0,1657.15,1765.56,99589.2458,2023-10-23
1765.56,1854.43,1756.36,1785.11,160305.3451,2023-10-24
1785.11,1817.14,1760.22,1787.12,124613.291,2023-10-25
1787.12,1865.5,1763.17,1803.36,117785.6098,2023-10-26
1803.36,1803.95,1745.19,1779.45,93707.39,2023-10-27
1779.45,1802.94,1770.67,1776.19,59222.9425,2023-10-28
1776.19,1811.09,1763.0,1795.09,36381.8623,2023-10-29
1795.09,1830.0,1778.03,1808.98,57351.7062,2023-10-30
1808.98,1819.41,1781.35,1814.66,47292.5309,2023-10-31
1814.66,1857.78,1783.3,1846.76,77693.6431,2023-11-01
1846.76,1874.04,1784.77,1800.79,111688.3429,2023-11-02
1800.79,1834.44,1777.08,1832.6,83520.1523,2023-11-03
1832.6,1869.78,1824.0,1855.67,67690.2808,2023-11-04
1855.67,1912.9,1846.4,1891.77,68237.8157,2023-11-05
1891.77,1913.69,1869.49,1900.95,57293.9429,2023-11-06
1900.95,1906.9,1850.46,1885.31,60455.0091,2023-11-07
1885.31,1904.5,1873.0,1888.34,60233.0889,2023-11-08
1888.34,2131.61,1882.31,2120.89,157379.0775,2023-11-09
2120.89,2136.36,2065.42,2077.85,153179.0392,2023-11-10
2077.85,2089.57,2030.58,2053.16,97177.6994,2023-11-11
2053.16,2066.34,2012.67,2044.72,68263.0983,2023-11-12
2044.72,2117.78,2028.76,2053.74,76240.1201,2023-11-13
2053.74,2064.65,1927.47,1979.41,102533.6115,2023-11-14
2058.48,2090.49,1939.22,1961.77,149162.3803,2023-11-16
1961.77,1991.24,1905.98,1960.75,162819.062,2023-11-17
1960.75,1971.12,1917.39,1962.58,104810.2999,2023-11-18
1962.58,2015.35,1943.46,2011.51,101721.9586,2023-11-19
2011.51,2066.27,1992.63,2021.41,143231.3772,2023-11-20
2021.41,2034.61,1931.88,1933.26,198072.1105,2023-11-21
1933.26,2091.8,1929.45,2063.23,187232.4019,2023-11-22
2063.23,2088.5,2040.17,2062.12,91566.9632,2023-11-23
2062.12,2132.9,2059.23,2080.74,108734.5467,2023-11-24
2080.74,2090.37,2065.48,2083.03,80936.4949,2023-11-25
2083.03,2093.97,2036.53,2062.42,72016.636,2023-11-26
2062.42,2071.19,1985.83,2027.55,103599.2697,2023-11-27
2027.55,2075.0,1995.31,2048.18,106825.9942,2023-11-28
2048.18,2074.69,2019.33,2028.8,77364.335,2023-11-29
2028.8,2054.42,2021.09,2051.94,44100.0025,2023-11-30
2051.94,2110.56,2045.03,2087.29,51615.1956,2023-12-01
2087.29,2188.18,2086.2,2164.81,35299.6704,2023-12-02
2164.81,2216.87,2149.85,2193.06,38463.0137,2023-12-03
2193.06,2274.19,2191.32,2243.21,96894.73,2023-12-04
2243.21,2309.36,2188.76,2293.37,122281.9536,2023-12-05
2293.37,2311.69,2220.0,2232.8,101164.6144,2023-12-06
2232.8,2382.35,2222.07,2355.6,87066.622,2023-12-07
2355.6,2391.38,2338.54,2358.8,88082.7156,2023-12-08
2358.8,2403.0,2329.04,2340.64,84129.6223,2023-12-09
2340.64,2377.39,2322.22,2352.25,56507.316,2023-12-10
2352.25,2355.0,2137.0,2224.87,130975.8856,2023-12-11
2224.87,2243.99,2166.66,2203.44,110163.8132,2023-12-12
2203.44,2283.99,2146.15,2260.07,113073.2438,2023-12-13
2260.07,2331.79,2230.51,2315.25,113023.5727,2023-12-14
2315.25,2317.77,2199.72,2220.6,102380.3246,2023-12-15
2220.6,2263.39,2210.67,2228.94,53424.3492,2023-12-16
2228.94,2248.65,2192.12,2196.56,53383.2085,2023-12-17
2196.56,2224.0,2117.34,2219.43,58721.1589,2023-12-18
2219.43,2254.74,2136.11,2178.07,68463.3702,2023-12-19
2178.07,2265.86,2157.9,2202.25,110413.847,2023-12-20
2202.25,2279.25,2183.41,2239.48,136120.1643,2023-12-21
2239.48,2342.7,2230.81,2324.73,167069.4304,2023-12-22
2324.73,2330.65,2265.35,2308.5,83649.2668,2023-12-23
2308.5,2325.98,2244.0,2264.0,94778.7276,2023-12-24
2264.0,2304.8,2253.08,2271.23,95913.1316,2023-12-25
2271.23,2274.7,2179.79,2230.77,100943.6395,2023-12-26
2230.77,2392.33,2212.01,2378.33,128395.7194,2023-12-27
2378.33,2445.65,2336.1,2344.17,139747.1713,2023-12-28
2344.17,2385.13,2256.0,2299.2,78198.3794,2023-12-29
2299.2,2322.76,2267.9,2291.67,34507.2696,2023-12-30
2291.67,2321.18,2259.03,2282.0,34531.0138,2023-12-31
2282.0,2352.0,2265.31,2352.0,32607.9269,2024-01-01
2352.0,2430.83,2343.04,2355.35,46611.7721,2024-01-02
2355.35,2384.85,2088.59,2209.69,81425.8233,2024-01-03
2209.69,2294.1,2202.05,2267.16,63833.7279,2024-01-04
2267.16,2276.85,2206.27,2268.28,72315.737,2024-01-05
2268.28,2269.78,2216.45,2240.71,31778.3171,2024-01-06
2240.71,2257.4,2205.6,2221.41,38630.4414,2024-01-07
2221.41,2358.26,2166.68,2330.76,126453.9939,2024-01-08
2330.76,2373.04,2228.47,2344.32,143923.7708,2024-01-09
2344.32,2641.61,2340.21,2584.44,258745.4545,2024-01-10
2584.44,2689.14,2566.04,2618.01,132237.9369,2024-01-11
2618.01,2717.21,2458.01,2522.48,183857.9883,2024-01-12
2522.48,2589.95,2497.63,2578.16,66090.9148,2024-01-13
2578.16,2578.74,2470.02,2472.85,59346.3449,2024-01-14
2472.85,2553.78,2471.08,2511.78,52076.0715,2024-01-15
2511.78,2613.48,2500.25,2587.41,69752.1269,2024-01-16
2587.41,2592.78,2506.77,2530.22,62502.125,2024-01-17
2530.22,2549.12,2428.87,2470.82,100171.4112,2024-01-18
2470.82,2504.22,2415.44,2491.92,92294.5361,2024-01-19
2491.92,2491.93,2454.25,2472.12,42868.5366,2024-01-20
2472.12,2482.14,2453.36,2456.99,45420.2798,2024-01-21
2456.99,2465.94,2303.4,2314.21,185197.4532,2024-01-22
2314.21,2351.49,2168.16,2242.61,205505.5664,2024-01-23
2242.61,2264.58,2196.25,2235.0,89095.3541,2024-01-24
2235.0,2242.72,2171.72,2218.63,81084.3361,2024-01-25
2218.63,2282.17,2196.0,2267.59,79946.5231,2024-01-26
2267.59,2282.84,2251.43,2268.01,47397.222,2024-01-27
2268.01,2308.18,2240.09,2256.84,54436.3333,2024-01-28
2256.84,2322.36,2234.18,2317.52,64527.4522,2024-01-29
2317.52,2391.83,2297.29,2342.94,81693.3643,2024-01-30
2342.94,2351.74,2263.42,2283.16,86038.6637,2024-01-31
2283.16,2311.75,2240.46,2303.99,96784.3731,2024-02-01
2303.99,2324.66,2282.22,2309.11,60105.3057,2024-02-02
2309.11,2329.88,2292.71,2296.53,45835.6572,2024-02-03
2296.53,2311.27,2267.54,2289.66,57715.297,2024-02-04
2289.66,2338.36,2269.12,2301.83,57486.3197,2024-02-05
2301.83,2392.29,2298.86,2372.68,77156.8689,2024-02-06
2372.68,2445.03,2354.1,2425.2,63718.9739,2024-02-07
2425.2,2463.22,2411.86,2419.63,64681.2332,2024-02-08
2419.63,2524.04,2419.12,2486.51,78670.1448,2024-02-09
2486.51,2516.36,2471.78,2500.24,46739.4493,2024-02-10
2500.24,2539.71,2493.61,2507.15,53421.6252,2024-02-11
2507.15,2665.43,2472.2,2659.81,82736.5746,2024-02-12
2659.81,2686.03,2590.47,2640.04,110803.7441,2024-02-13
2640.04,2786.3,2618.35,2774.84,84542.4673,2024-02-14
2774.84,2867.18,2760.27,2822.77,113455.0262,2024-02-15
2822.77,2857.38,2743.56,2801.86,75895.4518,2024-02-16
2801.86,2804.36,2719.11,2785.95,57806.877,2024-02-17
2785.95,2895.25,2764.56,2880.94,68892.7751,2024-02-18
2880.94,2984.66,2856.99,2944.77,71702.5698,2024-02-19
2944.77,3032.96,2874.42,3014.71,123953.4408,2024-02-20
3014.71,3017.36,2869.06,2967.99,109945.8498,2024-02-21
2967.99,3036.39,2906.67,2971.37,106795.7906,2024-02-22
2971.37,2993.64,2906.25,2922.37,69743.7212,2024-02-23
2922.37,3006.27,2906.41,2992.59,66315.3396,2024-02-24
2992.59,3122.35,2983.74,3112.82,104295.4442,2024-02-25
3112.82,3195.83,3036.9,3175.89,109313.1162,2024-02-26
3175.89,3288.2,3165.87,3242.62,144517.4081,2024-02-27
3242.62,3488.15,3180.0,3383.08,297247.9018,2024-02-28
3383.08,3522.92,3300.17,3340.52,229425.1013,2024-02-29
3340.52,3449.47,3338.95,3432.95,116775.5264,2024-03-01
3432.95,3460.0,3394.52,3421.35,75457.1026,2024-03-02
3421.35,3492.11,3360.13,3487.72,77446.0061,2024-03-03
3487.72,3640.6,3430.14,3627.67,199941.9914,2024-03-04
3627.67,3821.82,3190.06,3553.29,433711.0278,2024-03-05
3553.29,3901.12,3499.28,3819.47,201351.326,2024-03-06
3819.47,3933.59,3734.94,3868.61,64259.6313,2024-03-07
3868.61,3993.71,3823.4,3883.19,84777.6704,2024-03-08
3883.19,3941.94,3870.6,3905.07,121300.8263,2024-03-09
3905.07,3964.14,3792.51,3878.79,105105.2063,2024-03-10
3878.79,4087.4,3726.55,4065.01,133259.889,2024-03-11
4065.01,4092.45,3830.6,3980.0,199568.6297,2024-03-12
3980.0,4082.35,3932.61,4004.9,274797.5043,2024-03-13
4004.9,4010.97,3724.03,3881.85,155175.8905,2024-03-14
3881.85,3932.85,3568.41,3741.98,309401.5902,2024-03-15
3741.98,3781.11,3467.84,3523.11,225437.9912,2024-03-16
3523.11,3678.57,3413.1,3644.28,184567.5906,2024-03-17
3644.28,3645.11,3454.31,3520.78,214072.2943,2024-03-18
3520.78,3548.23,3151.0,3158.74,402649.4586,2024-03-19
3158.74,3535.03,3058.0,3515.82,556821.7013,2024-03-20
3515.82,3586.54,3412.18,3492.79,270148.4963,2024-03-21
3492.79,3542.17,3249.52,3336.64,203549.5154,2024-03-22
3336.64,3434.5,3270.61,3329.94,138354.3481,2024-03-23
3329.94,3471.13,3299.37,3454.93,131577.7268,2024-03-24
3454.93,3658.47,3420.45,3590.37,152582.0291,2024-03-25
3590.37,3678.42,3543.2,3587.6,196996.5794,2024-03-26
3587.6,3666.05,3460.92,3501.83,170885.8712,2024-03-27
3501.83,3611.86,3465.32,3560.63,135900.5505,2024-03-28
3560.63,3584.17,3472.92,3509.91,112729.8142,2024-03-29
3509.91,3565.61,3485.13,3506.31,106000.4313,2024-03-30
3506.31,3655.81,3504.37,3645.0,115379.0115,2024-03-31
3645.0,3645.54,3415.0,3503.81,169540.6664,2024-04-01
3503.81,3506.24,3211.58,3278.59,277903.7128,2024-04-02
3278.59,3367.65,3202.0,3311.12,216954.9395,2024-04-03
3311.12,3442.62,3251.51,3327.67,160115.7384,2024-04-04
3327.67,3346.35,3210.22,3317.63,196856.2036,2024-04-05
3317.63,3398.4,3306.56,3351.45,121504.6516,2024-04-06
3351.45,3459.97,3344.45,3454.52,126659.1505,2024-04-07
3454.52,3729.8,3407.64,3695.04,157869.5887,2024-04-08
3695.04,3725.96,3452.84,3505.78,217614.3137,2024-04-09
3505.78,3562.82,3412.72,3545.98,196530.6228,2024-04-10
3545.98,3617.77,3474.48,3502.25,154619.4252,2024-04-11
3502.25,3552.82,3070.26,3237.46,218523.3104,2024-04-12
3237.46,3302.5,2804.51,3006.07,553472.0026,2024-04-13
3006.07,3173.91,2907.14,3154.84,407352.9462,2024-04-14
3154.84,3277.66,3023.94,3102.37,323523.1438,2024-04-15
3102.37,3126.45,2989.89,3083.98,310032.9124,2024-04-16
3083.98,3123.07,2915.11,2985.05,192825.5817,2024-04-17
2985.05,3094.0,2953.33,3064.58,171573.8408,2024-04-18
3064.58,3128.48,2865.74,3056.46,195644.7777,2024-04-19
3056.46,3171.43,3018.23,3155.82,111200.0109,2024-04-20
3155.82,3196.24,3116.34,3147.52,112501.0307,2024-04-21
3147.52,3235.5,3129.0,3200.3,106206.2355,2024-04-22
3200.3,3263.0,3152.37,3219.45,101008.6618,2024-04-23
3219.45,3293.36,3105.17,3140.54,115945.826,2024-04-24
3140.54,3191.88,3072.73,3155.99,124451.1634,2024-04-25
3155.99,3167.62,3102.91,3131.47,106254.5266,2024-04-26
3131.47,3284.0,3069.04,3255.53,117749.3498,2024-04-27
3255.53,3357.69,3250.45,3263.22,75984.7124,2024-04-28
3263.22,3287.43,3116.14,3216.62,78763.474,2024-04-29
3216.62,3250.91,2921.25,3014.07,109911.7123,2024-04-30
3014.07,3023.46,2817.35,2972.16,120262.3708,2024-05-01
2972.16,3015.49,2892.94,2985.97,89670.8027,2024-05-02
2985.97,3126.55,2958.87,3102.53,85574.8353,2024-05-03
3102.53,3168.19,3093.33,3117.2,69684.7547,2024-05-04
3117.2,3171.0,3073.34,3136.15,79706.166,2024-05-05
3136.15,3221.78,3046.68,3062.41,42279.7375,2024-05-06
3062.41,3130.09,3000.15,3005.82,67248.831,2024-05-07
3005.82,3038.2,2937.09,2974.15,63743.1374,2024-05-08
2974.15,3059.04,2951.21,3036.3,58164.3687,2024-05-09
3036.3,3053.89,2878.45,2909.82,63183.1556,2024-05-10
2909.82,2945.56,2887.05,2912.49,55484.1694,2024-05-11
2912.49,2954.96,2901.83,2929.53,19066.4104,2024-05-12
2929.53,2995.87,2864.99,2950.99,91186.3152,2024-05-13
2950.99,2960.8,2862.2,2882.17,43151.7391,2024-05-14
2882.17,3041.38,2864.28,3032.03,60887.6229,2024-05-15
3032.03,3041.22,2923.57,2944.87,159372.4406,2024-05-16
2944.87,3119.41,2933.2,3091.65,54561.4812,2024-05-17
3091.65,3146.59,3083.73,3123.04,64053.2683,2024-05-18
3123.04,3136.35,3053.89,3071.34,12203.8268,2024-05-19
3071.34,3693.75,3048.56,3661.64,97282.3073,2024-05-20
3661.64,3840.74,3626.29,3789.78,280183.6154,2024-05-21
3789.78,3813.0,3654.34,3737.57,49763.1926,2024-05-22
3737.57,3947.85,3529.13,3783.72,211323.8731,2024-05-23
3783.72,3829.21,3627.67,3727.75,59447.3164,2024-05-24
3727.75,3778.26,3709.0,3749.3,40310.6999,2024-05-25
3749.3,3883.21,3731.27,3826.04,36726.5177,2024-05-26
3826.04,3977.36,3823.12,3894.17,34673.9934,2024-05-27
3894.17,3931.05,3774.33,3844.71,44072.1232,2024-05-28
3844.71,3887.99,3744.58,3767.62,4750.7503,2024-05-29
3767.62,3825.08,3703.02,3748.13,27502.2344,2024-05-30
3748.13,3847.96,3723.98,3761.93,56034.5724,2024-05-31
3761.93,3833.03,3752.63,3815.95,35511.8844,2024-06-01
3815.95,3838.07,3753.14,3780.9,17924.6746,2024-06-02
3780.9,3850.0,3759.04,3767.32,37635.8808,2024-06-03
3767.32,3831.53,3731.68,3810.2,42822.4268,2024-06-04
3810.2,3886.63,3777.8,3866.08,119453.073,2024-06-05
3866.08,3877.97,3760.05,3813.08,106319.4664,2024-06-06
3813.08,3841.43,3575.0,3678.59,102557.5939,2024-06-07
3678.59,3709.5,3662.2,3681.01,60928.3796,2024-06-08
3681.01,3721.01,3666.21,3706.17,5473.3105,2024-06-09
3706.17,3713.28,3644.47,3668.48,1878.3121,2024-06-10
3668.48,3672.99,3432.48,3498.0,4822.3647,2024-06-11
3498.0,3656.22,3462.42,3560.29,4916.6459,2024-06-12
3560.29,3561.0,3428.58,3469.68,41411.6438,2024-06-13
3469.68,3532.02,3362.75,3481.33,44871.5798,2024-06-14
3481.33,3593.42,3473.77,3569.22,33730.5593,2024-06-15
3569.22,3653.83,3541.79,3624.45,34589.7681,2024-06-16
3624.45,3638.45,3466.18,3510.77,39687.318,2024-06-17
3510.77,3517.57,3352.47,3483.41,48791.5861,2024-06-18
3483.41,3589.31,3465.32,3560.17,39327.5582,2024-06-19
3560.17,3625.57,3486.42,3512.4,39627.0954,2024-06-20
3512.4,3546.94,3446.44,3518.25,41713.4489,2024-06-21
3518.25,3521.84,3475.86,3495.25,34096.4566,2024-06-22
3495.25,3521.28,3407.56,3420.77,34108.6968,2024-06-23
3420.77,3435.32,3240.83,3352.69,56607.124,2024-06-24
3352.69,3429.55,3336.46,3394.88,37928.1867,2024-06-25
3394.88,3425.9,3325.83,3371.9,37798.364,2024-06-26
3371.9,3476.34,3361.67,3450.14,41876.908,2024-06-27
3450.14,3487.5,3366.24,3380.16,38703.2171,2024-06-28
3380.16,3408.12,3371.69,3379.04,36226.089,2024-06-29
3379.04,3459.94,3353.85,3438.81,35630.2875,2024-06-30
3438.81,3524.04,3423.33,3441.91,38096.7934,2024-07-01
3441.91,3463.77,3401.56,3421.42,31940.5097,2024-07-02
3421.42,3432.43,3251.84,3295.43,42683.7511,2024-07-03
3295.43,3313.04,3051.02,3059.87,57618.9565,2024-07-04
3059.87,3109.0,2811.0,2981.94,84972.2684,2024-07-05
2981.94,3080.64,2955.15,3067.03,40411.357,2024-07-06
3067.03,3073.05,2922.8,2930.96,43783.6915,2024-07-07
2930.96,3096.69,2823.08,3018.57,72122.9201,2024-07-08
3018.57,3113.87,3003.8,3066.65,52393.963,2024-07-09
3066.65,3151.0,3024.47,3101.09,41765.8757,2024-07-10
3101.09,3216.68,3055.26,3099.24,47507.4116,2024-07-11
3099.24,3156.93,3047.0,3133.46,43220.5647,2024-07-12
3133.46,3201.03,3112.95,3175.45,37410.2381,2024-07-13
3175.45,3267.56,3163.44,3245.58,39375.0841,2024-07-14
3245.58,3493.65,3233.35,3482.6,39772.8885,2024-07-15
3482.6,3497.3,3347.84,3444.21,45125.548,2024-07-16
3444.21,3515.61,3377.61,3387.2,36758.0721,2024-07-17
3387.2,3489.31,3368.71,3426.32,35532.7647,2024-07-18
3426.32,3540.0,3377.1,3504.17,38993.1533,2024-07-19
3504.17,3539.0,3480.71,3517.99,35641.6397,2024-07-20
3517.99,3546.92,3412.07,3535.37,36021.5192,2024-07-21
3535.37,3562.57,3422.98,3440.22,38642.9619,2024-07-22
3440.22,3540.24,3390.44,3482.5,42101.0279,2024-07-23
3482.5,3488.12,3301.0,3336.85,36461.0544,2024-07-24
3336.85,3343.22,3088.16,3175.8,57163.0477,2024-07-25
3175.8,3286.11,3171.19,3273.98,43487.2812,2024-07-26
3273.98,3327.86,3191.3,3250.21,45125.0112,2024-07-27
3250.21,3283.83,3198.8,3270.14,39447.7469,2024-07-28
3270.14,3396.48,3258.65,3317.69,47163.2215,2024-07-29
3317.69,3364.83,3233.6,3279.92,37436.9476,2024-07-30
3279.92,3349.39,3214.69,3232.21,45230.6769,2024-07-31
3232.21,3242.86,3080.42,3203.34,51917.2385,2024-08-01
3203.34,3218.06,2968.0,2989.69,58594.4383,2024-08-02
2989.69,3018.53,2860.1,2904.16,52509.2805,2024-08-03
2904.16,2935.26,2629.03,2688.98,69608.4362,2024-08-04
2688.98,2697.43,2111.97,2419.07,336916.8425,2024-08-05
2419.07,2554.47,2414.76,2460.39,113288.3907,2024-08-06
2460.39,2550.0,2309.09,2343.05,109564.3243,2024-08-07
2343.05,2724.34,2320.35,2682.51,96878.3587,2024-08-08
2682.51,2707.51,2553.49,2598.74,70021.2662,2024-08-09
2598.74,2644.44,2576.92,2609.73,47188.6836,2024-08-10
2609.73,2718.1,2540.41,2554.82,59072.604,2024-08-11
2554.82,2749.36,2510.0,2722.38,83127.009,2024-08-12
2722.38,2738.2,2611.54,2702.39,60373.7578,2024-08-13
2702.39,2779.2,2633.42,2661.05,64043.0652,2024-08-14
2661.05,2675.0,2516.47,2569.46,59906.9828,2024-08-15
2569.46,2629.89,2551.26,2592.0,52359.5766,2024-08-16
2592.0,2627.37,2587.04,2614.61,45732.8212,2024-08-17
2614.61,2687.38,2594.84,2612.22,43321.5585,2024-08-18
2612.22,2648.07,2564.67,2636.22,47098.593,2024-08-19
2636.22,2694.68,2555.34,2572.7,47223.2322,2024-08-20
2572.7,2662.62,2536.73,2630.68,54189.0626,2024-08-21
2630.68,2644.44,2584.86,2623.22,48437.7288,2024-08-22
2623.22,2798.46,2621.38,2761.35,53209.5515,2024-08-23
2761.35,2819.93,2732.32,2768.89,45332.4999,2024-08-24
2768.89,2790.94,2734.01,2745.4,40131.9123,2024-08-25
2745.4,2761.09,2666.73,2680.09,46000.0193,2024-08-26
2680.09,2699.6,2394.33,2457.22,67547.7733,2024-08-27
2457.22,2553.58,2420.0,2528.36,69703.6959,2024-08-28
2528.36,2594.98,2505.98,2528.0,55925.9086,2024-08-29
2528.0,2551.15,2433.0,2525.76,62085.1725,2024-08-30
2525.76,2533.57,2492.36,2512.3,42612.0035,2024-08-31
2512.3,2515.52,2401.0,2426.02,58223.2998,2024-09-01
2426.02,2563.69,2423.5,2537.73,49744.5115,2024-09-02
2537.73,2553.45,2414.0,2425.48,49896.832,2024-09-03
2425.48,2489.03,2310.0,2450.19,68689.4404,2024-09-04
2450.19,2465.97,2350.0,2368.81,57686.7162,2024-09-05
2368.81,2408.35,2151.91,2225.84,92070.3041,2024-09-06
2225.84,2310.99,2223.5,2273.7,51611.4615,2024-09-07
2273.7,2332.07,2240.82,2297.05,53256.1558,2024-09-08
2297.05,2378.31,2273.17,2358.69,66849.592,2024-09-09
2358.69,2400.0,2320.96,2388.63,54198.4636,2024-09-10
2339.88,2390.0,2315.51,2361.81,53372.1503,2024-09-12
2361.81,2464.42,2337.5,2439.44,58391.5484,2024-09-13
2439.44,2441.16,2380.0,2417.49,49016.253,2024-09-14
2417.49,2430.0,2287.07,2316.36,54160.4591,2024-09-15
2316.36,2336.0,2254.19,2295.99,58334.4567,2024-09-16
2295.99,2392.8,2263.56,2341.59,56832.019,2024-09-17
2341.59,2375.0,2277.33,2374.04,57846.6709,2024-09-18
2374.04,2493.1,2372.06,2463.99,52022.9716,2024-09-19
2463.99,2571.29,2437.0,2560.37,50225.0032,2024-09-20
2560.37,2621.37,2529.31,2612.23,46302.698,2024-09-21
2612.23,2631.33,2525.19,2580.71,49801.9709,2024-09-22
2580.71,2701.67,2539.76,2647.45,53208.0459,2024-09-23
2647.45,2671.94,2592.14,2653.81,49328.0687,2024-09-24
2653.81,2673.29,2555.15,2580.69,50123.9389,2024-09-25
2580.69,2665.99,2560.36,2632.38,52548.4732,2024-09-26
2632.38,2726.15,2616.0,2694.05,49910.3104,2024-09-27
2694.05,2703.33,2650.0,2674.48,40353.9231,2024-09-28
2674.48,2682.32,2634.29,2656.91,47946.5611,2024-09-29
2656.91,2662.5,2575.15,2601.54,53360.1273,2024-09-30
2601.54,2658.41,2414.6,2448.32,59891.0245,2024-10-01
2448.32,2498.93,2355.55,2365.01,61211.276,2024-10-02
2365.01,2403.18,2311.0,2349.8,64178.2516,2024-10-03
2349.8,2441.18,2339.42,2415.23,50518.4175,2024-10-04
2415.23,2428.32,2390.83,2414.91,44928.3995,2024-10-05
2414.91,2456.84,2407.28,2439.98,44501.37,2024-10-06
2439.98,2520.12,2403.27,2422.5,54227.9533,2024-10-07
2422.5,2466.0,2401.74,2440.92,49973.8527,2024-10-08
2440.92,2472.86,2351.6,2369.7,55652.9107,2024-10-09
2369.7,2419.23,2331.66,2385.82,56074.2511,2024-10-10
2385.82,2469.94,2380.81,2438.03,49621.2685,2024-10-11
2438.03,2488.46,2433.33,2475.51,45538.546,2024-10-12
2475.51,2484.04,2436.23,2468.25,47751.6177,2024-10-13
2468.25,2651.35,2443.37,2628.69,55664.3312,2024-10-14
2628.69,2687.0,2538.16,2607.54,62084.1233,2024-10-15
2607.54,2646.46,2590.14,2610.99,48879.2321,2024-10-16
2610.99,2646.74,2576.13,2605.86,46125.6982,2024-10-17
2605.86,2674.49,2596.99,2641.1,48301.2336,2024-10-18
2641.1,2660.15,2630.41,2646.95,49253.8872,2024-10-19
2646.95,2758.38,2634.85,2746.34,56664.5246,2024-10-20
2746.34,2768.53,2656.27,2667.15,48881.7666,2024-10-21
2667.15,2672.04,2606.18,2622.15,49442.1591,2024-10-22
2622.15,2627.77,2455.0,2524.98,50454.8077,2024-10-23
2524.98,2560.59,2506.06,2535.07,52961.2667,2024-10-24
2535.07,2565.15,2385.0,2441.1,68510.491,2024-10-25
2441.1,2505.63,2430.58,2481.93,54407.6606,2024-10-26
2481.93,2526.5,2463.17,2506.67,51003.982,2024-10-27
2506.67,2588.76,2470.63,2566.83,47168.4377,2024-10-28
2566.83,2681.45,2561.06,2638.3,53527.143,2024-10-29
2638.3,2720.17,2600.0,2658.42,53791.0803,2024-10-30
2658.42,2667.74,2504.34,2519.08,52173.01,2024-10-31
2519.08,2585.67,2471.0,2511.62,61729.7277,2024-11-01
2511.62,2523.24,2470.87,2493.9,44428.8874,2024-11-02
2493.9,2495.96,2411.0,2457.09,48614.2411,2024-11-03
2457.09,2490.53,2359.0,2398.65,53197.7436,2024-11-04
2398.65,2479.17,2381.82,2422.64,51989.8496,2024-11-05
2422.64,2743.55,2420.74,2721.21,89010.0982,2024-11-06
2721.21,2914.63,2700.2,2895.14,71463.1906,2024-11-07
2895.14,2982.13,2887.68,2960.98,54270.3509,2024-11-08
2960.98,3155.96,2954.35,3126.3,48170.8536,2024-11-09
3126.3,3248.0,3069.82,3182.82,67104.5529,2024-11-10
3182.82,3386.36,3105.68,3370.85,76925.2204,2024-11-11
3370.85,3442.55,3208.9,3242.89,80994.2884,2024-11-12
3242.89,3332.5,3117.89,3187.09,85817.5894,2024-11-13
3187.09,3239.61,3031.05,3058.63,54828.0551,2024-11-14
3058.63,3129.93,3015.0,3090.41,49482.9182,2024-11-15
3090.41,3220.0,3073.18,3133.2,47578.1274,2024-11-16
3133.2,3161.9,3038.0,3075.84,50535.6726,2024-11-17
3075.84,3223.16,3051.41,3206.97,53502.0467,2024-11-18
3206.97,3220.68,3066.54,3107.59,48578.7793,2024-11-19
3107.59,3158.03,3031.0,3069.33,47898.9102,2024-11-20
3069.33,3384.96,3034.0,3355.38,62224.1953,2024-11-21
3355.38,3425.59,3260.45,3328.36,50847.3524,2024-11-22
3328.36,3494.49,3313.95,3393.52,50410.8921,2024-11-23
3393.52,3447.79,3281.64,3361.14,45870.4388,2024-11-24
3361.14,3545.71,3301.69,3415.47,72105.8577,2024-11-25
3415.47,3461.73,3253.55,3325.29,54308.1157,2024-11-26
3325.29,3685.59,3303.77,3653.28,50121.1739,2024-11-27
3653.28,3660.22,3531.34,3579.68,42924.0118,2024-11-28
3579.68,3645.66,3536.0,3592.03,101736.4883,2024-11-29
3592.03,3736.66,3568.46,3703.64,144237.6425,2024-11-30
3703.64,3746.38,3660.67,3708.65,132436.3914,2024-12-01
3708.65,3759.5,3558.22,3642.64,222827.2021,2024-12-02
3642.64,3669.1,3502.8,3614.66,229718.5622,2024-12-03
3614.66,3886.96,3614.56,3837.89,330397.4703,2024-12-04
3837.89,3954.0,3685.05,3784.9,407089.3237,2024-12-05
3784.9,4087.0,3777.31,3999.01,333712.3016,2024-12-06
3999.01,4024.04,3969.2,3998.0,113436.8793,2024-12-07
3998.0,4015.61,3925.44,4004.57,110824.9996,2024-12-08
4004.57,4006.48,3514.29,3716.0,401616.7526,2024-12-09
3716.0,3779.53,3516.42,3628.74,408189.2768,2024-12-10
3628.74,3847.06,3563.2,3831.13,198888.5328,2024-12-11
3831.13,3986.03,3797.8,3881.2,295216.0135,2024-12-12
3881.2,3966.8,3854.36,3906.6,203669.3404,2024-12-13
3906.6,3944.44,3826.74,3870.6,148638.2107,2024-12-14
3870.6,3974.0,3833.0,3958.89,137189.4569,2024-12-15
3958.89,4106.0,3885.0,3985.12,298433.7121,2024-12-16
3985.12,4039.22,3849.6,3893.73,227788.3326,2024-12-17
3893.73,3905.4,3618.58,3627.75,372237.4615,2024-12-18
3627.75,3719.99,3328.75,3416.93,518040.1856,2024-12-19
3416.93,3498.0,3102.31,3472.2,582685.1505,2024-12-20
3472.2,3554.36,3293.2,3338.9,231678.4557,2024-12-21
3338.9,3402.4,3221.5,3281.78,178771.7698,2024-12-22
3281.78,3466.08,3217.48,3422.48,272713.2967,2024-12-23
3422.48,3538.41,3359.35,3493.58,172228.8776,2024-12-24
3493.58,3545.92,3441.72,3496.44,132105.8807,2024-12-25
3496.44,3513.5,3305.49,3334.81,162312.8114,2024-12-26
3334.81,3442.76,3308.2,3334.0,153948.4367,2024-12-27
3334.0,3426.89,3322.93,3404.43,73300.9091,2024-12-28
3404.43,3413.46,3325.95,3357.09,74963.1693,2024-12-29
3357.09,3437.37,3305.97,3362.64,170671.736,2024-12-30
3362.64,3450.6,3316.76,3338.45,134084.2638,2024-12-31
3338.45,3375.0,3315.6,3360.73,77905.0936,2025-01-01
3360.73,3508.8,3355.4,3454.44,158377.0439,2025-01-02
3454.44,3630.94,3423.53,3608.72,156505.0543,2025-01-03
3608.72,3670.02,3572.51,3657.1,105449.0078,2025-01-04
3657.1,3674.99,3594.04,3636.01,80020.0333,2025-01-05
3636.01,3743.47,3611.55,3687.43,172978.7732,2025-01-06
3687.43,3699.82,3358.18,3381.74,275327.3116,2025-01-07
3381.74,3415.26,3210.0,3327.44,273685.0454,2025-01-08
3327.44,3357.14,3158.51,3219.59,250224.4754,2025-01-09
3219.59,3321.42,3195.35,3267.64,239321.7122,2025-01-10
3267.64,3319.21,3219.98,3283.11,102912.234,2025-01-11
3283.11,3299.32,3225.28,3266.76,91110.347,2025-01-12
3266.76,3337.5,2925.0,3137.01,387437.1801,2025-01-13
3137.01,3256.05,3126.28,3225.12,221914.7704,2025-01-14
3225.12,3472.97,3186.68,3450.31,90169.1741,2025-01-15
3450.31,3458.81,3266.6,3307.65,12832.7378,2025-01-16
3307.65,3524.35,3307.65,3471.76,15541.1122,2025-01-17
3471.76,3494.4,3228.28,3308.26,31554.8077,2025-01-18
3308.26,3448.0,3132.0,3215.37,313024.3551,2025-01-19
3215.37,3453.33,3144.19,3284.39,534267.0653,2025-01-20
3284.39,3367.89,3206.16,3327.23,40072.7602,2025-01-21
3327.23,3365.0,3223.81,3243.78,18762.9409,2025-01-22
3243.78,3346.67,3186.58,3337.59,56411.0309,2025-01-23
3337.59,3426.75,3275.38,3310.45,23299.9721,2025-01-24
3310.45,3349.64,3270.22,3317.72,8449.1496,2025-01-25
3317.72,3360.71,3230.77,3234.01,11028.9332,2025-01-26
3234.01,3253.85,3022.86,3182.89,103773.5122,2025-01-27
3182.89,3223.64,3040.76,3078.04,23042.1322,2025-01-28
3078.04,3181.25,3055.0,3114.24,48697.4165,2025-01-29
3114.24,3282.23,3091.95,3246.87,20966.7582,2025-01-30
3246.87,3436.41,3215.0,3300.56,50544.8567,2025-01-31
3300.56,3331.35,3102.0,3117.68,29714.9644,2025-02-01
3117.68,3163.15,2751.43,2870.06,249681.1551,2025-02-02
2870.06,2920.0,2147.4,2879.69,3135062.4668,2025-02-03
2879.69,2888.4,2632.97,2731.0,140439.7326,2025-02-04
2731.0,2826.87,2699.18,2788.39,40199.556,2025-02-05
2788.39,2857.89,2658.0,2686.21,37011.8808,2025-02-06
2686.21,2798.22,2563.43,2622.36,48871.822,2025-02-07
2622.36,2666.71,2588.59,2631.5,17475.263,2025-02-08
2631.5,2698.37,2522.79,2626.81,30906.4391,2025-02-09
2626.81,2693.67,2560.31,2660.96,18913.4855,2025-02-10
2660.96,2724.74,2560.0,2602.73,20858.3503,2025-02-11
2602.73,2794.02,2547.16,2737.63,88213.4089,2025-02-12
2737.63,2756.8,2614.11,2675.7,20200.6228,2025-02-13
2675.7,2790.65,2665.19,2725.06,25335.9138,2025-02-14
2725.06,2738.3,2663.8,2693.02,12372.5394,2025-02-15
2693.02,2725.89,2651.87,2662.23,16873.2955,2025-02-16
2662.23,2849.0,2639.53,2744.01,98710.6744,2025-02-17
2744.01,2756.09,2606.45,2672.58,103121.5345,2025-02-18
2672.58,2736.35,2656.8,2715.91,97550.4825,2025-02-19
2715.91,2769.34,2707.11,2738.18,105416.2659,2025-02-20
2738.18,2845.9,2618.0,2663.37,229705.7741,2025-02-21
2663.37,2797.91,2654.17,2763.17,86554.1194,2025-02-22
2763.17,2855.09,2745.94,2819.4,84955.4537,2025-02-23
2819.4,2838.98,2472.0,2513.38,198277.9977,2025-02-24
2513.38,2532.95,2318.55,2495.44,321373.8449,2025-02-25
2495.44,2507.56,2255.0,2336.22,249481.0728,2025-02-26
2336.22,2381.07,2231.94,2307.41,168648.1713,2025-02-27
2307.41,2314.13,2076.8,2237.92,363102.8128,2025-02-28
2237.92,2280.69,2143.51,2217.63,82089.73,2025-03-01
2217.63,2551.43,2173.22,2518.13,328363.283,2025-03-02
2518.13,2523.65,2098.8,2149.39,292367.7679,2025-03-03
2149.39,2222.0,1995.0,2171.73,357292.0787,2025-03-04
2171.73,2272.8,2155.29,2241.53,156510.8491,2025-03-05
2241.53,2319.7,2177.15,2202.51,173545.4529,2025-03-06
2202.51,2256.84,2103.21,2141.7,256722.9491,2025-03-07
2141.7,2234.55,2106.0,2203.32,79607.9114,2025-03-08
2203.32,2211.51,1990.0,2019.99,168902.8597,2025-03-09
2019.99,2151.48,1810.43,1865.81,341291.8975,2025-03-10
1865.81,1962.38,1755.0,1923.35,336642.0119,2025-03-11
1923.35,1955.92,1830.82,1908.05,280047.8686,2025-03-12
1908.05,1921.23,1822.09,1864.46,186571.8514,2025-03-13
1864.46,1945.11,1861.33,1911.29,113917.8951,2025-03-14
1911.29,1957.14,1904.29,1936.94,45753.2183,2025-03-15
1936.94,1940.47,1861.3,1887.63,94863.9981,2025-03-16
1887.63,1952.08,1880.5,1926.2,111003.1886,2025-03-17
1926.2,1935.85,1872.91,1931.46,74184.5367,2025-03-18
1931.46,2069.23,1927.93,2056.26,210453.4656,2025-03-19
2056.26,2067.7,1952.6,1983.71,108848.1184,2025-03-20
1983.71,1996.25,1937.0,1965.99,76423.8058,2025-03-21
1965.99,2006.21,1964.9,1980.9,35967.3522,2025-03-22
1980.9,2020.0,1976.97,2006.27,45533.098,2025-03-23
2006.27,2103.46,1978.26,2080.96,113654.1558,2025-03-24
2080.96,2097.6,2037.7,2066.31,86969.2579,2025-03-25
2066.31,2078.29,1982.26,2009.78,88031.0792,2025-03-26
2009.78,2037.19,1987.06,2003.61,66332.17,2025-03-27
2003.61,2015.56,1862.92,1897.09,215682.9319,2025-03-28
1897.09,1913.75,1797.65,1828.26,155553.4588,2025-03-29
1828.26,1849.38,1768.26,1807.47,110667.298,2025-03-30
1807.47,1853.68,1777.01,1822.3,177072.4172,2025-03-31
1822.3,1927.5,1818.1,1904.83,188320.875,2025-04-01
1904.83,1955.79,1782.02,1795.47,280201.5531,2025-04-02
1795.47,1844.53,1750.0,1816.67,183517.5787,2025-04-03
1816.67,1835.5,1759.29,1816.68,263334.1804,2025-04-04
1816.68,1826.92,1765.31,1805.6,63736.1663,2025-04-05
1805.6,1816.25,1537.48,1580.3,373945.0867,2025-04-06
1580.3,1638.63,1412.0,1552.91,931448.3862,2025-04-07
1552.91,1618.18,1447.0,1473.67,448807.708,2025-04-08
1473.67,1688.28,1385.38,1669.1,888676.568,2025-04-09
1669.1,1669.75,1473.7,1522.53,448443.2015,2025-04-10
1522.53,1590.83,1505.25,1566.72,303987.9551,2025-04-11
1566.72,1669.09,1546.39,1644.0,203808.6197,2025-04-12
1644.0,1649.65,1562.49,1597.64,333268.5838,2025-04-13
1597.64,1691.18,1595.42,1623.76,339135.2397,2025-04-14
1623.76,1660.57,1583.41,1588.74,193874.7214,2025-04-15
1588.74,1612.59,1539.38,1577.19,270706.5419,2025-04-16
1577.19,1616.16,1563.17,1583.51,142646.4357,2025-04-17
1583.51,1600.59,1573.51,1588.97,54656.6217,2025-04-18
1588.97,1631.0,1585.33,1613.23,63963.4449,2025-04-19
1613.23,1618.95,1565.66,1587.54,96644.5196,2025-04-20
1587.54,1658.18,1564.08,1579.82,241430.9974,2025-04-21
1579.82,1777.1,1540.0,1755.99,458276.4204,2025-04-22
1755.99,1833.94,1745.16,1794.86,384007.2857,2025-04-23
1794.86,1802.53,1723.64,1769.63,196320.67,2025-04-24
1769.63,1827.19,1739.44,1784.54,249628.2032,2025-04-25
1784.54,1840.49,1780.0,1820.35,133222.9323,2025-04-26
1820.35,1856.67,1782.58,1791.15,129077.6405,2025-04-27
1791.15,1826.94,1745.32,1799.76,257774.3142,2025-04-28
1799.76,1841.98,1780.8,1797.71,165819.7679,2025-04-29
1797.71,1816.67,1732.41,1793.36,205329.0181,2025-04-30
1793.36,1872.26,1792.24,1838.51,207680.8938,2025-05-01
1838.51,1870.0,1813.54,1842.06,123498.3447,2025-05-02
1842.06,1848.7,1810.0,1833.6,80876.6861,2025-05-03
1833.6,1849.83,1803.7,1809.13,76528.8155,2025-05-04
1809.13,1832.73,1781.99,1820.06,137521.1675,2025-05-05
1820.06,1820.85,1751.94,1816.6,185347.3718,2025-05-06
1816.6,1849.8,1787.05,1810.84,206688.7176,2025-05-07
1810.84,2225.25,1808.38,2206.97,587271.3556,2025-05-08
2206.97,2490.57,2184.66,2344.81,486847.6586,2025-05-09
2344.81,2599.99,2317.81,2583.27,183562.0447,2025-05-10
2583.27,2607.24,2436.78,2514.24,151894.7997,2025-05-11
2514.24,2623.75,2407.57,2495.27,235821.7742,2025-05-12
2495.27,2736.9,2415.99,2679.87,345743.67,2025-05-13
2679.87,2725.91,2548.52,2609.28,213286.149,2025-05-14
2609.28,2645.87,2479.24,2548.69,195693.1966,2025-05-15
2548.69,2648.0,2529.65,2537.07,151721.1771,2025-05-16
2537.07,2538.05,2447.25,2475.29,150784.9247,2025-05-17
2475.29,2587.16,2323.17,2497.84,241242.9329,2025-05-18
2497.84,2546.33,2349.02,2527.79,240391.3887,2025-05-19
2527.79,2587.73,2444.11,2524.18,217768.9396,2025-05-20
2524.18,2615.23,2452.81,2551.18,342679.1978,2025-05-21
2551.18,2692.19,2544.89,2664.27,256656.0532,2025-05-22
2664.27,2733.18,2500.0,2526.36,315187.2089,2025-05-23
2526.36,2575.35,2515.46,2530.55,84908.5352,2025-05-24
2530.55,2553.92,2463.44,2550.83,115676.1808,2025-05-25
2550.83,2598.18,2524.99,2563.25,107669.1696,2025-05-26
2563.25,2711.59,2509.0,2660.64,226186.5941,2025-05-27
2660.64,2688.46,2609.01,2680.79,159839.1429,2025-05-28
2680.79,2788.01,2619.46,2631.79,259378.5049,2025-05-29
2631.79,2648.71,2508.2,2531.14,200715.7962,2025-05-30
2531.14,2550.39,2476.67,2527.84,113895.086,2025-05-31
2527.84,2547.27,2468.57,2539.31,104987.1553,2025-06-01
2539.31,2614.65,2475.28,2607.34,141270.3216,2025-06-02
2607.34,2654.6,2580.22,2593.49,140890.5641,2025-06-03
2593.49,2679.35,2584.44,2607.57,145232.2878,2025-06-04
2607.57,2640.13,2392.2,2414.7,253608.3595,2025-06-05
2414.7,2530.55,2385.02,2476.16,165721.7294,2025-06-06
2476.16,2544.17,2457.02,2524.96,83661.4623,2025-06-07
2524.96,2548.22,2491.63,2510.54,89165.9538,2025-06-08
2510.54,2693.75,2478.06,2680.12,196336.8927,2025-06-09
2680.12,2826.0,2655.56,2816.79,332190.1072,2025-06-10
2816.79,2878.88,2744.74,2771.58,247731.0893,2025-06-11
2771.58,2784.29,2617.46,2642.75,171739.62160098,2025-06-12
2642.75,2645.35,2438.03,2578.6,514833.55186904,2025-06-13
2578.6,2578.7,2490.0,2530.86,114480.13941426,2025-06-14
2530.86,2558.67,2492.67,2547.96,106076.2949115,2025-06-15
2547.96,2679.64,2515.45,2544.88,206282.53869568,2025-06-16
2544.88,2617.76,2456.06,2510.02,246852.97623186,2025-06-17
2510.02,2547.43,2465.81,2525.12,165044.25278902,2025-06-18
2525.12,2546.82,2485.69,2521.23,106697.43251674,2025-06-19
2521.23,2568.57,2368.07,2407.2,258418.48622762,2025-06-20
2407.2,2448.28,2217.26,2295.92,196894.60187398,2025-06-21
2295.92,2314.38,2112.25,2227.09,365966.6219561,2025-06-22
2227.09,2438.33,2188.03,2411.43,363525.3534136,2025-06-23
2411.43,2481.6,2376.32,2448.57,266015.47623778,2025-06-24
2448.57,2468.81,2390.0,2418.37,147917.20738342,2025-06-25
2418.37,2519.9,2395.02,2416.36,142033.62139128,2025-06-26
2416.36,2463.19,2383.25,2422.87,105545.85544094,2025-06-27
2422.87,2447.39,2405.87,2435.5,29259.03481614,2025-06-28
2435.5,2524.5,2412.93,2500.2,88085.10220436,2025-06-29
2500.2,2523.98,2434.9,2484.61,184035.66434716,2025-06-30
2484.61,2500.19,2387.0,2405.13,168977.98281888,2025-07-01
2405.13,2618.13,2374.15,2569.65,380663.57195584,2025-07-02
2569.65,2634.8,2555.9,2590.87,272703.116255838,2025-07-03
2590.87,2602.85,2474.69,2508.21,138495.28448972,2025-07-04
2508.21,2530.0,2488.2,2516.69,44045.274877392,2025-07-05
2516.69,2605.02,2503.74,2570.83,89954.381883912,2025-07-06
2570.83,2590.58,2512.85,2542.11,133127.468591864,2025-07-07
2542.11,2627.06,2523.4,2614.65,142444.053249528,2025-07-08
2768.49,3000.0,2755.38,2951.02,288947.863545136,2025-07-10
2951.02,3039.14,2913.8,2958.31,293444.30989697,2025-07-11
2958.31,2979.92,2904.26,2942.89,82795.67245483,2025-07-12
2942.89,3020.0,2936.12,2972.33,84527.06233225,2025-07-13
2972.33,3081.87,2963.34,3014.06,202155.50568781,2025-07-14
3014.06,3143.55,2933.0,3137.58,257548.25907624,2025-07-15
3137.58,3423.24,3101.66,3370.61,346292.17461957,2025-07-16
3370.61,3522.98,3310.68,3476.17,347964.68928159,2025-07-17
3476.17,3673.13,3458.65,3547.14,425086.07226437,2025-07-18
3547.14,3608.5,3507.01,3592.4,165410.93039679,2025-07-19
3592.4,3824.98,3579.18,3756.1,397424.57978531,2025-07-20
3756.1,3857.87,3700.71,3762.43,315148.8469754,2025-07-21
3762.43,3798.09,3616.57,3746.0,400727.21283215,2025-07-22
3746.0,3765.04,3526.0,3627.19,367332.89786805,2025-07-23
3627.19,3771.58,3506.08,3705.98,328548.20626547,2025-07-24
3705.98,3747.06,3574.29,3725.85,343872.10737877,2025-07-25
3725.85,3793.03,3698.17,3740.31,158110.97260371,2025-07-26
3740.31,3879.63,3729.54,3872.83,176330.60475816,2025-07-27
3872.83,3940.88,3753.61,3797.5,283484.87825253,2025-07-28
3797.5,3885.35,3716.0,3794.21,239064.99332623,2025-07-29
3794.21,3834.34,3679.06,3810.65,243743.76704045,2025-07-30
3810.65,3877.33,3685.01,3698.61,222659.2466689,2025-07-31
3698.61,3724.5,3431.42,3488.01,393545.83265746,2025-08-01
3488.01,3537.94,3368.56,3394.25,254495.34551775,2025-08-02
3394.25,3521.65,3354.1,3497.41,167962.90373398,2025-08-03
3497.41,3736.75,3491.27,3720.54,220479.10779669,2025-08-04
3720.54,3721.34,3546.34,3612.51,199399.54986418,2025-08-05
3612.51,3698.96,3564.59,3682.64,175293.86573942,2025-08-06
3682.64,3926.66,3647.37,3909.44,253532.7262013,2025-08-07
3909.44,4069.18,3879.5,4008.15,239200.47356064,2025-08-08
4008.15,4326.64,4005.27,4260.96,269351.11941123,2025-08-09
4260.96,4332.59,4160.0,4250.5,211055.55754065,2025-08-10
4250.5,4366.67,4166.86,4223.56,317922.88782952,2025-08-11
4223.56,4639.09,4218.62,4590.19,271629.93170016,2025-08-12
4590.19,4783.59,4564.41,4749.93,259149.75414688,2025-08-13
4749.93,4789.75,4453.2,4547.31,434119.94750435,2025-08-14
4547.31,4670.1,4367.73,4439.71,310478.599604856,2025-08-15
4439.71,4490.71,4373.19,4423.1,143337.419318126,2025-08-16
4423.1,4576.46,4395.16,4474.21,175020.129100968,2025-08-17
4474.21,4484.08,4225.0,4313.38,387253.677570233,2025-08-18
4313.38,4354.94,4067.41,4075.75,381664.00607422,2025-08-19
4075.75,4377.73,4063.01,4336.15,368404.289511514,2025-08-20
4336.15,4339.99,4204.51,4225.4,221540.263516053,2025-08-21
4225.4,4885.77,4207.52,4830.01,449321.882772416,2025-08-22
4830.01,4830.73,4662.4,4778.89,156809.155209934,2025-08-23
4778.89,4957.59,4710.0,4780.08,260811.987508619,2025-08-24
4780.08,4798.21,4335.0,4377.33,378458.145135202,2025-08-25
4377.33,4633.85,4311.59,4600.41,355061.60446951,2025-08-26
4600.41,4664.13,4481.74,4507.12,375353.560596845,2025-08-27
4507.12,4634.38,4429.55,4512.45,281267.588330985,2025-08-28
4512.45,4517.49,4265.08,4359.65,524952.417099865,2025-08-29
4359.65,4415.54,4256.72,4373.79,217158.669808535,2025-08-30
4373.79,4498.19,4372.59,4391.28,204197.799249505,2025-08-31
4391.28,4491.59,4211.91,4314.4,337270.18922105,2025-09-01
4314.4,4416.56,4258.22,4326.85,297198.906652655,2025-09-02
4326.85,4490.87,4283.76,4450.4,192206.55266847,2025-09-03
4450.4,4483.33,4265.66,4297.94,270787.300511545,2025-09-04
4297.94,4491.58,4256.44,4307.69,369294.348285425,2025-09-05
4307.69,4329.1,4236.68,4273.36,164792.015156275,2025-09-06
4273.36,4336.36,4270.67,4306.38,158527.56584651,2025-09-07
4306.38,4383.6,4279.12,4306.4,297310.84983767,2025-09-08
4306.4,4381.74,4276.78,4310.61,283365.852007825,2025-09-09
4310.61,4453.3,4285.11,4349.65,318553.738215015,2025-09-10
4349.65,4480.91,4339.19,4458.77,321631.01861939,2025-09-11
4458.77,4749.1,4450.68,4711.82,354788.191775715,2025-09-12
4711.82,4767.97,4605.22,4667.18,247932.568594985,2025-09-13
4667.18,4692.57,4576.34,4604.0,210051.13627634,2025-09-14
4604.0,4669.71,4465.91,4523.41,296397.76567765,2025-09-15
4523.41,4538.35,4424.5,4501.52,214599.314564395,2025-09-16
4501.52,4617.46,4410.88,4590.03,327191.428884385,2025-09-17
4590.03,4644.47,4553.23,4587.11,169555.793007,2025-09-18
4587.11,4620.99,4435.76,4469.3,162616.18213745,2025-09-19
4469.3,4509.0,4454.49,4480.34,82100.11578625,2025-09-20
4480.34,4498.41,4443.07,4445.09,88707.13525126,2025-09-21
4445.09,4456.4,4072.91,4199.09,370204.390751505,2025-09-22
4199.09,4229.32,4114.71,4164.35,203073.885716785,2025-09-23
4164.35,4207.44,4074.54,4152.51,200220.5447118,2025-09-24
4152.51,4161.39,3824.0,3875.0,672512.138101629,2025-09-25
3875.0,4068.17,3867.51,4032.2,389594.860214358,2025-09-26
4032.2,4039.78,3973.15,4018.92,122986.875794734,2025-09-27
4018.92,4144.77,3965.0,4141.78,152011.193059432,2025-09-28
4141.78,4235.99,4082.0,4214.43,233280.47016071,2025-09-29
4214.43,4245.47,4092.08,4145.46,292321.960273524,2025-09-30
4145.46,4355.9,4123.49,4347.72,345664.354543398,2025-10-01
4347.72,4516.13,4332.38,4483.56,322675.792697064,2025-10-02
4483.56,4591.18,4425.25,4512.27,334848.329053912,2025-10-03
4512.27,4518.15,4440.0,4487.4,124953.839815976,2025-10-04
4487.4,4618.46,4467.14,4514.5,244584.071297606,2025-10-05
4514.5,4734.42,4487.24,4682.23,278730.674489808,2025-10-06
4682.23,4756.03,4430.81,4448.04,429545.147901968,2025-10-07
4448.04,4558.11,4410.82,4526.16,263728.189228888,2025-10-08
4526.16,4531.45,4265.25,4368.15,279511.696035522,2025-10-09
4368.15,4393.61,3434.23,3829.15,813938.171629102,2025-10-10
3829.15,3879.99,3643.72,3746.37,408189.231625524,2025-10-11
3746.37,4196.38,3694.1,4152.39,440985.054529774,2025-10-12
4152.39,4291.53,4040.37,4241.51,332843.485627484,2025-10-13
4241.51,4263.58,3889.56,4124.6,551481.35704648,2025-10-14
4124.6,4217.38,3927.74,3985.91,373338.082776912,2025-10-15
3985.91,4086.24,3825.32,3894.52,322914.654250632,2025-10-16
3894.52,3950.75,3674.71,3831.61,268188.82076366,2025-10-17
3831.61,3927.65,3819.08,3888.9,58559.6164,2025-10-18
3888.9,4031.34,3828.48,3982.6,78566.101,2025-10-19
3982.6,4085.0,3908.86,3979.33,51321.7506,2025-10-20
3979.33,4110.18,3840.18,3872.71,115105.8116,2025-10-21
3872.71,3890.0,3709.4,3806.05,110293.724,2025-10-22
3806.05,3935.1,3796.02,3856.91,88219.3477,2025-10-23
3856.91,4026.76,3845.9,3935.0,71937.3908,2025-10-24
3935.0,3969.23,3912.01,3953.59,35505.478,2025-10-25
3953.59,4178.77,3919.91,4158.21,78155.8505,2025-10-26
4158.21,4253.33,4095.22,4120.33,81817.6358,2025-10-27
4120.33,4176.0,3932.74,3980.01,161732.4136,2025-10-28
3980.01,4037.29,3840.0,3903.58,93679.2178,2025-10-29
3903.58,3950.16,3680.28,3805.8,65445.0909,2025-10-30
3805.8,3905.56,3796.8,3847.61,52314.3926,2025-10-31
3847.61,3909.41,3830.17,3873.81,27218.9491,2025-11-01
3873.81,3918.1,3838.45,3906.6,33506.9983,2025-11-02
3906.6,3914.49,3557.98,3604.04,104057.6186,2025-11-03
3604.04,3654.44,3056.25,3286.65,198005.1159,2025-11-04
3286.65,3480.68,3166.61,3424.65,117429.7583,2025-11-05
3424.65,3456.13,3245.61,3314.95,129952.8248,2025-11-06
3314.95,3472.91,3193.5,3435.58,123057.1868,2025-11-07
3435.58,3487.78,3355.71,3401.56,65616.2068,2025-11-08
3401.56,3623.98,3358.8,3583.5,80900.2343,2025-11-09
3583.5,3659.15,3506.87,3568.08,71436.9628,2025-11-10
3568.08,3648.43,3406.34,3418.77,79988.8841,2025-11-11
3418.77,3588.23,3371.32,3414.97,71893.098,2025-11-12
3414.97,3565.46,3154.47,3231.67,132883.5608,2025-11-13
3231.67,3257.39,3069.96,3112.55,129902.6943,2025-11-14
3112.55,3230.95,3110.61,3167.8,51203.8814,2025-11-15
3167.8,3249.4,3004.3,3095.71,100641.5821,2025-11-16
3095.71,3223.29,2959.61,3031.37,97456.2155,2025-11-17
3031.37,3169.99,2946.45,3123.71,114790.5512,2025-11-18
3123.71,3125.56,2873.57,3025.66,137069.1921,2025-11-19
3025.66,3063.73,2790.11,2834.09,123896.8311,2025-11-20
2834.09,2886.67,2623.43,2765.71,174148.1779,2025-11-21
2765.71,2799.0,2704.3,2770.35,47288.097,2025-11-22
2770.35,2858.38,2768.15,2802.61,58064.6547,2025-11-23
2802.61,2985.98,2763.11,2953.29,101163.9172,2025-11-24
2953.29,2980.79,2857.14,2959.5,72254.2134,2025-11-25
2959.5,3045.29,2888.5,3026.2,57020.2893,2025-11-26
3026.2,3071.05,2985.92,3015.32,48644.7079,2025-11-27
3015.32,3099.37,2994.21,3031.1,57403.495,2025-11-28
3031.1,3052.64,2962.29,2989.19,36784.1738,2025-11-29
2989.19,3053.19,2975.66,2991.34,31195.2655,2025-11-30
2991.34,2999.59,2719.3,2798.67,115694.7819,2025-12-01
2798.67,3033.6,2782.04,2996.2,120405.001,2025-12-02
2996.2,3214.79,2985.4,3188.0,132534.1794,2025-12-03
3188.0,3240.0,3066.67,3133.39,123026.1696,2025-12-04
3133.39,3193.33,2983.33,3021.77,129351.0503,2025-12-05
3021.77,3068.95,3012.61,3038.15,65586.4523,2025-12-06
3038.15,3150.35,2912.33,3059.61,84462.7663,2025-12-07
3059.61,3180.17,3040.31,3124.47,87909.1403,2025-12-08
3124.47,3397.02,3090.84,3317.96,79926.1757,2025-12-09
3317.96,3448.0,3288.17,3324.58,94474.8673,2025-12-10
3324.58,3327.82,3144.32,3237.34,93271.7812,2025-12-11
3237.34,3265.75,3045.26,3084.82,86192.3391,2025-12-12
3084.82,3135.38,3078.72,3114.39,29192.7572,2025-12-13
3114.39,3129.66,3026.48,3064.03,64411.7178,2025-12-14
3064.03,3177.84,2894.7,2964.99,149404.8536,2025-12-15
2964.99,2983.44,2876.67,2962.2,70590.4372,2025-12-16
2962.2,3031.17,2790.77,2833.61,78529.8642,2025-12-17
2833.61,2997.21,2775.29,2828.57,81181.5617,2025-12-18
2828.57,3019.0,2808.54,2979.47,79119.1952,2025-12-19
2979.47,2994.28,2966.95,2978.08,18904.4157,2025-12-20
2978.08,3013.62,2943.71,3002.17,29716.8122,2025-12-21
3002.17,3077.09,2963.65,3009.82,96947.9386,2025-12-22
3009.82,3035.98,2901.01,2964.54,97199.3919,2025-12-23
2964.54,2977.99,2888.39,2947.41,165821.2938,2025-12-24
2947.41,2971.11,2891.15,2904.05,121448.1221,2025-12-25
2904.05,2994.34,2894.5,2927.94,81021.1647,2025-12-26
2927.94,2960.83,2917.27,2949.17,24593.9228,2025-12-27
2949.17,2960.79,2925.0,2950.97,39137.7831,2025-12-28
2950.97,3057.21,2910.4,2937.99,105112.6672,2025-12-29
2937.99,3009.89,2919.21,2973.6,69962.6689,2025-12-30
2973.6,3027.94,2959.26,2971.55,60263.8591,2025-12-31
2971.55,3009.94,2971.21,3004.24,29409.4953,2026-01-01
3004.24,3149.69,2992.43,3125.13,80675.2861,2026-01-02
3125.13,3136.54,3075.65,3126.79,54068.419,2026-01-03
3126.79,3166.85,3118.69,3144.74,92700.904,2026-01-04
3144.74,3265.65,3135.12,3224.8,162106.7512,2026-01-05
3224.8,3308.87,3183.42,3296.93,178372.3274,2026-01-06
3296.93,3296.93,3125.25,3168.85,76333.7004,2026-01-07
3168.85,3184.65,3054.41,3106.73,83751.5317,2026-01-08
3106.73,3148.23,3058.75,3088.16,71535.8603,2026-01-09
3088.16,3103.89,3078.31,3086.74,21509.7048,2026-01-10
3086.74,3147.62,3084.72,3123.54,38964.7794,2026-01-11
3123.54,3171.81,3066.0,3095.77,80921.1809,2026-01-12
3095.77,3370.08,3092.08,3325.29,96789.6555,2026-01-13
3325.29,3403.43,3280.09,3354.43,108461.3631,2026-01-14
3354.43,3384.56,3273.15,3318.83,74924.0073,2026-01-15
3318.83,3327.41,3253.19,3296.27,63830.6924,2026-01-16
3296.27,3329.71,3284.01,3310.3,32268.7845,2026-01-17
3310.3,3368.99,3278.61,3284.1,43402.85,2026-01-18
3284.1,3284.75,3166.23,3189.5,105504.6939,2026-01-19
3189.5,3200.74,2917.09,2939.98,137697.4739,2026-01-20
2939.98,3070.1,2866.0,2982.31,165466.4278,2026-01-21
2982.31,3038.32,2905.71,2952.59,117040.441,2026-01-22
2952.59,3019.18,2891.9,2956.41,126433.4688,2026-01-23
2956.41,2970.22,2943.37,2953.44,75956.8903,2026-01-24
2953.44,2960.8,2786.67,2817.4,154450.4774,2026-01-25
2817.4,2951.82,2812.38,2929.72,398306.2711,2026-01-26
2929.72,3034.95,2899.31,3026.07,91587.5469,2026-01-27
3026.07,3046.48,2983.04,3010.67,84266.0676,2026-01-28
3010.67,3013.28,2755.0,2822.58,120888.2407,2026-01-29
2822.58,2828.88,2636.26,2707.18,215995.9632,2026-01-30
2707.18,2715.15,2245.73,2451.94,293314.7812,2026-01-31
2451.94,2475.96,2221.51,2270.94,316702.8076,2026-02-01
2270.94,2396.69,2157.2,2347.3,360498.0072,2026-02-02
2347.3,2360.1,2109.4,2234.0,315588.6913,2026-02-03
2234.0,2295.7,2076.59,2148.21,306135.6827,2026-02-04
2148.21,2174.46,1816.98,1826.98,370387.3147,2026-02-05
1826.98,2093.86,1747.23,2062.78,303477.3166,2026-02-06
2062.78,2122.31,1994.35,2086.68,316898.412,2026-02-07
2086.68,2151.55,2065.69,2089.64,89370.5152,2026-02-08
2089.64,2147.79,2008.33,2104.79,140566.1818,2026-02-09
2104.79,2124.79,1988.49,2022.92,189396.4555,2026-02-10
2022.92,2032.7,1902.65,1941.27,97855.0148,2026-02-11
1941.27,2001.57,1896.82,1947.86,62765.4717,2026-02-12
1947.86,2072.95,1924.71,2048.69,80193.6919,2026-02-13
2048.69,2107.74,2042.11,2086.89,34559.0576,2026-02-14
2086.89,2103.55,1929.34,1966.78,118118.5661,2026-02-15
1966.78,2024.0,1937.49,1998.35,113780.11,2026-02-16
1998.35,2015.74,1941.75,1991.91,76654.807,2026-02-17
1991.91,2038.74,1923.93,1956.24,112772.1472,2026-02-18
1956.24,1987.86,1907.17,1949.16,45031.8048,2026-02-19
1949.16,1981.42,1922.82,1969.01,63733.5504,2026-02-20
1969.01,1996.0,1955.68,1973.31,27761.3209,2026-02-21
1973.31,1983.32,1935.0,1957.92,25850.0581,2026-02-22
1957.92,1958.66,1837.28,1856.7,86755.3869,2026-02-23
1856.7,1869.98,1800.0,1851.95,73834.4309,2026-02-24
1851.95,2149.0,1846.55,2057.48,97237.3643,2026-02-25
2057.48,2083.32,1975.19,2027.51,84753.0129,2026-02-26
2027.51,2063.96,1887.01,1929.79,114516.918,2026-02-27
1929.79,1984.88,1835.12,1964.5,95360.6247,2026-02-28
1964.5,2055.0,1907.51,1939.36,112895.0354,2026-03-01
1939.36,2090.0,1919.76,2027.14,84576.5827,2026-03-02
2027.14,2041.9,1929.0,1982.87,60232.5276,2026-03-03
1982.87,2198.99,1944.83,2126.91,92892.2201,2026-03-04
2126.91,2163.9,2054.54,2073.14,65413.3471,2026-03-05
2073.14,2093.83,1955.97,1979.02,48865.2581,2026-03-06
1979.02,1997.01,1948.11,1969.61,37764.0269,2026-03-07
1969.61,1980.27,1914.57,1937.5,54032.9436,2026-03-08
1937.5,2053.64,1929.86,1993.67,73188.5426,2026-03-09
1993.67,2088.25,1991.1,2036.88,56821.0023,2026-03-10
2036.88,2085.96,2007.2,2052.02,45282.3636,2026-03-11
2052.02,2095.17,2017.71,2073.2,54658.4957,2026-03-12
2073.2,2209.63,2070.05,2092.91,89506.0277,2026-03-13
2092.91,2106.26,2061.64,2096.49,19945.7384,2026-03-14
2096.49,2202.8,2083.49,2178.12,41323.317,2026-03-15
2178.12,2386.17,2164.5,2353.15,112139.0046,2026-03-16
2353.15,2376.61,2295.66,2317.19,73844.173,2026-03-17
2317.19,2349.87,2153.11,2202.97,71859.4019,2026-03-18
2202.97,2233.58,2099.05,2137.7,62023.7803,2026-03-19
2137.7,2176.84,2116.81,2146.17,36970.8282,2026-03-20
2146.17,2168.32,2070.8,2085.12,20802.7613,2026-03-21
2085.12,2127.34,2026.01,2054.18,47849.6964,2026-03-22
2054.18,2198.29,2023.0,2152.03,65975.4871,2026-03-23
2152.03,2175.48,2103.12,2156.21,46201.0993,2026-03-24
2156.21,2199.36,2146.24,2169.21,43399.2553,2026-03-25
2169.21,2172.59,2034.3,2060.31,52006.5995,2026-03-26
2060.31,2077.35,1970.21,1992.97,45181.6624,2026-03-27
1992.97,2047.18,1982.8,1994.44,31481.8083,2026-03-28
1994.44,2019.89,1937.89,1984.47,37828.8127,2026-03-29
1984.47,2084.85,1979.8,2026.83,75483.4042,2026-03-30
2026.83,2124.42,2012.45,2105.6,59983.4429,2026-03-31
2105.6,2167.76,2081.67,2140.08,49836.3419,2026-04-01
2140.08,2159.21,2016.93,2057.03,45101.8993,2026-04-02
2057.03,2082.0,2040.53,2053.68,20386.2896,2026-04-03
2053.68,2083.88,2044.1,2065.53,9359.1021,2026-04-04
2065.53,2123.44,2021.87,2110.45,21445.174,2026-04-05
2110.45,2174.44,2087.66,2107.31,43528.0316,2026-04-06
2107.31,2273.57,2060.2,2240.2,65144.6823,2026-04-07
2240.2,2270.59,2179.35,2189.91,56462.8382,2026-04-08
2189.91,2246.79,2157.91,2190.16,71992.2274,2026-04-09
2190.16,2257.51,2176.15,2245.02,54094.2809,2026-04-10
2245.02,2330.0,2228.69,2284.92,44581.1196,2026-04-11
2284.92,2288.77,2174.8,2191.92,48439.0697,2026-04-12
2191.92,2394.7,2175.11,2367.97,72401.3178,2026-04-13
2367.97,2415.69,2302.47,2322.19,93328.2647,2026-04-14
2322.19,2385.99,2308.41,2360.14,76305.9578,2026-04-15
2360.14,2369.57,2284.7,2348.07,74534.8583,2026-04-16
2348.07,2464.57,2317.0,2418.5,85043.0613,2026-04-17
2418.5,2427.49,2338.91,2350.54,55129.1786,2026-04-18
2350.54,2355.39,2252.35,2263.38,65066.7317,2026-04-19
2263.38,2346.63,2259.91,2313.7,82020.8573,2026-04-20
2313.7,2338.84,2284.0,2327.37,85900.9451,2026-04-21
2327.37,2423.55,2312.88,2373.98,79020.5795,2026-04-22
2373.98,2382.12,2284.88,2330.6,78814.9368,2026-04-23
2330.6,2337.93,2300.01,2315.11,55255.5773,2026-04-24
2315.11,2323.19,2300.81,2319.89,31506.7044,2026-04-25
2319.89,2380.86,2306.94,2369.64,35393.4391,2026-04-26
2369.64,2404.72,2266.11,2303.99,65387.499,2026-04-27
2303.99,2311.0,2257.96,2289.39,89504.0125,2026-04-28
2289.39,2346.63,2220.0,2253.04,48695.5535,2026-04-29
2253.04,2279.17,2231.68,2257.53,41252.066,2026-04-30
2257.53,2325.42,2257.12,2295.6,29672.9559,2026-05-01
2295.6,2342.79,2292.81,2316.88,12784.5696,2026-05-02
2316.88,2356.67,2297.51,2322.78,20511.8592,2026-05-03
2322.78,2400.0,2309.18,2347.22,60913.9301,2026-05-04
2347.22,2399.99,2344.95,2360.76,44046.7576,2026-05-05
2360.76,2423.81,2337.61,2351.11,54596.6251,2026-05-06
2351.11,2352.89,2280.0,2291.31,149198.5886,2026-05-07
2291.31,2321.46,2265.21,2307.2,53106.0463,2026-05-08
2307.2,2338.55,2299.23,2326.28,33401.3532,2026-05-09
2326.28,2382.89,2311.6,2371.01,50461.0589,2026-05-10
2371.01,2375.16,2304.05,2339.82,76514.8404,2026-05-11
2339.82,2340.8,2256.44,2275.1,61754.4268,2026-05-12
2275.1,2323.34,2234.7,2258.74,65073.8301,2026-05-13
2258.74,2319.37,2238.69,2283.27,74553.8371,2026-05-14
2283.27,2300.3,2204.9,2224.47,126040.0521,2026-05-15
2224.47,2231.59,2162.68,2180.42,40462.1943,2026-05-16
2180.42,2198.48,2092.12,2131.01,44488.2392,2026-05-17
2131.01,2157.37,2077.73,2130.04,150003.522,2026-05-18
2130.04,2147.16,2094.5,2111.62,62330.3986,2026-05-19
2111.62,2149.43,2103.04,2129.52,55822.3629,2026-05-20
2129.52,2157.49,2105.08,2133.37,79342.1475,2026-05-21
2133.37,2141.54,2057.33,2066.04,109168.893,2026-05-22
2066.04,2149.89,2008.74,2117.62,95048.1527,2026-05-23
2117.62,2131.92,2062.52,2099.82,55270.6485,2026-05-24
2099.82,2142.13,2092.11,2112.95,46421.9629,2026-05-25
2112.95,2140.57,2055.0,2073.78,92094.1016,2026-05-26
2073.78,2097.28,2015.72,2024.81,116527.3267,2026-05-27
2024.81,2030.11,1967.3,2009.8,99598.2784,2026-05-28
2009.8,2046.62,1976.64,2014.43,87415.5905,2026-05-29
2014.43,2032.21,2001.94,2022.69,47430.4907,2026-05-30
2022.69,2037.95,1993.86,2007.13,74136.9831,2026-05-31
2007.13,2021.62,1956.26,2006.61,98240.597,2026-06-01
2006.61,2007.01,1838.74,1860.04,206693.5208,2026-06-02
1860.04,1893.04,1768.84,1813.28,137741.419,2026-06-03
1813.28,1820.79,1717.34,1770.85,184472.201,2026-06-04
1770.85,1774.89,1539.86,1583.3,371869.4587,2026-06-05
1583.3,1601.44,1505.0,1569.58,201283.476,2026-06-06
1569.58,1721.61,1564.05,1690.56,142137.7448,2026-06-07
1690.56,1714.52,1645.01,1690.35,172505.2886,2026-06-08
1690.35,1698.94,1614.0,1639.48,162807.8259,2026-06-09
1639.48,1668.19,1604.0,1621.59,179755.5423,2026-06-10
1621.59,1693.7,1621.59,1673.5,119893.2885,2026-06-11
1673.5,1691.15,1652.15,1666.36,111208.941,2026-06-12
1666.36,1697.44,1662.21,1681.21,55715.2135,2026-06-13
1681.21,1732.55,1654.81,1725.85,92925.2108,2026-06-14
1725.85,1849.57,1709.8,1796.1,144822.1012,2026-06-15
1796.1,1839.79,1758.43,1793.04,147156.8257,2026-06-16
1793.04,1810.48,1725.41,1750.45,121764.4097,2026-06-17
1750.45,1762.95,1671.61,1711.15,117258.9971,2026-06-18
1711.15,1719.54,1678.97,1711.16,85957.5943,2026-06-19
1711.16,1749.54,1703.91,1740.98,67824.8983,2026-06-20
1740.98,1742.03,1701.66,1706.99,48369.6463,2026-06-21
1706.99,1779.71,1706.89,1728.21,105449.5901,2026-06-22
1728.21,1736.53,1634.43,1667.04,62120.8148,2026-06-23
1667.04,1692.98,1552.85,1622.32,132057.7874,2026-06-24
1622.32,1660.52,1532.33,1567.85,157654.0975,2026-06-25
1567.85,1595.0,1512.14,1578.61,144928.194,2026-06-26
1578.61,1611.11,1562.6,1573.94,67323.9413,2026-06-27
1573.94,1588.9,1548.0,1571.93,56301.3335,2026-06-28
1571.93,1637.59,1550.42,1613.02,109799.915,2026-06-29
1613.02,1614.42,1550.24,1572.19,54538.3379,2026-06-30
1572.19,1646.4,1552.91,1609.66,39784.1855,2026-07-01
1609.66,1724.76,1597.14,1700.57,42238.7097,2026-07-02
1700.57,1775.89,1694.87,1758.18,26274.549,2026-07-03
1758.18,1807.54,1744.11,1780.63,27460.1727,2026-07-04
1780.63,1808.28,1748.82,1785.63,24995.8495,2026-07-05
1785.63,1833.52,1728.9,1799.28,52008.4868,2026-07-06
1799.28,1812.7,1757.84,1771.19,39580.6107,2026-07-07
1771.19,1785.22,1713.51,1743.43,36098.7265,2026-07-08
1743.43,1762.51,1721.7,1745.3,35401.6855,2026-07-09
1745.3,1812.26,1737.6,1796.7,40503.0209,2026-07-10
1796.7,1830.26,1786.51,1787.71,27770.7482,2026-07-11
1787.71,1826.75,1779.53,1806.79,21134.1532,2026-07-12
1806.79,1845.95,1750.32,1776.85,55042.4236,2026-07-13
1776.85,1896.37,1773.54,1891.67,59047.201,2026-07-14
1891.67,1946.63,1864.04,1917.82,50459.7573,2026-07-15
1917.82,1929.46,1857.33,1864.7,81256.0742,2026-07-16
1864.7,1871.01,1803.59,1841.84,50840.0833,2026-07-17
1841.84,1866.96,1837.4,1862.5,26855.3107,2026-07-18
1862.5,1879.18,1851.68,1872.31,39161.7787,2026-07-19
1872.31,1918.16,1842.72,1904.67,44970.6937,2026-07-20
1904.67,1952.93,1900.75,1930.2,26713.9103,2026-07-21
1930.2,1956.29,1910.57,1934.26,32451.2732,2026-07-22
1934.26,1941.55,1869.3,1878.37,24871.5153,2026-07-23
1878.37,1909.67,1848.19,1861.58,33463.8399,2026-07-24
1861.58,1877.2,1851.44,1874.79,17778.7195,2026-07-25
1874.79,1967.09,1874.05,1954.7,22433.0086,2026-07-26
1954.7,1982.08,1882.56,1892.43,38720.8568,2026-07-27
1892.43,1929.99,1856.4,1922.12,46908.3472,2026-07-28
1922.12,1935.47,1874.32,1910.68,43432.4147,2026-07-29
1910.68,1936.82,1894.04,1918.4,30207.7956,2026-07-30
1918.4,1936.18,1848.68,1862.6,30791.9506,2026-07-31
1862.6,1875.34,1821.93,1845.09,18357.8614,2026-08-01
1845.09,1898.8,1843.8,1885.2,20574.1287,2026-08-02
1885.2,1885.76,1828.82,1860.53,25054.3317,2026-08-03
1860.53,1881.89,1848.6,1869.94,26625.2482,2026-08-04
1869.94,1927.83,1855.7,1908.65,30164.032,2026-08-05
1908.65,1920.57,1892.15,1903.95,27852.0403,2026-08-06
1903.95,1945.62,1894.53,1914.1,27372.0301,2026-08-07
1914.1,1926.31,1912.44,1916.81,5706.0107,2026-08-08
1916.81,1938.0,1907.73,1910.7,12700.4548,2026-08-09
1910.7,1931.49,1867.98,1873.26,24761.8935,2026-08-10
1873.26,1897.85,1853.74,1882.7,28016.8334,2026-08-11
1882.7,1925.55,1873.33,1880.02,30866.2482,2026-08-12
1880.02,1900.07,1863.5,1886.13,34045.3138,2026-08-13
1886.13,1891.4,1864.22,1882.22,17874.6225,2026-08-14
1882.22,1886.59,1876.09,1882.64,7342.6432,2026-08-15
1882.64,1892.62,1869.44,1876.11,11572.6799,2026-08-16
1876.11,1918.67,1872.69,1913.6,37339.6725,2026-08-17
1913.6,1923.18,1885.88,1917.93,27163.4734,2026-08-18
1917.93,2336.99,1905.93,2252.9,169585.6883,2026-08-19
2252.9,2359.78,2222.84,2327.06,143551.053,2026-08-20
2327.06,2547.12,2324.61,2516.28,163155.3204,2026-08-21
2516.28,2530.24,2383.18,2422.61,119748.6935,2026-08-22
2422.61,2484.72,2356.17,2463.49,106238.3588,2026-08-23
2463.49,2533.08,2424.89,2482.33,135404.8747,2026-08-24
2482.33,2532.0,2414.88,2442.75,94923.1955,2026-08-25
2442.75,2515.35,2432.5,2506.61,64774.7617,2026-08-26
2506.61,2566.88,2481.71,2510.75,87867.7368,2026-08-27
2510.75,2535.56,2406.43,2442.94,84466.956,2026-08-28
2442.94,2459.65,2430.5,2457.39,19534.9494,2026-08-29
2457.39,2534.9,2387.64,2416.97,47499.2532,2026-08-30
2416.97,2489.88,2401.7,2467.57,55890.6061,2026-08-31
2467.57,2485.6,2383.67,2418.71,64767.2223,2026-09-01
2418.71,2428.84,2356.66,2367.6,32731.7929,2026-09-02
