date,close,high,low,open,volume
2020-11-01,1895.979736328125,1903.3572998046875,1895.79052734375,1898.7777099609375,1995524
2020-11-02,1903.8206787109375,1905.3984375,1888.2906494140625,1896.1041259765625,2791235
2020-11-03,1917.4765625,1920.6805419921875,1896.1707763671875,1903.8468017578125,2862327
2020-11-04,1917.2733154296875,1926.857177734375,1897.8721923828125,1917.5941162109375,4952494
2020-11-05,1958.8216552734375,1969.9652099609375,1915.669677734375,1924.4854736328125,4204649
2020-11-06,1960.812255859375,1967.833740234375,1940.0875244140625,1951.1304931640625,3850810
2020-11-07,1955.0455322265625,1962.5689697265625,1947.921142578125,1960.812255859375,3523586
2020-11-08,1962.529052734375,1970.7083740234375,1948.0880126953125,1955.0455322265625,4085977
2020-11-09,1875.2796630859375,1980.92041015625,1860.42431640625,1962.5274658203125,4391274
2020-11-10,1883.2659912109375,1900.41064453125,1872.542236328125,1875.2935791015625,1946045
2020-11-11,1871.670654296875,1897.0908203125,1862.0496826171875,1883.295654296875,2420848
2020-11-12,1895.3302001953125,1896.9320068359375,1866.053955078125,1871.5224609375,2351800
2020-11-13,1894.07373046875,1899.550048828125,1879.2218017578125,1895.434326171875,2089532
2020-11-14,1899.9345703125,1934.9307861328125,1881.292724609375,1894.07373046875,2995891
2020-11-15,1889.8111572265625,1899.9346923828125,1884.8382568359375,1899.9346923828125,809180
2020-11-16,1894.7933349609375,1897.2796630859375,1868.3741455078125,1889.8116455078125,982252
2020-11-17,1885.2618408203125,1897.5770263671875,1877.80712890625,1893.8206787109375,1771207
2020-11-18,1877.9241943359375,1888.2911376953125,1867.646484375,1879.503173828125,1732710
2020-11-19,1860.7562255859375,1880.589599609375,1850.091796875,1880.559326171875,1861958
2020-11-20,1873.026611328125,1879.8177490234375,1856.5667724609375,1860.7650146484375,1940012
2020-11-21,1874.7318115234375,1879.0955810546875,1859.884033203125,1873.0272216796875,2417112
2020-11-22,1868.275634765625,1884.1788330078125,1866.1256103515625,1874.7318115234375,1302690
2020-11-23,1845.34619140625,1872.87939453125,1831.6947021484375,1868.3037109375,2299624
2020-11-24,1815.052734375,1845.3812255859375,1802.630859375,1845.3812255859375,2076403
2020-11-25,1815.046630859375,1827.910400390625,1805.4227294921875,1818.183349609375,1379219
2020-11-26,1817.1148681640625,1834.4144287109375,1805.1751708984375,1815.1475830078125,2744650
2020-11-27,1798.1837158203125,1825.476806640625,1779.117919921875,1818.0850830078125,1999873
2020-11-28,1791.04345703125,1803.029541015625,1786.978271484375,1798.1995849609375,1037593
2020-11-29,1787.339111328125,1793.37109375,1782.8243408203125,1790.9554443359375,859727
2020-11-30,1788.4814453125,1793.248046875,1766.96142578125,1787.2056884765625,2615579
2020-12-01,1818.84765625,1838.9927978515625,1785.6026611328125,1788.1429443359375,2260872
2020-12-02,1825.7332763671875,1839.96728515625,1810.8734130859375,1818.5902099609375,1799212
2020-12-03,1841.99658203125,1845.4669189453125,1817.30712890625,1820.1553955078125,1506858
2020-12-04,1823.175048828125,1844.7239990234375,1821.707275390625,1835.3604736328125,1838859
2020-12-05,1831.317138671875,1842.18408203125,1821.407470703125,1823.157470703125,1114672
2020-12-06,1829.627197265625,1834.8134765625,1821.9052734375,1831.3299560546875,669337
2020-12-07,1865.8525390625,1870.3363037109375,1812.9453125,1829.426513671875,1155334
2020-12-08,1863.5614013671875,1876.02099609375,1850.82373046875,1865.7879638671875,1300055
2020-12-09,1839.8807373046875,1864.0687255859375,1827.285888671875,1863.5655517578125,1208622
2020-12-10,1829.2503662109375,1851.0677490234375,1825.9083251953125,1839.8114013671875,1074479
2020-12-11,1827.638916015625,1843.601318359375,1822.882080078125,1829.0076904296875,1109999
2020-12-12,1826.5107421875,1835.715087890625,1819.950439453125,1827.290283203125,884856
2020-12-13,1833.974853515625,1835.62841796875,1823.2139892578125,1826.50634765625,944826
2020-12-14,1827.4686279296875,1835.716064453125,1816.4642333984375,1834.130859375,1007047
2020-12-15,1844.2884521484375,1846.3201904296875,1821.5823974609375,1827.4747314453125,1068689
2020-12-16,1860.1285400390625,1865.1058349609375,1835.6925048828125,1844.3310546875,1713007
2020-12-17,1898.01708984375,1902.811767578125,1854.65576171875,1859.9852294921875,2516582
2020-12-18,1892.7398681640625,1899.99658203125,1885.46484375,1897.425048828125,2666047
2020-12-19,1886.487060546875,1896.6600341796875,1884.8448486328125,1893.0758056640625,1975269
2020-12-20,1888.64453125,1891.5126953125,1880.5887451171875,1887.378662109375,2257600
2020-12-21,1889.79541015625,1909.837890625,1869.6287841796875,1888.0098876953125,3373124
2020-12-22,1880.6937255859375,1896.23486328125,1867.25,1890.99609375,2930077
2020-12-23,1876.4908447265625,1882.100341796875,1858.7235107421875,1880.7720947265625,2374355
2020-12-24,1890.660400390625,1896.12890625,1871.2083740234375,1876.350341796875,2430469
2020-12-25,1898.0640869140625,1901.3369140625,1883.984375,1890.675537109375,2108396
2020-12-26,1911.6611328125,1912.6513671875,1894.847900390625,1899.0919189453125,2671584
2020-12-27,1926.6065673828125,1936.1805419921875,1906.3826904296875,1911.695068359375,4548961
2020-12-28,1909.0081787109375,1940.0137939453125,1893.840576171875,1927.3883056640625,5345201
2020-12-29,1901.1336669921875,1917.58154296875,1891.7003173828125,1907.599609375,3951000
2020-12-30,1916.7132568359375,1923.030029296875,1896.5098876953125,1898.367919921875,3779023
2020-12-31,1930.4727783203125,1935.6556396484375,1912.146240234375,1917.3026123046875,3578921
2021-01-01,1928.3507080078125,1941.2401123046875,1919.3819580078125,1929.661376953125,2098259
2021-01-02,1960.474365234375,1984.781982421875,1923.0474853515625,1928.3924560546875,5913206
2021-01-03,1961.2314453125,1975.6961669921875,1942.8460693359375,1960.6734619140625,4404860
2021-01-04,1997.9852294921875,2026.051025390625,1957.37109375,1960.36328125,8343112
2021-01-05,2020.681396484375,2077.02685546875,1998.2166748046875,1998.6785888671875,9875627
2021-01-06,1962.541748046875,2022.6536865234375,1934.655029296875,2020.5965576171875,8907860
2021-01-07,1953.2225341796875,1975.563232421875,1930.0484619140625,1962.161376953125,10078742
2021-01-08,1875.8663330078125,1955.8719482421875,1851.239501953125,1952.40234375,12024145
2021-01-09,1883.228515625,1894.469970703125,1862.502685546875,1875.8519287109375,5587899
2021-01-10,1873.0821533203125,1908.9024658203125,1870.50390625,1883.2972412109375,7880186
2021-01-11,1861.58837890625,1881.574951171875,1837.1741943359375,1875.0626220703125,15527267
2021-01-12,1865.8828125,1878.5723876953125,1843.480712890625,1860.61669921875,7046866
2021-01-13,1857.8455810546875,1877.9774169921875,1854.5045166015625,1865.8525390625,6013614
2021-01-14,1867.1156005859375,1875.0145263671875,1848.3958740234375,1854.049560546875,5909831
2021-01-15,1835.1561279296875,1878.8450927734375,1833.740234375,1867.6632080078125,5826786
2021-01-16,1844.6737060546875,1860.19140625,1835.8193359375,1835.8193359375,4373814
2021-01-17,1836.578369140625,1849.181884765625,1832.7398681640625,1846.2213134765625,4143723
2021-01-18,1852.8516845703125,1857.6475830078125,1833.5126953125,1835.8857421875,4579572
2021-01-19,1849.832275390625,1876.0716552734375,1844.818359375,1854.338623046875,7437325
2021-01-20,1884.7095947265625,1885.578369140625,1846.6011962890625,1849.7835693359375,8064837
2021-01-21,1883.8507080078125,1892.8756103515625,1874.219970703125,1883.427490234375,11604579
2021-01-22,1864.253173828125,1888.9234619140625,1849.09033203125,1885.024658203125,8444281
2021-01-23,1866.4730224609375,1870.341064453125,1857.0787353515625,1863.13427734375,3529966
2021-01-24,1859.47021484375,1872.2694091796875,1857.8214111328125,1866.4989013671875,3132995
2021-01-25,1860.4906005859375,1868.147216796875,1851.4427490234375,1859.354248046875,4530388
2021-01-26,1864.59521484375,1869.0614013671875,1853.55126953125,1858.3980712890625,4071497
2021-01-27,1848.29248046875,1864.9429931640625,1841.4468994140625,1864.64599609375,4654219
2021-01-28,1853.6019287109375,1866.9669189453125,1842.660888671875,1848.48095703125,3446108
2021-01-29,1867.6785888671875,1878.31787109375,1846.512939453125,1854.423095703125,7172628
2021-01-30,1866.6514892578125,1875.232421875,1863.806396484375,1867.597412109375,3561840
2021-01-31,1873.11181640625,1877.97509765625,1859.3941650390625,1865.0294189453125,4050030
2021-02-01,1866.3408203125,1881.5780029296875,1863.1500244140625,1873.7911376953125,5834433
2021-02-02,1852.4371337890625,1870.3759765625,1845.9063720703125,1868.871826171875,5050753
2021-02-03,1849.3319091796875,1858.2303466796875,1846.938232421875,1852.0224609375,4347661
2021-02-04,1810.6710205078125,1850.916259765625,1803.004150390625,1848.45703125,9606509
2021-02-05,1833.0498046875,1833.1302490234375,1808.4012451171875,1810.82421875,7237269
2021-02-06,1836.3804931640625,1838.4404296875,1826.4111328125,1832.67578125,6261750
2021-02-07,1839.489013671875,1847.1409912109375,1823.6590576171875,1836.515380859375,6566764
2021-02-08,1848.3377685546875,1866.613037109375,1822.4415283203125,1838.832275390625,12013817
2021-02-09,1853.6861572265625,1867.2235107421875,1846.2890625,1847.1962890625,13001510
2021-02-10,1856.9366455078125,1876.293701171875,1850.86669921875,1853.6767578125,11247945
2021-02-11,1838.1356201171875,1863.58837890625,1835.9007568359375,1856.6920166015625,6616416
2021-02-12,1844.0841064453125,1844.104248046875,1824.2923583984375,1837.0469970703125,7842842
2021-02-13,1848.615966796875,1853.0458984375,1842.0052490234375,1844.2659912109375,4969823
2021-02-14,1844.083251953125,1860.087158203125,1841.984130859375,1849.5130615234375,5280232
2021-02-15,1833.849609375,1852.806884765625,1829.1092529296875,1842.696533203125,6633807
2021-02-16,1817.9237060546875,1843.8321533203125,1815.983642578125,1833.9017333984375,6758290
2021-02-17,1798.0816650390625,1828.0313720703125,1781.767578125,1817.947265625,9285650
2021-02-18,1789.232177734375,1810.7666015625,1789.232177734375,1798.30224609375,8183831
2021-02-19,1808.0350341796875,1811.1734619140625,1773.91357421875,1788.239013671875,13061557
2021-02-20,1815.8056640625,1834.216552734375,1803.300048828125,1808.0269775390625,11777659
2021-02-21,1818.6224365234375,1834.0809326171875,1807.5921630859375,1814.4244384765625,7131457
2021-02-22,1825.998779296875,1832.6199951171875,1802.220703125,1819.985107421875,17271740
2021-02-23,1820.9234619140625,1841.2645263671875,1799.3831787109375,1825.6220703125,39967948
2021-02-24,1813.3675537109375,1840.0296630859375,1791.9857177734375,1821.6331787109375,16446777
2021-02-25,1769.996337890625,1819.367919921875,1769.996337890625,1813.3028564453125,13219162
2021-02-26,1749.2469482421875,1787.2633056640625,1732.68115234375,1775.869140625,18150324
2021-02-27,1752.509033203125,1757.0784912109375,1737.66845703125,1748.5081787109375,8953290
2021-02-28,1747.4227294921875,1756.839111328125,1738.9720458984375,1752.4293212890625,13938363
2021-03-01,1728.6929931640625,1769.74853515625,1725.2847900390625,1748.1973876953125,12140377
2021-03-02,1751.1312255859375,1754.837890625,1715.725830078125,1728.56884765625,10231118
2021-03-03,1721.0286865234375,1751.8751220703125,1718.42919921875,1751.8751220703125,8561543
2021-03-04,1707.1497802734375,1733.543701171875,1703.3172607421875,1719.8994140625,10101093
2021-03-05,1711.9073486328125,1718.91455078125,1695.138427734375,1706.788330078125,9085441
2021-03-06,1716.711181640625,1717.302490234375,1705.01904296875,1710.6754150390625,5340897
2021-03-07,1720.8682861328125,1724.8153076171875,1711.2215576171875,1715.5631103515625,5720145
2021-03-08,1704.699462890625,1729.1302490234375,1693.4100341796875,1718.788330078125,10505927
2021-03-09,1729.2515869140625,1743.8133544921875,1697.6641845703125,1704.6871337890625,9331300
2021-03-10,1739.76171875,1742.3446044921875,1718.7589111328125,1729.2294921875,7860414
2021-03-11,1743.667236328125,1752.4346923828125,1731.7205810546875,1739.0247802734375,8448512
2021-03-12,1739.8612060546875,1743.1605224609375,1712.8712158203125,1742.6796875,6902335
2021-03-13,1744.158447265625,1747.372802734375,1733.6044921875,1740.2337646484375,6262923
2021-03-14,1737.068603515625,1747.619873046875,1734.40380859375,1744.148681640625,5057801
2021-03-15,1735.020263671875,1749.362548828125,1727.828369140625,1736.035888671875,9638725
2021-03-16,1743.3291015625,1754.96240234375,1735.0516357421875,1735.8837890625,9047600
2021-03-17,1758.459716796875,1766.4532470703125,1736.8875732421875,1744.44580078125,7549031
2021-03-18,1744.9281005859375,1767.18408203125,1717.1279296875,1758.016845703125,7057963
2021-03-19,1763.4857177734375,1767.8355712890625,1741.51904296875,1744.7694091796875,4238867
2021-03-20,1763.453857421875,1767.62939453125,1754.6146240234375,1763.470458984375,5625993
2021-03-21,1748.865478515625,1764.9310302734375,1745.22412109375,1761.482177734375,7080189
2021-03-22,1748.4454345703125,1758.61572265625,1740.40283203125,1750.0267333984375,7045958
2021-03-23,1742.18896484375,1756.2542724609375,1736.1746826171875,1748.2125244140625,7350147
2021-03-24,1742.7772216796875,1750.11279296875,1736.3721923828125,1742.8033447265625,7018677
2021-03-25,1732.3409423828125,1750.4560546875,1726.8665771484375,1743.315185546875,9962059
2021-03-26,1744.706298828125,1746.4501953125,1724.9990234375,1732.5494384765625,7197431
2021-03-27,1735.28857421875,1746.3802490234375,1730.7039794921875,1744.337646484375,5628990
2021-03-28,1749.478271484375,1768.29833984375,1734.199462890625,1734.5364990234375,10023341
2021-03-29,1725.2864990234375,1756.885986328125,1721.069580078125,1748.9046630859375,8467117
2021-03-30,1702.027099609375,1731.82958984375,1699.1724853515625,1725.4212646484375,8436784
2021-03-31,1716.32275390625,1726.509521484375,1692.9200439453125,1702.4473876953125,6966104
2021-04-01,1742.77294921875,1743.3238525390625,1715.7017822265625,1716.221923828125,6485905
2021-04-02,1742.8388671875,1752.064697265625,1738.1082763671875,1742.8751220703125,6275474
2021-04-03,1743.1920166015625,1754.6529541015625,1739.1451416015625,1742.901611328125,5304606
2021-04-04,1755.4344482421875,1804.02197265625,1740.150390625,1743.1221923828125,7286996
2021-04-05,1743.8997802734375,1763.91015625,1740.966064453125,1756.0550537109375,6883229
2021-04-06,1759.2025146484375,1763.0760498046875,1739.6160888671875,1744.126953125,8277670
2021-04-07,1758.21923828125,1775.9654541015625,1737.59716796875,1759.379150390625,10833697
2021-04-08,1774.3238525390625,1785.2001953125,1754.2257080078125,1758.191650390625,9913094
2021-04-09,1753.650146484375,1774.3621826171875,1742.9173583984375,1774.3621826171875,8987733
2021-04-10,1756.0677490234375,1770.578369140625,1746.923828125,1754.8314208984375,8090528
2021-04-11,1760.4385986328125,1775.953369140625,1751.54345703125,1757.1512451171875,6301767
2021-04-12,1747.0474853515625,1763.9573974609375,1740.4361572265625,1759.3817138671875,9448083
2021-04-13,1749.9501953125,1764.9796142578125,1738.0877685546875,1746.7047119140625,13315178
2021-04-14,1753.2598876953125,1763.2060546875,1743.0679931640625,1749.7664794921875,10518181
2021-04-15,1772.2669677734375,1785.000244140625,1748.4913330078125,1753.95361328125,11694245
2021-04-16,1791.919677734375,1803.2275390625,1761.8746337890625,1771.626220703125,13187740
2021-04-17,1810.123291015625,1819.4610595703125,1789.2171630859375,1791.83642578125,8941616
2021-04-18,1799.0377197265625,1846.14013671875,1767.9605712890625,1810.21923828125,26980356
2021-04-19,1782.943115234375,1824.0531005859375,1773.8270263671875,1799.8336181640625,23416814
2021-04-20,1789.64697265625,1824.9403076171875,1775.4034423828125,1783.428955078125,24779490
2021-04-21,1815.2261962890625,1815.7386474609375,1786.71826171875,1789.1224365234375,23147865
2021-04-22,1796.74072265625,1826.35546875,1786.4815673828125,1815.77880859375,33052501
2021-04-23,1803.7183837890625,1825.144775390625,1781.741943359375,1796.3377685546875,42578384
2021-04-24,1788.9173583984375,1806.8360595703125,1783.5594482421875,1806.437744140625,17260090
2021-04-25,1782.6090087890625,1799.397216796875,1777.170654296875,1788.8458251953125,16472100
2021-04-26,1794.0860595703125,1801.0867919921875,1779.095458984375,1781.9459228515625,25980873
2021-04-27,1791.416748046875,1799.9129638671875,1785.4449462890625,1794.4007568359375,15171818
2021-04-28,1797.7900390625,1797.836181640625,1775.652099609375,1791.310546875,15677961
2021-04-29,1786.8973388671875,1804.368408203125,1779.046630859375,1797.3265380859375,17171031
2021-04-30,1785.0732421875,1790.149169921875,1777.8458251953125,1786.8890380859375,18115991
2021-05-01,1790.3265380859375,1792.567138671875,1780.4613037109375,1784.511962890625,11435921
2021-05-02,1784.7379150390625,1791.3360595703125,1780.06982421875,1790.2039794921875,9950103
2021-05-03,1801.700927734375,1807.892822265625,1781.0611572265625,1786.18212890625,17213825
2021-05-04,1785.778564453125,1805.9107666015625,1779.183349609375,1801.7572021484375,24751457
2021-05-05,1799.232421875,1802.248779296875,1780.938232421875,1785.9783935546875,15971834
2021-05-06,1839.22705078125,1839.46923828125,1794.3172607421875,1799.2647705078125,18824123
2021-05-07,1856.898681640625,1868.0970458984375,1827.5086669921875,1835.7000732421875,20259493
2021-05-08,1863.4766845703125,1873.7109375,1839.616455078125,1860.3765869140625,19156529
2021-05-09,1891.490234375,1898.7889404296875,1848.2861328125,1866.0914306640625,26219233
2021-05-10,1879.342041015625,1900.4881591796875,1849.335693359375,1891.9476318359375,32078981
2021-05-11,1861.7752685546875,1899.4190673828125,1853.5013427734375,1878.240478515625,35574347
2021-05-12,1829.0098876953125,1865.8475341796875,1817.5992431640625,1861.44384765625,26055272
2021-05-13,1862.1878662109375,1865.2642822265625,1811.623046875,1823.003173828125,38944215
2021-05-14,1869.8251953125,1878.3094482421875,1849.618408203125,1858.71826171875,24598959
2021-05-15,1882.572021484375,1920.5765380859375,1861.686767578125,1870.08447265625,31037773
2021-05-16,1948.3424072265625,2025.2420654296875,1879.193603515625,1881.97607421875,45338103
2021-05-17,1894.629150390625,2035.1181640625,1882.1357421875,1941.660888671875,73733116
2021-05-18,1878.7864990234375,1910.1368408203125,1869.3726806640625,1898.9117431640625,45186298
2021-05-19,1874.39794921875,1901.9488525390625,1848.4146728515625,1878.894287109375,96994899
2021-05-20,1888.3106689453125,1902.447998046875,1869.48779296875,1870.7593994140625,60082682
2021-05-21,1904.6207275390625,1908.4635009765625,1871.2958984375,1883.2816162109375,53229162
2021-05-22,1905.8787841796875,1916.7137451171875,1889.598876953125,1904.610107421875,32829139
2021-05-23,1895.643310546875,1909.495849609375,1876.9134521484375,1903.72119140625,52428144
2021-05-24,1882.6553955078125,1900.3048095703125,1876.3729248046875,1897.830322265625,43839698
2021-05-25,1903.5389404296875,1911.2860107421875,1876.70166015625,1882.79345703125,40764568
2021-05-26,1905.4195556640625,1920.8828125,1900.482666015625,1900.482666015625,25872258
2021-05-27,1903.9447021484375,1916.7900390625,1897.066650390625,1907.4864501953125,24216632
2021-05-28,1919.7454833984375,1923.0904541015625,1891.914306640625,1906.2257080078125,37570577
2021-05-29,1933.5107421875,1940.3450927734375,1909.34423828125,1922.2998046875,30581331
2021-05-30,1914.8497314453125,1936.593994140625,1914.1763916015625,1933.5972900390625,24268127
2021-05-31,1919.001953125,1924.12353515625,1911.341552734375,1914.3525390625,27297111
2021-06-01,1909.9725341796875,1922.37451171875,1898.3853759765625,1917.963134765625,26446590
2021-06-02,1912.6763916015625,1915.4171142578125,1901.41943359375,1912.697509765625,18989818
2021-06-03,1878.759765625,1915.1162109375,1877.1282958984375,1912.8756103515625,22907718
2021-06-04,1904.272705078125,1907.3092041015625,1869.721923828125,1880.0133056640625,21525936
2021-06-05,1901.0975341796875,1905.51171875,1886.4613037109375,1903.984375,20700245
2021-06-06,1900.193115234375,1906.85498046875,1896.0296630859375,1902.717529296875,15046194
2021-06-07,1899.59228515625,1906.6229248046875,1888.06982421875,1900.2110595703125,22704431
2021-06-08,1895.1422119140625,1908.317138671875,1891.1402587890625,1898.74560546875,34528238
2021-06-09,1894.1195068359375,1906.7679443359375,1892.55078125,1896.4620361328125,26706944
2021-06-10,1900.44873046875,1921.70947265625,1880.1153564453125,1894.1678466796875,25523982
2021-06-11,1886.4014892578125,1912.673095703125,1881.948974609375,1900.385986328125,20562770
2021-06-12,1891.8931884765625,1894.802490234375,1880.2452392578125,1888.669189453125,17048410
2021-06-13,1880.472900390625,1896.7706298828125,1877.2828369140625,1891.9334716796875,18642564
2021-06-14,1907.740234375,1912.1612548828125,1854.8824462890625,1880.5858154296875,19656628
2021-06-15,1884.215576171875,1888.8837890625,1857.213134765625,1871.5465087890625,18008067
2021-06-16,1824.7933349609375,1868.5277099609375,1816.5863037109375,1859.8858642578125,18068250
2021-06-17,1792.1243896484375,1829.837158203125,1778.37255859375,1825.0640869140625,21630085
2021-06-18,1777.2474365234375,1808.54931640625,1767.0230712890625,1792.1781005859375,22084437
2021-06-19,1774.2197265625,1781.3424072265625,1769.0426025390625,1777.340087890625,10930045
2021-06-20,1780.1142578125,1780.7227783203125,1767.568359375,1773.95166015625,16086855
2021-06-21,1785.3472900390625,1799.322021484375,1774.712158203125,1779.5941162109375,35413443
2021-06-22,1781.7249755859375,1798.06591796875,1774.6392822265625,1787.6968994140625,32025992
2021-06-23,1791.8291015625,1794.6700439453125,1778.5162353515625,1781.709228515625,19207935
2021-06-24,1777.6278076171875,1792.264404296875,1774.0963134765625,1783.2122802734375,13068262
2021-06-25,1778.208984375,1792.9539794921875,1775.16455078125,1777.7890625,19928345
2021-06-26,1782.424072265625,1784.3394775390625,1773.015869140625,1778.109130859375,14082034
2021-06-27,1791.3978271484375,1792.6470947265625,1776.0313720703125,1784.5518798828125,15499254
2021-06-28,1785.6807861328125,1795.094970703125,1774.0577392578125,1791.60546875,17608311
2021-06-29,1767.57275390625,1790.5526123046875,1761.631103515625,1785.4659423828125,19571278
2021-06-30,1777.649658203125,1785.209716796875,1758.1883544921875,1766.94384765625,21325455
2021-07-01,1777.287353515625,1785.90087890625,1772.21435546875,1777.618408203125,14674335
2021-07-02,1792.817138671875,1797.2745361328125,1776.9364013671875,1777.2613525390625,13968927
2021-07-03,1793.237060546875,1802.460693359375,1787.9512939453125,1792.7154541015625,10445867
2021-07-04,1794.2821044921875,1800.18701171875,1788.197998046875,1792.8035888671875,13963898
2021-07-05,1793.3770751953125,1804.7503662109375,1787.858154296875,1794.4635009765625,20907657
2021-07-06,1800.3873291015625,1815.840576171875,1793.1248779296875,1793.18701171875,20335183
2021-07-07,1806.795166015625,1813.69580078125,1796.8829345703125,1800.548828125,12614683
2021-07-08,1812.3878173828125,1828.7283935546875,1803.0631103515625,1807.495361328125,26533149
2021-07-09,1815.319091796875,1817.1453857421875,1803.137451171875,1812.420654296875,11059538
2021-07-10,1810.311279296875,1819.60009765625,1806.0804443359375,1815.1358642578125,8652303
2021-07-11,1812.1490478515625,1819.3436279296875,1809.792236328125,1810.1646728515625,7776836
2021-07-12,1809.2647705078125,1815.2696533203125,1798.3505859375,1812.07080078125,11005269
2021-07-13,1811.8848876953125,1819.19970703125,1804.4437255859375,1809.2147216796875,10266482
2021-07-14,1832.211669921875,1837.8837890625,1807.5758056640625,1811.6519775390625,21948654
2021-07-15,1833.6982421875,1837.7362060546875,1824.9932861328125,1832.3233642578125,17440494
2021-07-16,1813.020263671875,1839.0704345703125,1812.5269775390625,1837.474365234375,18080759
2021-07-17,1814.796630859375,1820.2490234375,1811.8765869140625,1812.960205078125,9593800
2021-07-18,1819.1197509765625,1821.4136962890625,1811.48095703125,1814.760009765625,9632180
2021-07-19,1818.741455078125,1821.8170166015625,1798.3023681640625,1818.612060546875,15034145
2021-07-20,1810.37890625,1832.742431640625,1801.1427001953125,1818.6788330078125,27358287
2021-07-21,1807.655517578125,1817.81884765625,1804.339111328125,1810.3963623046875,19000267
2021-07-22,1807.7908935546875,1815.5457763671875,1797.9771728515625,1807.6578369140625,11692362
2021-07-23,1812.4478759765625,1813.999755859375,1799.3360595703125,1807.781005859375,15115734
2021-07-24,1814.7191162109375,1815.56591796875,1805.758056640625,1812.4891357421875,10061345
2021-07-25,1811.1083984375,1815.1800537109375,1805.36767578125,1813.8731689453125,8678456
2021-07-26,1803.3233642578125,1821.8087158203125,1797.4356689453125,1810.5538330078125,24422593
2021-07-27,1809.428955078125,1811.0885009765625,1799.7537841796875,1803.4351806640625,14063984
2021-07-28,1812.7509765625,1817.6251220703125,1801.976806640625,1809.179443359375,14013330
2021-07-29,1835.00390625,1837.64697265625,1812.8089599609375,1812.8089599609375,11824313
2021-07-30,1824.8564453125,1838.751708984375,1817.1368408203125,1834.878662109375,14742489
2021-07-31,1820.9815673828125,1826.7198486328125,1815.9754638671875,1823.49853515625,9457171
2021-08-01,1815.2591552734375,1823.7337646484375,1813.2283935546875,1819.2281494140625,10774263
2021-08-02,1819.3931884765625,1823.2177734375,1808.4095458984375,1814.7247314453125,11047506
2021-08-03,1813.1934814453125,1819.6513671875,1808.71923828125,1819.359130859375,10057284
2021-08-04,1817.7257080078125,1835.6944580078125,1811.4249267578125,1813.3055419921875,12455166
2021-08-05,1808.2391357421875,1818.599853515625,1804.5765380859375,1818.5013427734375,13105198
2021-08-06,1772.1566162109375,1810.830810546875,1766.4422607421875,1808.7540283203125,21822746
2021-08-07,1775.0244140625,1779.4130859375,1767.4923095703125,1772.196533203125,15541195
2021-08-08,1730.06982421875,1778.409912109375,1703.493896484375,1775.056396484375,22051026
2021-08-09,1742.0550537109375,1757.7503662109375,1722.275634765625,1731.1080322265625,20547946
2021-08-10,1738.4884033203125,1748.71044921875,1730.14013671875,1743.5360107421875,13446728
2021-08-11,1757.62353515625,1763.1822509765625,1733.6744384765625,1738.55419921875,13931435
2021-08-12,1759.498046875,1764.5191650390625,1747.2979736328125,1757.6307373046875,17383332
2021-08-13,1784.1436767578125,1786.1220703125,1756.0704345703125,1760.755615234375,14862079
2021-08-14,1777.249755859375,1785.4461669921875,1773.64306640625,1783.54296875,8840025
2021-08-15,1780.3812255859375,1782.0224609375,1773.691650390625,1776.037841796875,12703578
2021-08-16,1792.1439208984375,1792.8101806640625,1773.9365234375,1780.9727783203125,12588765
2021-08-17,1786.0380859375,1800.7974853515625,1782.362060546875,1792.2122802734375,15933727
2021-08-18,1790.8045654296875,1801.7213134765625,1781.662841796875,1786.043701171875,16122870
2021-08-19,1781.8507080078125,1793.5537109375,1778.0682373046875,1790.6070556640625,12609841
2021-08-20,1785.8162841796875,1792.1982421875,1781.0340576171875,1782.9649658203125,12017527
2021-08-21,1787.724609375,1793.2196044921875,1781.7310791015625,1786.625244140625,8599703
2021-08-22,1783.3052978515625,1789.666015625,1779.612548828125,1788.765625,7573547
2021-08-23,1807.3992919921875,1810.0970458984375,1782.438720703125,1783.320068359375,12451816
2021-08-24,1803.46142578125,1811.6429443359375,1801.957763671875,1807.4849853515625,9233163
2021-08-25,1797.6529541015625,1805.3380126953125,1789.32373046875,1803.4039306640625,10154869
2021-08-26,1800.8267822265625,1805.2706298828125,1785.8577880859375,1797.6376953125,15463173
2021-08-27,1821.8453369140625,1823.0679931640625,1792.8656005859375,1798.7894287109375,16014339
2021-08-28,1821.3150634765625,1825.9044189453125,1817.3394775390625,1822.7208251953125,6314848
2021-08-29,1821.15869140625,1826.527587890625,1815.9056396484375,1821.342529296875,7277554
2021-08-30,1816.09228515625,1825.9918212890625,1812.4564208984375,1821.2449951171875,10142789
2021-08-31,1816.962646484375,1825.99609375,1808.8349609375,1816.01416015625,12983934
2021-09-01,1820.7412109375,1824.8995361328125,1813.8857421875,1817.0390625,12248454
2021-09-02,1814.783935546875,1823.0223388671875,1811.19970703125,1820.75927734375,10707698
2021-09-03,1829.589599609375,1832.6900634765625,1805.768798828125,1816.436279296875,22750136
2021-09-04,1825.9962158203125,1834.9625244140625,1823.8114013671875,1830.486572265625,8410754
2021-09-05,1829.5711669921875,1833.6607666015625,1822.8658447265625,1824.753173828125,9640551
2021-09-06,1825.732421875,1847.358642578125,1820.45849609375,1829.503662109375,17111466
2021-09-07,1793.2373046875,1830.7261962890625,1787.39892578125,1825.785888671875,24164001
2021-09-08,1788.510986328125,1803.049072265625,1784.792236328125,1791.9375,17014251
2021-09-09,1797.1707763671875,1803.6629638671875,1781.6859130859375,1790.532958984375,14380155
2021-09-10,1793.5579833984375,1805.314697265625,1790.3531494140625,1796.2078857421875,16141528
2021-09-11,1799.9864501953125,1801.290283203125,1790.033447265625,1794.6387939453125,9556005
2021-09-12,1793.3717041015625,1809.991455078125,1792.05712890625,1800.808837890625,14217477
2021-09-13,1799.640869140625,1805.6875,1789.178955078125,1792.4931640625,19092301
2021-09-14,1804.0791015625,1813.5592041015625,1791.352294921875,1799.4512939453125,15873922
2021-09-15,1797.7125244140625,1810.39111328125,1795.8895263671875,1804.9168701171875,12700677
2021-09-16,1764.6749267578125,1801.888916015625,1756.782470703125,1798.91259765625,15561209
2021-09-17,1763.3682861328125,1775.892578125,1755.24658203125,1764.8651123046875,12022000
2021-09-18,1766.19970703125,1770.6988525390625,1758.434326171875,1764.40185546875,8946452
2021-09-19,1764.639892578125,1775.095458984375,1762.0003662109375,1767.123779296875,7225830
2021-09-20,1779.0108642578125,1779.0108642578125,1749.792236328125,1764.823486328125,29473551
2021-09-21,1783.0718994140625,1788.2626953125,1762.2783203125,1775.7987060546875,27343512
2021-09-22,1770.1170654296875,1790.97900390625,1770.1170654296875,1783.146240234375,18581848
2021-09-23,1756.9583740234375,1783.45654296875,1745.7398681640625,1771.0843505859375,17814384
2021-09-24,1760.4617919921875,1767.349853515625,1749.5653076171875,1756.888671875,17141143
2021-09-25,1757.777099609375,1764.3106689453125,1753.4620361328125,1760.430419921875,8214268
2021-09-26,1757.343505859375,1761.8663330078125,1752.673583984375,1757.7882080078125,11874829
2021-09-27,1758.7950439453125,1769.6492919921875,1754.26708984375,1758.2293701171875,10852928
2021-09-28,1744.6593017578125,1761.827880859375,1739.031005859375,1758.8519287109375,10457398
2021-09-29,1739.632080078125,1754.5887451171875,1730.9393310546875,1745.5057373046875,10250575
2021-09-30,1762.3388671875,1770.1256103515625,1730.7413330078125,1739.570068359375,13468936
2021-10-01,1764.2247314453125,1770.60595703125,1757.1798095703125,1763.30419921875,13632243
2021-10-02,1764.76416015625,1769.3765869140625,1762.1214599609375,1765.3297119140625,7177046
2021-10-03,1771.450927734375,1774.411376953125,1762.2109375,1764.49169921875,6460085
2021-10-04,1772.8345947265625,1779.832763671875,1756.4027099609375,1771.3673095703125,15832644
2021-10-05,1764.83642578125,1775.085205078125,1755.5296630859375,1772.7413330078125,10674270
2021-10-06,1765.7857666015625,1770.7852783203125,1753.60595703125,1764.7783203125,15374008
2021-10-07,1759.6138916015625,1771.8818359375,1756.447265625,1765.6253662109375,9937474
2021-10-08,1762.0914306640625,1784.4774169921875,1756.27734375,1759.6612548828125,12191908
2021-10-09,1763.21142578125,1767.5391845703125,1760.0360107421875,1762.1942138671875,6873062
2021-10-10,1760.6171875,1765.992431640625,1758.232177734375,1762.033203125,7375968
2021-10-11,1761.1605224609375,1767.63916015625,1756.283935546875,1759.7821044921875,11844622
2021-10-12,1763.9539794921875,1772.8330078125,1757.6317138671875,1761.2432861328125,10462835
2021-10-13,1794.2813720703125,1799.912109375,1763.867919921875,1764.1673583984375,10002597
2021-10-14,1801.122314453125,1807.303466796875,1787.849609375,1796.2005615234375,11601253
2021-10-15,1773.47998046875,1803.17041015625,1768.5224609375,1800.1160888671875,20040781
2021-10-16,1771.126220703125,1776.5863037109375,1768.1348876953125,1773.49560546875,14377319
2021-10-17,1775.52978515625,1776.87890625,1768.9200439453125,1771.0926513671875,12598239
2021-10-18,1769.10888671875,1779.0096435546875,1765.511474609375,1776.5390625,14355577
2021-10-19,1776.2271728515625,1786.9205322265625,1768.645751953125,1770.0447998046875,15945015
2021-10-20,1783.81005859375,1792.92236328125,1774.478759765625,1776.2491455078125,18557622
2021-10-21,1786.9849853515625,1793.8560791015625,1779.73095703125,1782.9422607421875,17161130
2021-10-22,1796.9058837890625,1819.0924072265625,1785.864990234375,1786.9764404296875,17642503
2021-10-23,1800.686767578125,1802.8841552734375,1792.6170654296875,1796.84375,10231350
2021-10-24,1801.7672119140625,1802.808349609375,1793.4820556640625,1800.638916015625,10881888
2021-10-25,1811.04541015625,1817.989501953125,1797.3375244140625,1801.61572265625,11344537
2021-10-26,1795.498291015625,1813.0057373046875,1786.3909912109375,1810.915771484375,15114005
2021-10-27,1802.48779296875,1806.3642578125,1790.10546875,1795.4765625,17881852
2021-10-28,1801.9378662109375,1812.1905517578125,1797.0341796875,1802.4346923828125,19240447
2021-10-29,1782.1077880859375,1804.987548828125,1774.515869140625,1802.048828125,16550822
2021-10-30,1786.8023681640625,1788.7564697265625,1778.0640869140625,1782.138427734375,13099126
2021-10-31,1779.9617919921875,1788.591552734375,1779.8189697265625,1786.9697265625,13322278
2021-11-01,1791.763427734375,1795.4385986328125,1779.6663818359375,1779.89501953125,11974047
2021-11-02,1791.566650390625,1796.9317626953125,1784.57861328125,1791.5911865234375,14314738
2021-11-03,1779.2532958984375,1790.819580078125,1764.69677734375,1790.6053466796875,19547283
2021-11-04,1793.7249755859375,1797.4798583984375,1774.0673828125,1779.2137451171875,15311993
2021-11-05,1819.751953125,1821.7999267578125,1790.9698486328125,1793.5732421875,17416893
2021-11-06,1819.352294921875,1822.7943115234375,1813.6170654296875,1819.7691650390625,12105703
2021-11-07,1819.772216796875,1824.2764892578125,1814.610107421875,1821.6395263671875,17484410
2021-11-08,1827.908447265625,1829.8035888671875,1816.137451171875,1819.7685546875,35492837
2021-11-09,1832.244140625,1837.60546875,1824.5059814453125,1825.8984375,53818408
2021-11-10,1852.2694091796875,1865.6268310546875,1824.768798828125,1832.3814697265625,70248319
2021-11-11,1865.5245361328125,1870.38037109375,1845.6551513671875,1853.177734375,34828984
2021-11-12,1869.0059814453125,1874.281494140625,1846.52099609375,1863.211669921875,17731828
2021-11-13,1873.7392578125,1876.6558837890625,1867.6107177734375,1871.248046875,10698392
2021-11-14,1872.4244384765625,1875.7891845703125,1865.6114501953125,1873.6175537109375,12857674
2021-11-15,1869.0604248046875,1878.58837890625,1862.6729736328125,1872.7664794921875,26138854
2021-11-16,1858.54931640625,3127.11572265625,1852.863037109375,1871.86962890625,51065023
2021-11-17,1867.307861328125,1966.4312744140625,1851.3304443359375,1858.25341796875,39586692
2021-11-18,1859.1790771484375,1875.322265625,1853.832763671875,1868.0911865234375,38397544
2021-11-19,1846.7294921875,1869.8968505859375,1842.8494873046875,1858.9886474609375,31571759
2021-11-20,1842.467041015625,1852.025634765625,1839.6063232421875,1847.5496826171875,20793365
2021-11-21,1845.2093505859375,1852.9072265625,1841.7435302734375,1843.6728515625,21259498
2021-11-22,1811.9481201171875,1851.2935791015625,1804.252197265625,1845.5072021484375,32000000
2021-11-23,1792.4285888671875,1818.175537109375,1786.560302734375,1811.85302734375,26983623
2021-11-24,1799.129638671875,1802.4437255859375,1779.8739013671875,1792.2628173828125,26457520
2021-11-25,1791.500244140625,1797.82763671875,1785.5838623046875,1791.54833984375,13823472
2021-11-26,1795.9105224609375,1818.6441650390625,1783.8297119140625,1796.501953125,48504516
2021-11-27,1794.4588623046875,1800.9918212890625,1789.214111328125,1795.6187744140625,34692549
2021-11-28,1793.496337890625,1800.0086669921875,1785.28564453125,1793.9522705078125,42656451
2021-11-29,1791.392578125,1801.23828125,1783.875244140625,1794.224365234375,21500267
2021-11-30,1776.72412109375,1812.8135986328125,1772.2705078125,1789.9327392578125,25916416
2021-12-01,1784.49560546875,1794.468994140625,1775.9285888671875,1776.4691162109375,23621702
2021-12-02,1770.735107421875,1787.4422607421875,1764.0816650390625,1784.4698486328125,23345357
2021-12-03,1782.218505859375,1789.8128662109375,1767.7589111328125,1772.31884765625,30514265
2021-12-04,1779.20751953125,1788.2261962890625,1772.93310546875,1782.1165771484375,51770017
2021-12-05,1783.88671875,1787.8765869140625,1771.762451171875,1781.01123046875,28273338
2021-12-06,1783.5860595703125,1791.2266845703125,1776.378662109375,1784.0966796875,33391384
2021-12-07,1788.828125,1791.8406982421875,1776.9324951171875,1787.2906494140625,19278533
2021-12-08,1785.869873046875,1797.8297119140625,1780.555908203125,1790.7301025390625,23110516
2021-12-09,1774.94287109375,1794.2254638671875,1772.0628662109375,1783.916748046875,23122129
2021-12-10,1787.291015625,1791.24755859375,1769.9625244140625,1775.5933837890625,23455180
2021-12-11,1786.1881103515625,1789.5211181640625,1778.994873046875,1786.111083984375,21811032
2021-12-12,1785.0062255859375,1787.2830810546875,1778.0350341796875,1785.9573974609375,16368852
2021-12-13,1789.228759765625,1797.8406982421875,1782.94873046875,1785.8560791015625,29925864
2021-12-14,1776.03662109375,1795.23583984375,1770.4586181640625,1789.233154296875,33763611
2021-12-15,1779.7596435546875,1783.844970703125,1759.379638671875,1775.8482666015625,12269562
2021-12-16,1801.1942138671875,1803.8297119140625,1776.9129638671875,1779.7440185546875,9798148
2021-12-17,1803.5223388671875,1822.378173828125,1799.4063720703125,1800.4847412109375,18757566
2021-12-18,1803.58642578125,1808.614501953125,1798.3515625,1805.519775390625,6881990
2021-12-19,1803.5963134765625,1808.7569580078125,1798.5845947265625,1803.3624267578125,7740509
2021-12-20,1797.5701904296875,1810.3179931640625,1794.1275634765625,1804.0242919921875,9627627
2021-12-21,1794.1962890625,1805.56005859375,1789.275634765625,1797.1177978515625,11007565
2021-12-22,1807.686767578125,1813.0318603515625,1785.727294921875,1796.65673828125,8588564
2021-12-23,1816.697998046875,1818.62255859375,1802.311767578125,1807.5706787109375,9556725
2021-12-24,1819.1494140625,1820.5950927734375,1806.71044921875,1815.4493408203125,7521158
2021-12-25,1815.8900146484375,1821.36474609375,1812.4632568359375,1819.1614990234375,4674544
2021-12-26,1815.052978515625,1821.8245849609375,1812.6397705078125,1815.9505615234375,5090060
2021-12-27,1817.3746337890625,1821.614501953125,1806.212158203125,1814.8033447265625,5929433
2021-12-28,1814.2996826171875,1827.0916748046875,1807.102783203125,1818.8924560546875,10368262
2021-12-29,1812.3438720703125,1816.8223876953125,1796.7421875,1814.022705078125,13003385
2021-12-30,1825.786865234375,1826.8809814453125,1803.212646484375,1812.4390869140625,8028396
2021-12-31,1833.609130859375,1839.479736328125,1821.0384521484375,1825.90234375,7875775
2022-01-01,1836.6068115234375,1839.0511474609375,1832.876708984375,1834.042236328125,4749920
2022-01-02,1835.9266357421875,1840.060302734375,1833.5911865234375,1836.4857177734375,4534376
2022-01-03,1809.3111572265625,1837.9561767578125,1803.3284912109375,1835.9205322265625,6698791
2022-01-04,1816.170654296875,1820.2742919921875,1805.550048828125,1809.2725830078125,6232870
2022-01-05,1817.994140625,1832.9112548828125,1812.0863037109375,1816.3302001953125,15225874
2022-01-06,1798.1893310546875,1822.6829833984375,1791.9697265625,1817.9656982421875,29017553
2022-01-07,1804.8173828125,1805.2542724609375,1789.7955322265625,1798.090576171875,12828580
2022-01-08,1799.2171630859375,1805.0677490234375,1797.6630859375,1804.890380859375,8921723
2022-01-09,1798.5550537109375,1803.3177490234375,1796.38720703125,1799.2203369140625,7482594
2022-01-10,1806.085205078125,1807.95068359375,1793.0286865234375,1798.5059814453125,12964951
2022-01-11,1823.639892578125,1827.036865234375,1805.068115234375,1805.972900390625,8684012
2022-01-12,1833.2021484375,1836.2884521484375,1820.953369140625,1823.465087890625,10717347
2022-01-13,1825.422607421875,1835.1925048828125,1821.6966552734375,1833.3717041015625,7005095
2022-01-14,1827.74365234375,1835.3614501953125,1823.0096435546875,1825.269775390625,5589836
2022-01-15,1824.5992431640625,1829.9644775390625,1824.0565185546875,1827.8070068359375,4843610
2022-01-16,1825.5302734375,1827.84619140625,1823.55224609375,1824.5811767578125,3324498
2022-01-17,1824.005615234375,1828.1431884765625,1820.88671875,1825.712890625,7116533
2022-01-18,1820.0782470703125,1827.0941162109375,1812.16552734375,1824.0147705078125,7205952
2022-01-19,1846.5654296875,1851.166015625,1816.4840087890625,1820.10205078125,11620229
2022-01-20,1843.80810546875,1855.913818359375,1842.921875,1846.582763671875,6027809
2022-01-21,1841.04052734375,1851.468505859375,1836.7890625,1844.16943359375,24352605
2022-01-22,1841.426513671875,1850.9945068359375,1836.84765625,1841.404541015625,24852899
2022-01-23,1843.7340087890625,1846.3553466796875,1837.064208984375,1841.9873046875,14055238
2022-01-24,1848.91552734375,1851.8023681640625,1837.31005859375,1843.0361328125,22332390
2022-01-25,1860.2803955078125,1862.756591796875,1844.4483642578125,1848.810302734375,16340837
2022-01-26,1838.9906005859375,1860.2130126953125,1829.0506591796875,1860.2130126953125,27652090
2022-01-27,1811.3800048828125,1841.23681640625,1803.709228515625,1838.8623046875,17367225
2022-01-28,1798.82568359375,1812.4384765625,1791.7833251953125,1811.5079345703125,13447143
2022-01-29,1800.1917724609375,1802.2833251953125,1795.7388916015625,1798.7752685546875,8517379
2022-01-30,1799.668701171875,1802.821533203125,1795.009765625,1799.9952392578125,6298205
2022-01-31,1806.4495849609375,1808.224365234375,1794.6875,1799.74462890625,8742622
2022-02-01,1808.416748046875,1812.9500732421875,1802.0855712890625,1806.3695068359375,8168919
2022-02-02,1813.2020263671875,1815.8421630859375,1802.8597412109375,1808.3895263671875,9951439
2022-02-03,1813.8485107421875,1814.6317138671875,1799.4649658203125,1813.1605224609375,8799013
2022-02-04,1818.555419921875,1820.2635498046875,1803.727783203125,1813.216796875,12780883
2022-02-05,1818.00048828125,1819.792724609375,1813.1038818359375,1817.6038818359375,8710228
2022-02-06,1817.72900390625,1819.6328125,1813.589111328125,1817.9820556640625,8482955
2022-02-07,1824.65966796875,1830.4384765625,1815.4962158203125,1817.90625,11071972
2022-02-08,1830.7490234375,1836.1990966796875,1820.327392578125,1825.11767578125,10667748
2022-02-09,1839.468505859375,1843.458740234375,1830.3115234375,1830.4188232421875,8819869
2022-02-10,1834.2081298828125,1847.49560546875,1832.668701171875,1838.94140625,17542397
2022-02-11,1870.1474609375,1871.01708984375,1828.6220703125,1834.179931640625,29478443
2022-02-12,1874.18994140625,1878.744873046875,1864.83203125,1870.373291015625,41456922
2022-02-13,1883.4183349609375,1893.673828125,1869.407958984375,1873.93896484375,23495885
2022-02-14,1882.347412109375,1893.6046142578125,1864.2115478515625,1882.7135009765625,42116075
2022-02-15,1858.8779296875,1895.041015625,1850.5938720703125,1882.9041748046875,40247873
2022-02-16,1877.2119140625,1884.601806640625,1853.2708740234375,1859.2318115234375,21732750
2022-02-17,1916.0260009765625,1920.57373046875,1874.5992431640625,1876.26171875,44660827
2022-02-18,1914.9765625,1921.97265625,1902.2803955078125,1916.695556640625,46236922
2022-02-19,1915.845458984375,1920.238037109375,1911.57275390625,1914.9072265625,26167186
2022-02-20,1935.62939453125,1946.2362060546875,1913.2216796875,1915.704833984375,53726598
2022-02-21,1952.7620849609375,1975.529541015625,1912.5369873046875,1935.3248291015625,61614661
2022-02-22,1909.2366943359375,1964.383056640625,1909.2366943359375,1952.9925537109375,70283918
2022-02-23,1921.4500732421875,1927.08837890625,1899.9478759765625,1909.20947265625,38328703
2022-02-24,1934.8109130859375,2067.691162109375,1911.980712890625,1921.1639404296875,315521921
2022-02-25,1897.6983642578125,1943.730712890625,1893.8594970703125,1934.6434326171875,72179605
2022-02-26,1889.6107177734375,1904.2340087890625,1888.021484375,1896.143798828125,32791330
2022-02-27,1914.879150390625,1925.9588623046875,1886.5806884765625,1890.112060546875,67927636
2022-02-28,1896.8333740234375,1924.3353271484375,1884.1312255859375,1915.2279052734375,83374171
2022-03-01,1933.0665283203125,1938.3387451171875,1891.5885009765625,1896.4278564453125,72606683
2022-03-02,1923.6820068359375,1937.6788330078125,1910.8504638671875,1933.11181640625,49449365
2022-03-03,1934.783203125,1937.112060546875,1919.9730224609375,1924.6114501953125,43458749
2022-03-04,1970.3067626953125,1973.4617919921875,1933.4010009765625,1935.5498046875,63765942
2022-03-05,1973.5357666015625,1978.577392578125,1967.2427978515625,1970.722412109375,41284546
2022-03-06,1993.0255126953125,1993.0255126953125,1971.0299072265625,1973.6295166015625,45122881
2022-03-07,2005.298095703125,2015.0023193359375,1975.0740966796875,1993.054443359375,142200272
2022-03-08,2055.900634765625,2071.925537109375,1992.4306640625,2005.4661865234375,153369335
2022-03-09,1993.77685546875,2060.334228515625,1984.5653076171875,2056.3828125,121785235
2022-03-10,2001.5347900390625,2013.4117431640625,1978.6446533203125,1994.28759765625,109001157
2022-03-11,1987.0440673828125,2003.2269287109375,1965.4676513671875,2001.590087890625,77278558
2022-03-12,1992.0445556640625,1992.6046142578125,1984.7230224609375,1987.0068359375,26206887
2022-03-13,1986.010986328125,1999.42236328125,1985.0517578125,1992.254638671875,41738106
2022-03-14,1960.9246826171875,1987.8861083984375,1957.5455322265625,1985.9189453125,46145762
2022-03-15,1926.21484375,1960.8642578125,1916.3779296875,1960.8642578125,56174348
2022-03-16,1935.5889892578125,1936.9503173828125,1909.68798828125,1926.1456298828125,53131352
2022-03-17,1949.94775390625,1955.2843017578125,1934.8997802734375,1935.6446533203125,35716592
2022-03-18,1923.8309326171875,1950.919677734375,1923.2000732421875,1949.7689208984375,43969484
2022-03-19,1918.906494140625,1928.3389892578125,1916.4468994140625,1923.658935546875,23097412
2022-03-20,1922.8214111328125,1926.7039794921875,1915.8707275390625,1918.941650390625,26567189
2022-03-21,1937.5362548828125,1941.2027587890625,1922.9298095703125,1922.941650390625,35987190
2022-03-22,1919.9093017578125,1939.64892578125,1915.1973876953125,1937.0443115234375,30995386
2022-03-23,1947.2906494140625,1948.110595703125,1918.41259765625,1919.963134765625,30664424
2022-03-24,1955.8692626953125,1963.0194091796875,1938.9129638671875,1947.155029296875,47128927
2022-03-25,1957.9649658203125,1960.7935791015625,1946.46826171875,1955.5693359375,25742353
2022-03-26,1964.4266357421875,1964.4266357421875,1957.581787109375,1958.102294921875,10849971
2022-03-27,1953.05029296875,1966.1395263671875,1951.19091796875,1964.5379638671875,18872215
2022-03-28,1925.2591552734375,1954.9404296875,1921.8653564453125,1953.23876953125,37089113
2022-03-29,1919.1064453125,1930.7939453125,1894.2066650390625,1924.683349609375,32492598
2022-03-30,1930.0699462890625,1936.7734375,1916.1373291015625,1919.0174560546875,16846677
2022-03-31,1934.3636474609375,1946.7025146484375,1920.846923828125,1930.3311767578125,20926953
2022-04-01,1923.2642822265625,1939.9459228515625,1918.4049072265625,1934.5484619140625,20050246
2022-04-02,1921.9178466796875,1924.5640869140625,1920.022216796875,1923.49169921875,12425683
2022-04-03,1923.289306640625,1927.4698486328125,1919.9710693359375,1921.9031982421875,13612274
2022-04-04,1931.5870361328125,1934.21484375,1919.423095703125,1923.068359375,17008058
2022-04-05,1920.6434326171875,1937.76025390625,1919.3775634765625,1931.6829833984375,15178754
2022-04-06,1922.1025390625,1929.894287109375,1917.585205078125,1920.45458984375,28771587
2022-04-07,1930.3642578125,1935.6463623046875,1921.690673828125,1922.04541015625,15227799
2022-04-08,1945.3973388671875,1947.8382568359375,1928.5858154296875,1930.5390625,16883884
2022-04-09,1949.1146240234375,1952.729736328125,1945.568603515625,1945.7222900390625,12493837
2022-04-10,1943.121337890625,1952.6309814453125,1942.4439697265625,1949.1302490234375,10581502
2022-04-11,1953.7210693359375,1967.133056640625,1941.1964111328125,1943.32958984375,38851823
2022-04-12,1968.8414306640625,1976.4656982421875,1951.130859375,1954.2813720703125,37504300
2022-04-13,1981.0634765625,1981.90966796875,1965.3133544921875,1968.486328125,520817680
2022-04-14,1975.895751953125,1980.6446533203125,1964.8486328125,1980.6446533203125,127996917
2022-04-15,1981.21923828125,1981.21923828125,1974.731689453125,1975.8489990234375,14416925
2022-04-16,1980.1348876953125,1982.0001220703125,1977.84326171875,1981.1041259765625,12695923
2022-04-17,1986.3134765625,1986.5511474609375,1978.2099609375,1979.8785400390625,13243912
2022-04-18,1979.8944091796875,2000.237548828125,1979.7930908203125,1987.1378173828125,40813904
2022-04-19,1955.1236572265625,1983.514892578125,1953.260986328125,1979.9656982421875,28814502
2022-04-20,1962.8897705078125,1964.686767578125,1947.44970703125,1955.0322265625,24320875
2022-04-21,1959.189453125,1963.0460205078125,1942.478759765625,1962.80322265625,29024984
2022-04-22,1937.474853515625,1959.6834716796875,1935.133056640625,1959.19482421875,25311213
2022-04-23,1934.8197021484375,1939.3726806640625,1933.8271484375,1937.502197265625,14889423
2022-04-24,1935.5460205078125,1938.37060546875,1933.7047119140625,1934.553955078125,13024249
2022-04-25,1907.7977294921875,1935.6181640625,1901.44482421875,1935.5487060546875,41737904
2022-04-26,1908.0391845703125,1915.0379638671875,1900.5885009765625,1907.305908203125,26343621
2022-04-27,1894.2547607421875,1909.09326171875,1890.995361328125,1908.108154296875,22388187
2022-04-28,1900.843994140625,1901.6827392578125,1882.888916015625,1894.252197265625,21182383
2022-04-29,1904.9727783203125,1923.2935791015625,1898.776123046875,1900.8326416015625,24916402
2022-04-30,1901.595947265625,1908.354248046875,1900.516357421875,1904.9329833984375,15359590
2022-05-01,1904.3314208984375,1907.561767578125,1899.2845458984375,1901.2769775390625,17176271
2022-05-02,1869.7327880859375,1905.4705810546875,1861.6358642578125,1904.19189453125,28588752
2022-05-03,1871.646240234375,1877.5736083984375,1858.702880859375,1869.5662841796875,25412156
2022-05-04,1889.063232421875,1889.063232421875,1864.555419921875,1871.5506591796875,22291876
2022-05-05,1878.2572021484375,1905.2811279296875,1873.9814453125,1888.7891845703125,26541595
2022-05-06,1885.41748046875,1890.39404296875,1871.29443359375,1878.17333984375,24742024
2022-05-07,1887.6229248046875,1889.0941162109375,1881.74072265625,1885.4630126953125,15390733
2022-05-08,1884.9791259765625,1889.2427978515625,1882.94189453125,1887.6226806640625,22772247
2022-05-09,1851.6351318359375,1884.87548828125,1849.287841796875,1884.8658447265625,42039957
2022-05-10,1836.51708984375,1864.7728271484375,1835.3558349609375,1851.8270263671875,38171346
2022-05-11,1858.1436767578125,1859.9757080078125,1832.4031982421875,1836.6356201171875,63399506
2022-05-12,1836.1474609375,1905.743896484375,1826.8411865234375,1856.501953125,132157244
2022-05-13,1809.033447265625,1841.2747802734375,1804.802490234375,1836.239990234375,45586626
2022-05-14,1811.5555419921875,1814.84423828125,1805.681640625,1809.1314697265625,19298936
2022-05-15,1811.1312255859375,1814.15869140625,1807.5333251953125,1811.6759033203125,17881023
2022-05-16,1825.4122314453125,1827.9285888671875,1794.360595703125,1811.1634521484375,27983472
2022-05-17,1819.4710693359375,1838.74658203125,1819.193603515625,1826.225830078125,26290099
2022-05-18,1816.9766845703125,1829.98046875,1812.97119140625,1819.613525390625,23217152
2022-05-19,1852.999755859375,1853.9061279296875,1816.5958251953125,1816.5958251953125,36375663
2022-05-20,1852.8560791015625,1855.223388671875,1840.2491455078125,1852.904541015625,25578600
2022-05-21,1853.7691650390625,1856.345458984375,1850.8297119140625,1852.9029541015625,15293521
2022-05-22,1852.4852294921875,1856.57568359375,1848.6168212890625,1853.71533203125,17685377
2022-05-23,1854.969482421875,1869.1005859375,1851.7552490234375,1852.2916259765625,22504295
2022-05-24,1870.3046875,1875.572265625,1854.499755859375,1854.7540283203125,20702864
2022-05-25,1857.5,1870.93212890625,1848.4276123046875,1870.3529052734375,19915929
2022-05-26,1850.585693359375,1862.0264892578125,1843.778076171875,1857.14453125,26296128
2022-05-27,1854.06201171875,1864.564208984375,1847.6956787109375,1850.4268798828125,26087988
2022-05-28,1855.6927490234375,1860.564697265625,1853.5697021484375,1859.1220703125,15000448
2022-05-29,1851.8785400390625,1859.9351806640625,1851.5518798828125,1855.765625,12722516
2022-05-30,1857.5770263671875,1863.927001953125,1849.5546875,1851.9130859375,22439108
2022-05-31,1838.10595703125,1858.4168701171875,1837.2645263671875,1857.2364501953125,20786170
2022-06-01,1850.5731201171875,1851.607177734375,1832.1697998046875,1838.195556640625,22964220
2022-06-02,1871.1458740234375,1872.40283203125,1847.157470703125,1850.2269287109375,19291973
2022-06-03,1855.750732421875,1875.941162109375,1852.2843017578125,1871.1510009765625,17803655
2022-06-04,1860.4044189453125,1862.29052734375,1852.151611328125,1855.8629150390625,14734648
2022-06-05,1857.8875732421875,1864.830078125,1855.85302734375,1860.49658203125,15180660
2022-06-06,1845.4556884765625,1861.2841796875,1844.8984375,1857.7781982421875,21951981
2022-06-07,1855.9364013671875,1857.8509521484375,1840.0440673828125,1845.22119140625,23788812
2022-06-08,1855.5433349609375,1860.530517578125,1846.272705078125,1855.9583740234375,22113825
2022-06-09,1847.1278076171875,1857.647705078125,1843.2412109375,1855.33642578125,19930034
2022-06-10,1873.05224609375,1875.63916015625,1831.8677978515625,1847.399658203125,30228587
2022-06-11,1880.1636962890625,1883.6268310546875,1871.1021728515625,1873.082763671875,32613293
2022-06-12,1882.6060791015625,1891.3162841796875,1877.918212890625,1880.6258544921875,37728853
2022-06-13,1826.7669677734375,1885.2781982421875,1825.6956787109375,1882.641845703125,108629717
2022-06-14,1815.4091796875,1835.4478759765625,1806.611328125,1827.1318359375,70203456
2022-06-15,1838.349609375,1845.303955078125,1812.1636962890625,1815.4462890625,94792017
2022-06-16,1858.1270751953125,1868.2662353515625,1824.673828125,1838.3265380859375,36496779
2022-06-17,1842.1546630859375,1859.2459716796875,1839.4659423828125,1858.3565673828125,36963371
2022-06-18,1826.27490234375,1848.9522705078125,1821.0867919921875,1842.048828125,51830096
2022-06-19,1842.9244384765625,1843.01904296875,1818.858642578125,1825.401611328125,36503685
2022-06-20,1846.912841796875,1850.9207763671875,1838.8074951171875,1842.5513916015625,29267901
2022-06-21,1835.442138671875,1848.656494140625,1833.9368896484375,1846.8953857421875,22035945
2022-06-22,1841.5050048828125,1845.1610107421875,1827.30126953125,1835.6160888671875,21631025
2022-06-23,1828.6800537109375,1844.0882568359375,1826.29345703125,1841.7318115234375,20878086
2022-06-24,1824.953857421875,1834.074951171875,1823.9840087890625,1829.0068359375,21693323
2022-06-25,1824.4930419921875,1828.1285400390625,1821.734130859375,1825.061767578125,13635979
2022-06-26,1830.399658203125,1831.5526123046875,1820.8775634765625,1824.264404296875,19289949
2022-06-27,1828.3475341796875,1840.3856201171875,1823.8924560546875,1830.5203857421875,21744230
2022-06-28,1822.8858642578125,1833.242431640625,1822.7369384765625,1828.29248046875,44240909
2022-06-29,1823.1533203125,1836.3760986328125,1819.7515869140625,1823.275390625,19615002
2022-06-30,1814.8082275390625,1827.0150146484375,1810.4967041015625,1823.443359375,23805763
2022-07-01,1807.8236083984375,1815.4989013671875,1795.274169921875,1814.84423828125,31234855
2022-07-02,1812.9820556640625,1815.1851806640625,1806.55859375,1807.9425048828125,11363639
2022-07-03,1812.2498779296875,1815.347412109375,1806.02001953125,1812.86376953125,13501736
2022-07-04,1813.0731201171875,1815.939453125,1808.9974365234375,1812.20751953125,17046530
2022-07-05,1770.947265625,1816.299072265625,1768.279541015625,1813.01123046875,28308864
2022-07-06,1743.6226806640625,1775.5968017578125,1737.6181640625,1771.15283203125,23166512
2022-07-07,1744.0894775390625,1751.009033203125,1740.7452392578125,1743.544677734375,19269777
2022-07-08,1744.2188720703125,1752.93310546875,1737.872802734375,1743.6639404296875,24155305
2022-07-09,1739.7386474609375,1745.94482421875,1738.363525390625,1743.8260498046875,10460214
2022-07-10,1743.0693359375,1745.224853515625,1737.0283203125,1739.6871337890625,9953794
2022-07-11,1733.929931640625,1743.9346923828125,1731.954345703125,1743.341552734375,15465737
2022-07-12,1726.2158203125,1742.8177490234375,1725.4676513671875,1734.2880859375,26747311
2022-07-13,1736.9925537109375,1746.699951171875,1711.5201416015625,1726.4710693359375,29398868
2022-07-14,1714.470458984375,1737.123779296875,1703.627197265625,1736.9365234375,17736212
2022-07-15,1705.3607177734375,1717.806396484375,1701.576416015625,1714.5777587890625,15737687
2022-07-16,1699.8802490234375,1705.941162109375,1694.6676025390625,1705.3187255859375,20821451
2022-07-17,1705.8021240234375,1706.4173583984375,1690.763427734375,1700.065673828125,17961173
2022-07-18,1707.9322509765625,1721.2908935546875,1704.0474853515625,1705.7335205078125,18213866
2022-07-19,1706.4693603515625,1716.6939697265625,1702.1129150390625,1706.84521484375,23448564
2022-07-20,1697.1126708984375,1712.9229736328125,1691.632080078125,1706.4056396484375,20831588
2022-07-21,1716.7080078125,1718.6619873046875,1682.0665283203125,1697.1324462890625,23394043
2022-07-22,1728.11181640625,1732.2452392578125,1711.6197509765625,1716.6802978515625,28448584
2022-07-23,1726.19140625,1731.5208740234375,1724.3665771484375,1727.74560546875,13713057
2022-07-24,1724.220458984375,1729.610107421875,1723.652099609375,1726.19775390625,24774403
2022-07-25,1717.2548828125,1731.79833984375,1716.5987548828125,1724.1627197265625,28949410
2022-07-26,1719.162841796875,1728.9794921875,1712.9361572265625,1717.043212890625,23647241
2022-07-27,1736.02099609375,1736.957763671875,1714.593505859375,1719.3392333984375,22311650
2022-07-28,1749.3905029296875,1757.6256103515625,1732.1243896484375,1736.197021484375,32313626
2022-07-29,1764.1849365234375,1766.949462890625,1747.397216796875,1749.4241943359375,23720213
2022-07-30,1764.89599609375,1767.080078125,1761.18310546875,1764.0703125,13251200
2022-07-31,1762.634033203125,1767.4764404296875,1762.40966796875,1765.0262451171875,17761622
2022-08-01,1771.241943359375,1772.390625,1758.880615234375,1762.659423828125,19129047
2022-08-02,1752.7774658203125,1784.8670654296875,1752.5264892578125,1770.6810302734375,29557859
2022-08-03,1759.6448974609375,1768.024658203125,1750.204345703125,1752.68994140625,26666722
2022-08-04,1789.2821044921875,1790.7164306640625,1758.87353515625,1759.860595703125,17604186
2022-08-05,1774.1888427734375,1790.4749755859375,1764.873046875,1788.966796875,16321136
2022-08-06,1768.0318603515625,1774.296142578125,1766.6304931640625,1774.031494140625,7881193
2022-08-07,1768.7625732421875,1771.2501220703125,1766.6712646484375,1768.386474609375,8320047
2022-08-08,1781.5430908203125,1787.63818359375,1767.6619873046875,1768.864501953125,23012020
2022-08-09,1790.553955078125,1796.836669921875,1777.4609375,1781.4088134765625,16251479
2022-08-10,1786.3531494140625,1797.24169921875,1783.9976806640625,1790.5775146484375,17009669
2022-08-11,1780.4351806640625,1792.4007568359375,1778.8878173828125,1786.5703125,15883039
2022-08-12,1795.7967529296875,1795.7967529296875,1778.3673095703125,1780.4066162109375,12153797
2022-08-13,1793.9041748046875,1797.23828125,1791.3275146484375,1795.9793701171875,8375120
2022-08-14,1793.109619140625,1798.50244140625,1791.5577392578125,1793.76904296875,13528429
2022-08-15,1775.9591064453125,1795.205810546875,1769.588623046875,1793.150390625,16543375
2022-08-16,1771.84814453125,1776.8128662109375,1767.971435546875,1774.8790283203125,14526322
2022-08-17,1756.920166015625,1776.730224609375,1754.60498046875,1771.9072265625,17225475
2022-08-18,1750.938232421875,1764.9007568359375,1750.296875,1757.1563720703125,10805013
2022-08-19,1740.492919921875,1751.6697998046875,1737.9417724609375,1750.7843017578125,28343533
2022-08-20,1739.6741943359375,1743.2711181640625,1737.0849609375,1740.2440185546875,11706128
2022-08-21,1739.8118896484375,1743.3968505859375,1736.7728271484375,1739.564453125,13004824
2022-08-22,1732.1807861328125,1741.4810791015625,1725.0504150390625,1739.8570556640625,15714640
2022-08-23,1745.683349609375,1747.8250732421875,1728.985107421875,1731.8934326171875,24423217
2022-08-24,1745.525390625,1749.554931640625,1739.7633056640625,1745.494384765625,12243867
2022-08-25,1751.8807373046875,1758.65625,1744.419189453125,1745.4346923828125,9536577
2022-08-26,1731.1531982421875,1752.0767822265625,1728.1080322265625,1751.983642578125,20155345
2022-08-27,1729.5853271484375,1732.5408935546875,1726.6761474609375,1731.2659912109375,11394161
2022-08-28,1725.064208984375,1731.48291015625,1724.5679931640625,1729.493896484375,14627788
2022-08-29,1730.677490234375,1737.2109375,1711.9544677734375,1725.099609375,14900289
2022-08-30,1715.3131103515625,1731.7391357421875,1713.9312744140625,1730.3851318359375,13297616
2022-08-31,1704.7830810546875,1720.7559814453125,1702.8289794921875,1715.427734375,13245424
2022-09-01,1691.6510009765625,1705.7161865234375,1685.913330078125,1704.9027099609375,17056194
2022-09-02,1704.1844482421875,1709.18359375,1690.019287109375,1691.561767578125,13103664
2022-09-03,1706.8060302734375,1706.8798828125,1702.0377197265625,1704.1580810546875,5232680
2022-09-04,1706.4874267578125,1707.1806640625,1702.8231201171875,1706.700927734375,5318647
2022-09-05,1707.6007080078125,1708.9512939453125,1701.202392578125,1706.353271484375,9614854
2022-09-06,1693.6561279296875,1717.94677734375,1688.236572265625,1707.72705078125,17807026
2022-09-07,1709.4510498046875,1713.785400390625,1684.621337890625,1693.570068359375,16808232
2022-09-08,1703.2003173828125,1718.773193359375,1699.5997314453125,1709.07421875,12000286
2022-09-09,1710.6915283203125,1724.0589599609375,1702.95458984375,1702.95458984375,13651581
2022-09-10,1713.6368408203125,1715.455322265625,1709.5919189453125,1711.60546875,9361187
2022-09-11,1716.140625,1716.1739501953125,1710.177978515625,1713.3387451171875,7557017
2022-09-12,1718.55078125,1729.5274658203125,1708.0601806640625,1716.18505859375,19535045
2022-09-13,1694.6632080078125,1725.4053955078125,1693.6268310546875,1718.5723876953125,21878078
2022-09-14,1689.633544921875,1698.947509765625,1689.097900390625,1696.0264892578125,11058108
2022-09-15,1654.909912109375,1691.231201171875,1654.2801513671875,1689.5921630859375,32322497
2022-09-16,1666.78076171875,1670.047607421875,1647.416259765625,1654.47705078125,14596480
2022-09-17,1668.081787109375,1669.7530517578125,1664.3507080078125,1667.0506591796875,7794018
2022-09-18,1668.536865234375,1670.544189453125,1664.275390625,1668.0892333984375,8290379
2022-09-19,1665.8392333984375,1669.9722900390625,1652.79248046875,1669.1602783203125,17216162
2022-09-20,1657.122802734375,1669.5250244140625,1654.6453857421875,1665.8564453125,13057231
2022-09-21,1662.5179443359375,1677.10009765625,1651.0830078125,1656.9208984375,24630858
2022-09-22,1665.6602783203125,1674.3221435546875,1652.1131591796875,1662.422119140625,13597636
2022-09-23,1637.9202880859375,1667.1905517578125,1635.61767578125,1665.7796630859375,16202195
2022-09-24,1637.62158203125,1639.4593505859375,1635.625732421875,1637.852294921875,6532008
2022-09-25,1634.8658447265625,1638.788330078125,1632.4608154296875,1636.792236328125,7522733
2022-09-26,1619.2091064453125,1640.220458984375,1611.4794921875,1635.13916015625,21041342
2022-09-27,1621.6328125,1632.6949462890625,1618.7847900390625,1618.7847900390625,15560797
2022-09-28,1648.6279296875,1653.49169921875,1609.2298583984375,1621.69677734375,20126850
2022-09-29,1656.146728515625,1656.15380859375,1636.092529296875,1648.6795654296875,11613947
2022-09-30,1655.731689453125,1668.24658203125,1653.501708984375,1656.105712890625,10286012
2022-10-01,1654.7305908203125,1657.68115234375,1653.0914306640625,1655.96142578125,4173773
2022-10-02,1656.7674560546875,1657.5618896484375,1653.4881591796875,1654.82373046875,6616287
2022-10-03,1696.606689453125,1697.062744140625,1655.603759765625,1656.629150390625,10168878
2022-10-04,1719.3223876953125,1720.7603759765625,1691.3209228515625,1696.7191162109375,14382896
2022-10-05,1709.51611328125,1720.096923828125,1698.8817138671875,1719.10400390625,9040476
2022-10-06,1704.2520751953125,1717.12451171875,1703.0159912109375,1709.587158203125,7064203
2022-10-07,1690.87744140625,1706.436767578125,1688.695068359375,1704.18798828125,10018342
2022-10-08,1688.6922607421875,1691.880126953125,1685.3848876953125,1690.554931640625,4731707
2022-10-09,1690.720703125,1691.34619140625,1686.5054931640625,1688.484375,3977882
2022-10-10,1662.4976806640625,1690.66552734375,1661.2322998046875,1690.611083984375,9118547
2022-10-11,1660.6190185546875,1675.1134033203125,1658.1181640625,1662.348876953125,7973301
2022-10-12,1665.71728515625,1669.385986328125,1658.4552001953125,1660.552978515625,7737492
2022-10-13,1657.4422607421875,1672.5281982421875,1642.06640625,1665.6971435546875,15055377
2022-10-14,1637.939453125,1663.2872314453125,1635.6368408203125,1657.1851806640625,9378897
2022-10-15,1636.841064453125,1638.8380126953125,1635.94580078125,1637.91162109375,4457897
2022-10-16,1640.7940673828125,1642.37744140625,1636.58447265625,1636.78369140625,4399333
2022-10-17,1645.488525390625,1659.523681640625,1639.7904052734375,1640.7496337890625,8577247
2022-10-18,1646.057373046875,1651.7381591796875,1641.2296142578125,1645.5072021484375,5609137
2022-10-19,1621.928466796875,1646.9688720703125,1620.95703125,1646.0723876953125,7257629
2022-10-20,1621.2685546875,1636.8892822265625,1619.58935546875,1621.8304443359375,6304679
2022-10-21,1649.3297119140625,1650.3228759765625,1613.7454833984375,1621.4613037109375,8344989
2022-10-22,1651.2530517578125,1653.2115478515625,1648.8958740234375,1649.3392333984375,3595018
2022-10-23,1657.8817138671875,1658.88720703125,1650.95166015625,1651.279541015625,5344922
2022-10-24,1644.4521484375,1657.6219482421875,1640.178955078125,1657.6219482421875,6245216
2022-10-25,1646.096923828125,1653.3953857421875,1636.5159912109375,1644.1539306640625,12946563
2022-10-26,1660.0426025390625,1668.72314453125,1645.6910400390625,1646.11083984375,10859348
2022-10-27,1654.546630859375,1663.11328125,1650.9339599609375,1660.174072265625,10374890
2022-10-28,1637.9920654296875,1657.52880859375,1636.3167724609375,1654.5108642578125,8884751
2022-10-29,1639.1572265625,1642.226806640625,1636.4151611328125,1637.9620361328125,8899301
2022-10-30,1638.110595703125,1640.97998046875,1636.7938232421875,1639.155517578125,5779995
2022-10-31,1627.8917236328125,1639.5537109375,1627.442626953125,1638.0340576171875,9156845
2022-11-01,1640.7034912109375,1648.5087890625,1626.8636474609375,1627.916259765625,11115024
2022-11-02,1629.218017578125,1657.3599853515625,1627.9588623046875,1640.6497802734375,16043235
2022-11-03,1625.610107421875,1635.5841064453125,1615.0128173828125,1629.3275146484375,11434448
2022-11-04,1672.5194091796875,1672.888671875,1624.775146484375,1625.17041015625,16091658
2022-11-05,1672.7962646484375,1673.697265625,1670.5902099609375,1672.5218505859375,7836340
2022-11-06,1664.7041015625,1674.210205078125,1664.7041015625,1672.942626953125,7551767
2022-11-07,1666.2957763671875,1672.9427490234375,1658.9735107421875,1664.8927001953125,11895656
2022-11-08,1700.5172119140625,1709.8399658203125,1659.078857421875,1666.178955078125,50891974
2022-11-09,1695.79541015625,1708.26318359375,1685.6893310546875,1700.881591796875,73163563
2022-11-10,1747.4427490234375,1753.4620361328125,1692.6197509765625,1695.1842041015625,57352697
2022-11-11,1775.9349365234375,1780.4449462890625,1741.5657958984375,1747.2301025390625,38901933
2022-11-12,1734.7208251953125,1777.166259765625,1713.7421875,1776.2412109375,164804063
2022-11-13,1742.0166015625,1746.510498046875,1724.4737548828125,1734.7161865234375,23114466
2022-11-14,1751.009033203125,1762.5474853515625,1720.37646484375,1742.0216064453125,62414579
2022-11-15,1773.3065185546875,1778.971435546875,1731.8702392578125,1750.556884765625,32425919
2022-11-16,1765.3123779296875,1775.29931640625,1759.9095458984375,1773.3739013671875,14574185
2022-11-17,1755.6239013671875,1767.95703125,1743.917724609375,1764.9876708984375,34767130
2022-11-18,1741.8917236328125,1759.0726318359375,1738.416015625,1755.52978515625,9445540
2022-11-19,1746.141845703125,1749.1121826171875,1739.4952392578125,1741.8660888671875,3786134
2022-11-20,1747.024169921875,1747.9232177734375,1739.493896484375,1746.4305419921875,8476740
2022-11-21,1737.881591796875,1750.0101318359375,1731.8372802734375,1746.91455078125,20461165
2022-11-22,1734.55224609375,1745.8272705078125,1732.6424560546875,1737.6817626953125,10136825
2022-11-23,1743.140869140625,1744.6380615234375,1729.001953125,1734.565185546875,9006280
2022-11-24,1745.6611328125,1751.0916748046875,1741.9488525390625,1743.53955078125,9222900
2022-11-25,1749.0784912109375,1752.16162109375,1742.037353515625,1745.3916015625,6707797
2022-11-26,1748.338623046875,1764.0059814453125,1747.3587646484375,1749.0780029296875,6665232
2022-11-27,1747.89013671875,1754.16162109375,1747.89013671875,1748.2139892578125,4702401
2022-11-28,1740.4971923828125,1753.56640625,1738.95166015625,1747.7889404296875,10824635
2022-11-29,1739.4302978515625,1748.8984375,1739.074462890625,1741.19970703125,9990834
2022-11-30,1762.9130859375,1763.90966796875,1738.3319091796875,1739.478271484375,10541803
2022-12-01,1791.167236328125,1793.6412353515625,1762.672119140625,1763.082763671875,12373213
2022-12-02,1787.345458984375,1794.6090087890625,1773.2540283203125,1791.022705078125,9132157
2022-12-03,1785.9144287109375,1789.235107421875,1778.3310546875,1787.1553955078125,5794987
2022-12-04,1791.4996337890625,1794.6998291015625,1786.0057373046875,1786.0057373046875,5300280
2022-12-05,1770.7059326171875,1802.44091796875,1768.519287109375,1791.4927978515625,8658495
2022-12-06,1774.9761962890625,1782.632568359375,1770.814453125,1770.814453125,5552066
2022-12-07,1786.986572265625,1788.0655517578125,1771.329833984375,1774.861083984375,8055519
2022-12-08,1788.5067138671875,1789.7818603515625,1781.6802978515625,1786.9876708984375,5500954
2022-12-09,1794.705322265625,1801.1048583984375,1785.08642578125,1788.11669921875,8221555
2022-12-10,1790.6568603515625,1799.0662841796875,1787.2139892578125,1795.2901611328125,7223580
2022-12-11,1796.8951416015625,1800.6597900390625,1790.2720947265625,1790.6776123046875,7940348
2022-12-12,1778.84326171875,1797.4698486328125,1777.1439208984375,1796.8812255859375,11490094
2022-12-13,1809.627685546875,1812.6064453125,1776.583984375,1778.80078125,22311373
2022-12-14,1801.4368896484375,1823.9326171875,1799.29296875,1809.774658203125,12280643
2022-12-15,1791.045166015625,1805.12841796875,1775.3809814453125,1801.4678955078125,14466170
2022-12-16,1800.80712890625,1803.9281005859375,1775.0030517578125,1791.4976806640625,14483793
2022-12-17,1803.271240234375,1807.8251953125,1799.6060791015625,1800.98486328125,8037859
2022-12-18,1797.8734130859375,1805.371337890625,1794.4632568359375,1803.340576171875,7037836
2022-12-19,1797.397705078125,1804.2000732421875,1790.5848388671875,1798.0281982421875,7760366
2022-12-20,1812.06787109375,1818.255859375,1791.6497802734375,1797.6546630859375,10311936
2022-12-21,1814.22412109375,1819.7099609375,1809.7850341796875,1811.956298828125,7095973
2022-12-22,1794.6796875,1819.9512939453125,1792.24658203125,1814.40283203125,8943050
2022-12-23,1806.3720703125,1812.704345703125,1794.329345703125,1794.850341796875,6335505
2022-12-24,1802.5343017578125,1808.138427734375,1801.8564453125,1806.4281005859375,4475867
2022-12-25,1801.6414794921875,1803.45263671875,1795.1981201171875,1802.550048828125,5485784
2022-12-26,1800.9864501953125,1804.075439453125,1797.922119140625,1801.716064453125,5239972
2022-12-27,1815.0831298828125,1819.788330078125,1799.13623046875,1801.0152587890625,7999752
2022-12-28,1807.3564453125,1815.14306640625,1802.2259521484375,1814.9501953125,9267978
2022-12-29,1814.0986328125,1816.394287109375,1803.876708984375,1807.226806640625,8977266
2022-12-30,1821.42333984375,1822.9730224609375,1808.43798828125,1814.3597412109375,10278977
2022-12-31,1819.547119140625,1824.4515380859375,1817.9964599609375,1821.310546875,6708202
2023-01-01,1822.371337890625,1822.4671630859375,1817.4447021484375,1819.59716796875,5021580
2023-01-02,1822.2659912109375,1828.7298583984375,1818.5738525390625,1822.3939208984375,8207490
2023-01-03,1841.511474609375,1842.2567138671875,1821.528076171875,1822.2198486328125,14228681
2023-01-04,1851.6796875,1856.333984375,1836.931396484375,1841.551513671875,10919850
2023-01-05,1834.5084228515625,1853.8311767578125,1832.71337890625,1851.6041259765625,8680709
2023-01-06,1854.532958984375,1857.240234375,1832.7996826171875,1834.8560791015625,10994765
2023-01-07,1860.696533203125,1861.25537109375,1853.9134521484375,1854.586181640625,7727025
2023-01-08,1860.0416259765625,1862.314697265625,1855.3262939453125,1860.7823486328125,8366473
2023-01-09,1861.9610595703125,1867.34130859375,1858.9619140625,1860.5167236328125,11922678
2023-01-10,1864.1810302734375,1868.0556640625,1860.5494384765625,1862.207763671875,7779432
2023-01-11,1873.1505126953125,1877.8663330078125,1863.1885986328125,1864.21142578125,10471965
2023-01-12,1883.119384765625,1883.8543701171875,1869.927978515625,1871.655517578125,14793451
2023-01-13,1896.9927978515625,1902.3662109375,1879.4442138671875,1883.103759765625,13428542
2023-01-14,1889.07275390625,1898.4769287109375,1882.6522216796875,1896.78173828125,18716699
2023-01-15,1899.4775390625,1900.30224609375,1883.8709716796875,1889.2659912109375,9888846
2023-01-16,1886.5399169921875,1903.4327392578125,1885.79345703125,1899.9906005859375,10481593
2023-01-17,1889.1044921875,1895.6163330078125,1882.9473876953125,1887.000732421875,9514930
2023-01-18,1886.582275390625,1895.983154296875,1880.927490234375,1889.02392578125,9871168
2023-01-19,1913.1416015625,1915.1385498046875,1883.33740234375,1885.7178955078125,9777012
2023-01-20,1905.75048828125,1919.987060546875,1903.542724609375,1913.08935546875,10401729
2023-01-21,1908.5263671875,1911.8150634765625,1904.39599609375,1905.4190673828125,9001974
2023-01-22,1907.24609375,1911.501708984375,1903.6866455078125,1908.2144775390625,8302190
2023-01-23,1910.06591796875,1915.295166015625,1902.5386962890625,1907.3267822265625,8599359
2023-01-24,1906.6025390625,1911.1361083984375,1902.2423095703125,1910.00439453125,11950443
2023-01-25,1922.3480224609375,1924.8907470703125,1901.37841796875,1906.4788818359375,12635349
2023-01-26,1918.997802734375,1925.590576171875,1910.965576171875,1921.6741943359375,9338407
2023-01-27,1915.4810791015625,1920.60986328125,1913.1766357421875,1918.7235107421875,8543610
2023-01-28,1915.003662109375,1916.8040771484375,1911.3702392578125,1915.35302734375,5757443
2023-01-29,1913.139892578125,1918.5150146484375,1907.39501953125,1914.978515625,10741336
2023-01-30,1895.3519287109375,1913.412841796875,1892.5960693359375,1913.023193359375,11063415
2023-01-31,1900.023681640625,1904.908935546875,1877.4119873046875,1895.6156005859375,12296470
2023-02-01,1913.22314453125,1916.296630859375,1895.0145263671875,1899.45458984375,11729323
2023-02-02,1901.5015869140625,1924.138427734375,1898.6072998046875,1913.2833251953125,17365190
2023-02-03,1870.67138671875,1907.0753173828125,1866.5352783203125,1901.6453857421875,14168416
2023-02-04,1860.241943359375,1871.989013671875,1858.7647705078125,1870.662841796875,10530813
2023-02-05,1857.7391357421875,1862.3172607421875,1854.5567626953125,1860.3399658203125,9843915
2023-02-06,1867.4412841796875,1869.173095703125,1856.833984375,1857.3021240234375,8777804
2023-02-07,1860.741455078125,1872.9725341796875,1857.3958740234375,1867.2611083984375,10327847
2023-02-08,1861.1463623046875,1865.3751220703125,1855.474365234375,1860.7811279296875,9078379
2023-02-09,1845.3251953125,1870.853515625,1844.3104248046875,1861.51806640625,13227628
2023-02-10,1825.0911865234375,1847.5673828125,1824.558837890625,1845.1824951171875,14366797
2023-02-11,1831.4654541015625,1835.60546875,1821.3741455078125,1825.208984375,8029400
2023-02-12,1828.989013671875,1831.4976806640625,1822.099609375,1831.124267578125,6309779
2023-02-13,1806.0648193359375,1831.2830810546875,1757.7421875,1829.007568359375,54661455
2023-02-14,1833.22705078125,1845.9820556640625,1805.3194580078125,1805.8670654296875,26363573
2023-02-15,1824.958251953125,1834.32568359375,1815.9427490234375,1833.432373046875,10187158
2023-02-16,1819.0220947265625,1832.3052978515625,1812.277587890625,1824.809814453125,14538485
2023-02-17,1815.322265625,1826.1595458984375,1804.546630859375,1818.904541015625,11548671
2023-02-18,1823.3900146484375,1823.4605712890625,1810.295654296875,1815.44921875,6377759
2023-02-19,1821.658203125,1825.8223876953125,1817.8228759765625,1823.2451171875,7084720
2023-02-20,1816.7274169921875,1827.762939453125,1813.325439453125,1822.5533447265625,8839386
2023-02-21,1811.5828857421875,1816.8560791015625,1807.21435546875,1816.6688232421875,8242719
2023-02-22,1812.8677978515625,1820.3160400390625,1807.974365234375,1812.0579833984375,9503841
2023-02-23,1814.3504638671875,1819.6309814453125,1808.3284912109375,1812.928466796875,6986537
2023-02-24,1800.7398681640625,1816.9248046875,1794.538818359375,1814.5694580078125,8671647
2023-02-25,1794.366943359375,1801.6380615234375,1791.9151611328125,1800.73095703125,6800385
2023-02-26,1797.281982421875,1800.1287841796875,1792.029052734375,1794.3211669921875,6163615
2023-02-27,1805.1595458984375,1806.3653564453125,1795.4488525390625,1797.23828125,7830972
2023-02-28,1808.871337890625,1815.19189453125,1795.800537109375,1805.414306640625,12105010
2023-03-01,1824.9390869140625,1828.7999267578125,1806.958984375,1809.099853515625,8962324
2023-03-02,1826.4527587890625,1826.5367431640625,1817.417236328125,1824.974609375,7921440
2023-03-03,1843.9583740234375,1844.4061279296875,1820.591552734375,1826.490478515625,14035736
2023-03-04,1850.277099609375,1850.777099609375,1840.6920166015625,1843.4930419921875,8044286
2023-03-05,1845.83154296875,1857.7193603515625,1845.056884765625,1850.2916259765625,7822991
2023-03-06,1831.4906005859375,1857.9072265625,1830.259765625,1845.8519287109375,9554960
2023-03-07,1806.93505859375,1838.895751953125,1805.6412353515625,1831.82421875,8910488
2023-03-08,1806.4393310546875,1813.3570556640625,1801.1007080078125,1806.89697265625,10133732
2023-03-09,1809.7559814453125,1817.63671875,1805.203857421875,1806.65185546875,11283704
2023-03-10,1868.05517578125,1871.8424072265625,1809.1282958984375,1809.9002685546875,22700024
2023-03-11,1903.259765625,1944.83642578125,1862.529541015625,1867.66845703125,73090645
2023-03-12,1918.7265625,1948.9786376953125,1900.68212890625,1903.106201171875,28057034
2023-03-13,1928.1329345703125,1939.0023193359375,1905.5408935546875,1918.1751708984375,36888656
2023-03-14,1910.885986328125,1940.241455078125,1903.5189208984375,1928.768310546875,29421493
2023-03-15,1929.0836181640625,1946.5872802734375,1904.008056640625,1910.7750244140625,28077921
2023-03-16,1912.2286376953125,1934.8831787109375,1907.9866943359375,1929.90478515625,18354429
2023-03-17,1965.34619140625,1967.987060546875,1906.648681640625,1912.27783203125,32516521
2023-03-18,1963.58056640625,1970.0771484375,1959.6746826171875,1965.5689697265625,15805230
2023-03-19,1975.6558837890625,1982.6263427734375,1964.152099609375,1964.152099609375,20817894
2023-03-20,1982.8668212890625,2014.6546630859375,1970.032470703125,1975.5933837890625,21310098
2023-03-21,1950.412109375,1991.9144287109375,1945.0751953125,1983.3033447265625,16879491
2023-03-22,1977.9765625,1983.7462158203125,1944.1575927734375,1950.9136962890625,19334054
2023-03-23,1993.351318359375,2002.9189453125,1976.94677734375,1977.9390869140625,16823623
2023-03-24,1987.959228515625,2005.5526123046875,1982.650146484375,1993.39111328125,15246230
2023-03-25,1998.56005859375,2009.2838134765625,1986.9698486328125,1987.8951416015625,14083888
2023-03-26,1990.47802734375,2000.3355712890625,1989.718505859375,1998.19482421875,9444350
2023-03-27,1981.2379150390625,1991.6268310546875,1966.1627197265625,1990.274658203125,12846384
2023-03-28,1986.073486328125,1990.7891845703125,1972.8321533203125,1980.9390869140625,12390854
2023-03-29,1982.794677734375,1989.8006591796875,1981.2359619140625,1986.1572265625,11761695
2023-03-30,1982.4658203125,1987.9912109375,1974.972900390625,1983.188232421875,12529786
2023-03-31,1978.31689453125,1991.106689453125,1974.294677734375,1982.331787109375,9115102
2023-04-01,1977.45849609375,1979.5660400390625,1970.9532470703125,1978.2332763671875,6471997
2023-04-02,1973.987060546875,1979.5660400390625,1970.3408203125,1977.667724609375,7041284
2023-04-03,1986.1685791015625,1992.1439208984375,1969.142578125,1974.01708984375,11441579
2023-04-04,2024.397216796875,2027.5860595703125,1980.2525634765625,1985.95068359375,13592041
2023-04-05,2030.669189453125,2049.666015625,2023.123046875,2024.20654296875,17520013
2023-04-06,2017.3612060546875,2030.960205078125,2014.721435546875,2030.9161376953125,9730767
2023-04-07,2023.2396240234375,2028.2496337890625,2012.160400390625,2017.188232421875,7708067
2023-04-08,2020.01025390625,2023.5703125,2017.621826171875,2022.2955322265625,5899103
2023-04-09,2020.76806640625,2028.3985595703125,2016.2564697265625,2020.1063232421875,7592466
2023-04-10,2005.815673828125,2021.763427734375,2003.5108642578125,2020.83935546875,11689480
2023-04-11,2023.0201416015625,2024.8984375,2004.55322265625,2005.732666015625,13952808
2023-04-12,2031.911865234375,2033.02685546875,2019.8533935546875,2022.9678955078125,15332912
2023-04-13,2046.224365234375,2050.595947265625,2025.08349609375,2025.367919921875,12605896
2023-04-14,2018.4805908203125,2049.78662109375,2012.5279541015625,2046.0361328125,20298571
2023-04-15,2016.8338623046875,2026.62158203125,2015.2669677734375,2018.4334716796875,7534828
2023-04-16,2018.9437255859375,2024.2529296875,2013.5782470703125,2017.2210693359375,7936613
2023-04-17,2012.4794921875,2027.3231201171875,2003.847412109375,2018.87353515625,13203939
2023-04-18,2014.394287109375,2025.035888671875,2010.315673828125,2012.8358154296875,11956608
2023-04-19,2004.290771484375,2015.8143310546875,1992.38720703125,2014.1541748046875,17133500
2023-04-20,2006.597412109375,2012.410888671875,1998.0489501953125,2004.370849609375,12557422
2023-04-21,1983.8419189453125,2007.372314453125,1983.04345703125,2006.596923828125,13284261
2023-04-22,1983.813232421875,1987.6883544921875,1982.1439208984375,1983.8079833984375,6870543
2023-04-23,1986.292236328125,1986.69775390625,1982.4881591796875,1983.649169921875,6327781
2023-04-24,1995.211669921875,1995.638916015625,1980.6978759765625,1986.1864013671875,10208806
2023-04-25,2002.277587890625,2004.4317626953125,1984.4827880859375,1995.128662109375,11393228
2023-04-26,1988.7015380859375,2004.7034912109375,1987.0291748046875,2002.595458984375,18246199
2023-04-27,1987.5450439453125,2000.5347900390625,1984.798095703125,1989.1708984375,12155222
2023-04-28,1988.193115234375,1993.0538330078125,1984.72705078125,1987.5540771484375,8874864
2023-04-29,1998.0079345703125,2006.243896484375,1987.408203125,1988.658203125,5832742
2023-04-30,2000.9384765625,2002.64111328125,1995.135009765625,1998.2340087890625,5507575
2023-05-01,1995.661865234375,2002.0203857421875,1987.8197021484375,2000.94287109375,11541094
2023-05-02,2014.292236328125,2018.156494140625,1988.236572265625,1995.7532958984375,11774565
2023-05-03,2044.4500732421875,2045.7730712890625,2010.6541748046875,2014.4063720703125,14668964
2023-05-04,2050.4052734375,2051.490966796875,2030.5972900390625,2044.7530517578125,13111700
2023-05-05,2020.5916748046875,2052.390869140625,2014.3511962890625,2050.567138671875,14263106
2023-05-06,2024.555908203125,2025.68701171875,2018.676513671875,2020.0623779296875,7523532
2023-05-07,2018.8114013671875,2024.9310302734375,2017.5018310546875,2024.4876708984375,5013402
2023-05-08,2028.6873779296875,2033.992431640625,2014.965087890625,2018.6510009765625,14575621
2023-05-09,2039.734130859375,2041.9444580078125,2027.3201904296875,2028.7952880859375,10042266
2023-05-10,2042.9896240234375,2050.416015625,2030.9976806640625,2040.0716552734375,13126090
2023-05-11,2024.405029296875,2045.742431640625,2018.352294921875,2043.0330810546875,14405311
2023-05-12,2025.80224609375,2030.918701171875,2014.19580078125,2024.2548828125,11804362
2023-05-13,2020.7459716796875,2027.1549072265625,2016.6314697265625,2025.8402099609375,4633485
2023-05-14,2019.4971923828125,2021.181640625,2015.447021484375,2020.7449951171875,4384166
2023-05-15,2017.34716796875,2029.409912109375,2015.778076171875,2019.09423828125,8676700
2023-05-16,1997.4776611328125,2019.6507568359375,1994.4566650390625,2017.305419921875,8706073
2023-05-17,1995.79248046875,2001.6983642578125,1989.7332763671875,1997.887939453125,8805346
2023-05-18,1978.5972900390625,1996.856201171875,1970.5469970703125,1995.7998046875,9452672
2023-05-19,1996.5374755859375,1998.1778564453125,1974.9993896484375,1978.91943359375,5694337
2023-05-20,1993.51953125,1998.4058837890625,1990.6368408203125,1996.6334228515625,5188811
2023-05-21,1989.7113037109375,1997.31298828125,1987.1866455078125,1993.5162353515625,3379398
2023-05-22,1980.5234375,1989.56640625,1978.359130859375,1989.56640625,5208723
2023-05-23,1985.54736328125,1986.4644775390625,1972.584228515625,1980.44970703125,7921952
2023-05-24,1971.7099609375,1992.084228515625,1971.2239990234375,1985.51025390625,7822990
2023-05-25,1965.3729248046875,1975.320068359375,1959.66259765625,1971.689453125,6624289
2023-05-26,1962.481201171875,1976.794189453125,1961.411865234375,1965.50439453125,7743657
2023-05-27,1966.017333984375,1967.486572265625,1961.9066162109375,1962.32861328125,2767382
2023-05-28,1962.60888671875,1968.8099365234375,1962.2154541015625,1965.8343505859375,6084209
2023-05-29,1957.789794921875,1964.40283203125,1955.5755615234375,1962.8209228515625,8099987
2023-05-30,1968.1883544921875,1973.6036376953125,1950.086181640625,1957.83935546875,6736061
2023-05-31,1969.7386474609375,1980.13330078125,1965.1224365234375,1968.1976318359375,8086830
2023-06-01,1980.835693359375,1987.2421875,1962.8768310546875,1970.0489501953125,9804342
2023-06-02,1957.708251953125,1986.5611572265625,1957.1724853515625,1980.8741455078125,9093038
2023-06-03,1947.7532958984375,1957.7333984375,1946.4365234375,1957.7333984375,6509989
2023-06-04,1946.659912109375,1951.908447265625,1941.5228271484375,1947.6748046875,4935514
2023-06-05,1920.23583984375,1954.0704345703125,1919.9564208984375,1946.6583251953125,20739202
2023-06-06,1936.793212890625,1949.9561767578125,1919.5545654296875,1921.08837890625,15366205
2023-06-07,1924.7119140625,1937.322509765625,1917.667724609375,1936.9351806640625,10836226
2023-06-08,1922.29052734375,1940.166748046875,1916.8636474609375,1924.859619140625,10471701
2023-06-09,1917.9833984375,1934.882080078125,1914.4384765625,1922.366455078125,9062251
2023-06-10,1920.7275390625,1928.752685546875,1895.7889404296875,1917.9771728515625,15960759
2023-06-11,1918.474609375,1923.1563720703125,1912.8436279296875,1920.737060546875,5666023
2023-06-12,1931.5933837890625,1933.3671875,1912.920166015625,1918.4161376953125,6859692
2023-06-13,1915.7974853515625,1937.2974853515625,1914.890869140625,1931.335205078125,8384656
2023-06-14,1917.9698486328125,1936.853515625,1915.3472900390625,1915.7969970703125,7719754
2023-06-15,1930.332275390625,1934.2913818359375,1911.4375,1918.0958251953125,12334175
2023-06-16,1942.54248046875,1943.354248046875,1925.476806640625,1930.3375244140625,11173288
2023-06-17,1928.8858642578125,1945.7626953125,1928.1300048828125,1942.5819091796875,4220798
2023-06-18,1927.9005126953125,1931.8533935546875,1926.2227783203125,1928.7196044921875,3150121
2023-06-19,1926.08349609375,1930.1568603515625,1921.4989013671875,1927.95263671875,4317306
2023-06-20,1924.8402099609375,1932.0599365234375,1919.6622314453125,1926.312744140625,7440738
2023-06-21,1924.0137939453125,1929.5426025390625,1915.3460693359375,1925.1658935546875,12848768
2023-06-22,1906.16455078125,1923.946044921875,1904.6761474609375,1923.946044921875,11227849
2023-06-23,1909.5858154296875,1916.6029052734375,1900.6998291015625,1906.2406005859375,8583626
2023-06-24,1909.6700439453125,1916.1002197265625,1903.6370849609375,1909.5390625,5644256
2023-06-25,1907.01708984375,1912.3492431640625,1901.4530029296875,1909.5164794921875,3837718
2023-06-26,1906.4810791015625,1917.512451171875,1903.6180419921875,1906.8975830078125,8073627
2023-06-27,1904.4967041015625,1913.12255859375,1902.94384765625,1906.5057373046875,5326385
2023-06-28,1890.7310791015625,1905.568115234375,1888.8431396484375,1904.57421875,7691840
2023-06-29,1892.7701416015625,1897.2569580078125,1886.7586669921875,1890.7593994140625,7584524
2023-06-30,1901.8287353515625,1909.197998046875,1890.5804443359375,1892.625732421875,11222984
2023-07-01,1896.9996337890625,1903.81689453125,1895.640380859375,1902.0849609375,6004011
2023-07-02,1897.461669921875,1899.713134765625,1895.0689697265625,1897.02197265625,4831278
2023-07-03,1897.169921875,1906.02197265625,1889.18603515625,1897.5179443359375,12397479
2023-07-04,1898.193359375,1904.5540771484375,1892.74658203125,1897.1434326171875,8005482
2023-07-05,1892.6146240234375,1902.055419921875,1891.1435546875,1898.3194580078125,7812194
2023-07-06,1891.2364501953125,1903.6156005859375,1887.2015380859375,1892.518798828125,10664988
2023-07-07,1906.039306640625,1911.2794189453125,1890.408935546875,1891.1348876953125,9111726
2023-07-08,1904.8970947265625,1906.6680908203125,1902.8760986328125,1905.976318359375,3377342
2023-07-09,1903.506103515625,1907.17431640625,1901.73486328125,1904.905029296875,3740319
2023-07-10,1908.2999267578125,1910.587158203125,1901.381103515625,1903.5118408203125,6242378
2023-07-11,1918.5167236328125,1919.5631103515625,1908.0748291015625,1908.5528564453125,6192156
2023-07-12,1943.344482421875,1945.0384521484375,1917.6497802734375,1918.510009765625,10034171
2023-07-13,1941.3414306640625,1954.3377685546875,1933.4840087890625,1943.4854736328125,14839872
2023-07-14,1930.4940185546875,1945.0545654296875,1927.45654296875,1941.1925048828125,10937778
2023-07-15,1922.6055908203125,1932.2454833984375,1921.489501953125,1930.409912109375,3618449
2023-07-16,1927.3388671875,1928.541748046875,1921.4720458984375,1922.5416259765625,4681995
2023-07-17,1918.17626953125,1929.363525390625,1912.7889404296875,1927.338134765625,9456384
2023-07-18,1939.600830078125,1949.1956787109375,1916.5863037109375,1917.8690185546875,12354878
2023-07-19,1939.3233642578125,1943.2430419921875,1936.625244140625,1939.2547607421875,6303512
2023-07-20,1933.45068359375,1943.4913330078125,1929.990234375,1939.3048095703125,10186397
2023-07-21,1925.4989013671875,1936.0306396484375,1924.222412109375,1933.4505615234375,5581969
2023-07-22,1927.758544921875,1929.3623046875,1923.7567138671875,1925.938232421875,3634631
2023-07-23,1932.8668212890625,1933.3375244140625,1924.8531494140625,1927.8763427734375,3225779
2023-07-24,1935.571044921875,1940.8946533203125,1930.593505859375,1932.8619384765625,6786759
2023-07-25,1944.872802734375,1946.4091796875,1934.9503173828125,1935.6405029296875,4793396
2023-07-26,1956.1646728515625,1959.695068359375,1942.1529541015625,1945.2218017578125,6614740
2023-07-27,1940.9097900390625,1962.67431640625,1937.1021728515625,1956.1016845703125,5784736
2023-07-28,1949.857666015625,1950.863037109375,1938.5863037109375,1940.8580322265625,3357885
2023-07-29,1947.81298828125,1951.9759521484375,1947.1673583984375,1950.0047607421875,2228054
2023-07-30,1946.8070068359375,1952.3260498046875,1945.846923828125,1947.8701171875,2402763
2023-07-31,1954.4085693359375,1959.4136962890625,1941.0882568359375,1946.87646484375,4079537
2023-08-01,1949.7049560546875,1955.14697265625,1937.075439453125,1954.623291015625,5487514
2023-08-02,1930.128173828125,1949.6414794921875,1928.8499755859375,1949.5430908203125,6557120
2023-08-03,1932.5367431640625,1935.6878662109375,1926.44384765625,1929.8861083984375,4353073
2023-08-04,1941.6533203125,1942.0750732421875,1927.27294921875,1932.44677734375,4996172
2023-08-05,1942.176025390625,1944.5458984375,1936.49853515625,1941.70068359375,3729237
2023-08-06,1940.03076171875,1944.5802001953125,1936.4415283203125,1941.9610595703125,3895333
2023-08-07,1943.1837158203125,1945.3245849609375,1931.747802734375,1940.0101318359375,7054542
2023-08-08,1930.0899658203125,1944.3304443359375,1929.696044921875,1943.144287109375,6682659
2023-08-09,1920.5623779296875,1936.707275390625,1918.99267578125,1930.1187744140625,6940233
2023-08-10,1917.6160888671875,1926.2725830078125,1916.2669677734375,1920.90576171875,5151611
2023-08-11,1908.407470703125,1920.157470703125,1908.2783203125,1917.6473388671875,4950325
2023-08-12,1904.3839111328125,1909.9801025390625,1899.163818359375,1908.3968505859375,5242364
2023-08-13,1905.087158203125,1906.8397216796875,1900.8873291015625,1904.3671875,3129696
2023-08-14,1900.6038818359375,1911.1817626953125,1899.380859375,1905.0771484375,4693372
2023-08-15,1899.0892333984375,1906.4259033203125,1897.2332763671875,1900.67236328125,4781271
2023-08-16,1891.634521484375,1902.855712890625,1890.366455078125,1899.091552734375,5986733
2023-08-17,1872.770751953125,1897.0953369140625,1871.06103515625,1891.5316162109375,12268712
2023-08-18,1875.0994873046875,1892.2310791015625,1871.6055908203125,1872.8482666015625,9195195
2023-08-19,1874.172607421875,1880.5972900390625,1871.1358642578125,1875.1260986328125,4064230
2023-08-20,1876.764892578125,1877.8878173828125,1871.5950927734375,1874.20703125,3534416
2023-08-21,1880.50341796875,1882.976806640625,1873.4124755859375,1876.70654296875,5117246
2023-08-22,1889.603515625,1894.4044189453125,1879.572265625,1880.474609375,5552341
2023-08-23,1910.0650634765625,1913.7017822265625,1888.20166015625,1889.63134765625,7042494
2023-08-24,1907.854248046875,1912.202392578125,1904.669189453125,1910.1131591796875,5345221
2023-08-25,1902.9205322265625,1909.484619140625,1896.9677734375,1907.770263671875,4164837
2023-08-26,1903.4991455078125,1904.1861572265625,1898.1640625,1902.9354248046875,2832403
2023-08-27,1901.181884765625,1906.4912109375,1899.9541015625,1903.456787109375,3131984
2023-08-28,1903.251708984375,1907.5125732421875,1900.2015380859375,1901.1395263671875,4514603
2023-08-29,1912.3316650390625,1918.9639892578125,1901.9271240234375,1903.1583251953125,7270564
2023-08-30,1923.6151123046875,1926.40625,1910.949951171875,1912.3251953125,5029724
2023-08-31,1918.421142578125,1926.345947265625,1915.8817138671875,1923.837158203125,5742066
2023-09-01,1917.588623046875,1928.2384033203125,1916.013671875,1918.42578125,4667643
2023-09-02,1916.9642333984375,1921.470947265625,1916.3519287109375,1917.614501953125,2927310
2023-09-03,1918.447021484375,1921.1258544921875,1916.0435791015625,1917.02783203125,2885327
2023-09-04,1918.640625,1923.2117919921875,1914.9822998046875,1918.4169921875,3161396
2023-09-05,1911.71533203125,1919.093017578125,1906.9373779296875,1918.7108154296875,4147355
2023-09-06,1899.6627197265625,1912.4970703125,1899.0618896484375,1911.805419921875,4107547
2023-09-07,1906.9620361328125,1908.1416015625,1897.7095947265625,1899.67578125,3700955
2023-09-08,1902.331787109375,1909.3387451171875,1900.50244140625,1907.0404052734375,3531266
2023-09-09,1897.953857421875,1903.2210693359375,1896.7489013671875,1902.121826171875,2316069
2023-09-10,1897.423583984375,1899.2685546875,1892.53955078125,1898.0133056640625,3554163
2023-09-11,1903.39208984375,1905.790283203125,1897.081787109375,1897.4097900390625,5588908
2023-09-12,1893.018310546875,1908.18212890625,1890.6842041015625,1903.4468994140625,5353358
2023-09-13,1890.5599365234375,1896.16455078125,1888.086181640625,1893.1436767578125,4421104
2023-09-14,1894.3189697265625,1899.9052734375,1890.513427734375,1890.597900390625,3983080
2023-09-15,1910.2213134765625,1912.666015625,1894.229248046875,1894.3232421875,4848190
2023-09-16,1906.9931640625,1913.2147216796875,1905.7384033203125,1910.14697265625,3036159
2023-09-17,1910.037841796875,1910.037841796875,1904.555419921875,1906.93896484375,2710718
2023-09-18,1919.7115478515625,1920.2525634765625,1908.343505859375,1909.93603515625,4839403
2023-09-19,1920.72412109375,1924.9927978515625,1916.685546875,1919.753173828125,4497795
2023-09-20,1921.962158203125,1933.62353515625,1916.2437744140625,1920.72412109375,4577219
2023-09-21,1911.636962890625,1922.78955078125,1907.7998046875,1921.8680419921875,4642503
2023-09-22,1912.5408935546875,1917.0284423828125,1910.30908203125,1911.80517578125,2712351
2023-09-23,1914.4893798828125,1917.2579345703125,1912.459228515625,1912.5633544921875,2676300
2023-09-24,1912.7349853515625,1916.4619140625,1911.5556640625,1914.4530029296875,2784146
2023-09-25,1908.000732421875,1917.237548828125,1907.0946044921875,1912.704345703125,3735114
2023-09-26,1900.0604248046875,1909.7161865234375,1898.7032470703125,1907.8724365234375,3619684
2023-09-27,1882.1561279296875,1901.68994140625,1880.0169677734375,1900.1246337890625,4379886
2023-09-28,1873.80419921875,1883.8463134765625,1873.54931640625,1881.8619384765625,5113571
2023-09-29,1867.7994384765625,1882.8824462890625,1865.639404296875,1873.8575439453125,4908766
2023-09-30,1870.1083984375,1870.8585205078125,1866.9990234375,1867.849853515625,2675219
2023-10-01,1867.61376953125,1873.2640380859375,1863.2003173828125,1869.953857421875,3921545
2023-10-02,1842.86865234375,1868.45703125,1842.3037109375,1867.8924560546875,6810519
2023-10-03,1831.653564453125,1842.4837646484375,1828.71533203125,1842.4471435546875,6301753
2023-10-04,1836.6785888671875,1836.8992919921875,1824.6966552734375,1831.86328125,5821398
2023-10-05,1830.641357421875,1838.7484130859375,1828.732177734375,1837.03466796875,22980947
2023-10-06,1841.48828125,1842.48779296875,1826.0509033203125,1830.64697265625,4660860
2023-10-07,1855.871826171875,1856.339599609375,1839.52734375,1841.4434814453125,3604026
2023-10-08,1865.1278076171875,1870.11865234375,1851.400146484375,1855.6220703125,7560620
2023-10-09,1866.218505859375,1870.205078125,1853.5118408203125,1864.9423828125,9745462
2023-10-10,1863.33984375,1871.3294677734375,1861.8629150390625,1866.4705810546875,3984501
2023-10-11,1875.597412109375,1877.311279296875,1860.873291015625,1863.31103515625,5449608
2023-10-12,1871.9793701171875,1879.9559326171875,1865.7305908203125,1875.3326416015625,3261159
2023-10-13,1915.154052734375,1919.418701171875,1870.4144287109375,1872.1373291015625,7776695
2023-10-14,1918.144775390625,1919.6239013671875,1912.082763671875,1915.1573486328125,3290475
2023-10-15,1919.550048828125,1933.4609375,1917.83154296875,1918.1048583984375,5617551
2023-10-16,1910.286865234375,1919.8394775390625,1903.4053955078125,1919.512451171875,7448127
2023-10-17,1919.330810546875,1921.630126953125,1903.9371337890625,1910.0911865234375,6336712
2023-10-18,1941.133056640625,1945.628173828125,1918.3914794921875,1919.3065185546875,8666113
2023-10-19,1961.3997802734375,1961.95263671875,1935.9072265625,1941.0958251953125,10090143
2023-10-20,1965.47021484375,1977.644775390625,1958.4234619140625,1961.44482421875,11901102
2023-10-21,1965.158935546875,1968.339111328125,1961.639892578125,1965.4246826171875,3582547
2023-10-22,1968.585205078125,1971.4649658203125,1962.81689453125,1964.97900390625,4269280
2023-10-23,1957.67431640625,1968.4207763671875,1954.255126953125,1966.802490234375,10064804
2023-10-24,1955.3333740234375,1964.638916015625,1945.0653076171875,1957.4708251953125,12211048
2023-10-25,1962.5706787109375,1966.5211181640625,1950.6365966796875,1955.1983642578125,8956610
2023-10-26,1965.8809814453125,1970.4344482421875,1955.7474365234375,1962.6156005859375,9145714
2023-10-27,1988.1348876953125,1991.4215087890625,1962.6165771484375,1965.8590087890625,13170136
2023-10-28,1988.619140625,1992.2713623046875,1985.2799072265625,1988.125732421875,4725812
2023-10-29,1982.576904296875,1990.5240478515625,1977.3726806640625,1988.5460205078125,8830641
2023-10-30,1977.963623046875,1987.1854248046875,1974.782958984375,1982.5570068359375,6090989
2023-10-31,1969.4207763671875,1984.953125,1968.5660400390625,1978.0714111328125,5829288
2023-11-01,1966.5006103515625,1969.9237060546875,1957.6278076171875,1969.3819580078125,9253172
2023-11-02,1962.2926025390625,1967.099609375,1959.69873046875,1966.54443359375,9171719
2023-11-03,1972.825927734375,1977.80126953125,1959.3809814453125,1962.2015380859375,6859827
2023-11-04,1967.5679931640625,1974.284912109375,1962.711669921875,1972.9886474609375,5328774
2023-11-05,1959.6259765625,1973.700927734375,1956.385986328125,1968.3084716796875,8708149
2023-11-06,1956.6746826171875,1966.1689453125,1955.205322265625,1959.6170654296875,5809219
2023-11-07,1947.7508544921875,1957.3958740234375,1943.618896484375,1956.6346435546875,8271604
2023-11-08,1931.407958984375,1949.91748046875,1930.767578125,1947.963623046875,7156070
2023-11-09,1945.7989501953125,1947.04541015625,1928.3140869140625,1931.3203125,12974604
2023-11-10,1924.3724365234375,1945.3953857421875,1922.602783203125,1945.3953857421875,9265684
2023-11-11,1920.5791015625,1926.1417236328125,1914.031494140625,1924.228271484375,5653212
2023-11-12,1918.841552734375,1921.6405029296875,1915.109375,1920.615478515625,4581685
2023-11-13,1930.8404541015625,1938.2860107421875,1914.741455078125,1919.0360107421875,8151645
2023-11-14,1941.369873046875,1950.1629638671875,1926.4932861328125,1930.4075927734375,8913657
2023-11-15,1943.261474609375,1955.728759765625,1937.8736572265625,1940.8629150390625,7622473
2023-11-16,1959.0963134765625,1965.3892822265625,1938.6358642578125,1943.3013916015625,8975854
2023-11-17,1967.7991943359375,1972.904296875,1959.153564453125,1959.153564453125,7551160
2023-11-18,1962.080322265625,1969.065185546875,1960.3446044921875,1967.9234619140625,4682209
2023-11-19,1962.2410888671875,1965.8646240234375,1959.794189453125,1962.1278076171875,4416330
2023-11-20,1960.43896484375,1966.0157470703125,1951.7882080078125,1960.9400634765625,6657956
2023-11-21,1978.9320068359375,1988.7264404296875,1960.27685546875,1960.44189453125,13527811
2023-11-22,1981.665771484375,1987.33642578125,1975.0855712890625,1978.7158203125,7873454
2023-11-23,1979.65576171875,1985.854248046875,1978.1429443359375,1981.550048828125,6171428
2023-11-24,1985.716552734375,1988.3115234375,1978.80859375,1979.618408203125,5706459
2023-11-25,1983.8438720703125,1989.2298583984375,1979.58544921875,1985.3350830078125,5119936
2023-11-26,1984.4180908203125,1985.962158203125,1981.1353759765625,1983.84765625,4157654
2023-11-27,1999.215087890625,1999.426025390625,1983.060791015625,1983.9609375,8192367
2023-11-28,2022.2247314453125,2026.1160888671875,1995.936279296875,1999.2681884765625,8019805
2023-11-29,2024.512451171875,2029.7730712890625,2018.9368896484375,2022.5928955078125,6010363
2023-11-30,2021.532470703125,2027.4495849609375,2017.8057861328125,2024.5560302734375,5315412
2023-12-01,2049.712646484375,2053.505859375,2020.6466064453125,2021.5870361328125,11068483
2023-12-02,2044.9818115234375,2051.9609375,2040.94189453125,2049.638671875,6987040
2023-12-03,2085.33837890625,2086.122802734375,2041.134765625,2044.8790283203125,8307663
2023-12-04,2024.70703125,2084.879638671875,2018.2783203125,2084.879638671875,14395164
2023-12-05,2012.989013671875,2029.7171630859375,2010.1898193359375,2024.729736328125,8033406
2023-12-06,2007.3502197265625,2018.6629638671875,2005.46728515625,2013.22607421875,8285075
2023-12-07,2018.133056640625,2023.7640380859375,2007.1875,2007.608642578125,7836239
2023-12-08,2003.5435791015625,2023.47607421875,1994.1334228515625,2018.1844482421875,11094288
2023-12-09,1993.9033203125,2008.9439697265625,1985.024169921875,2003.601318359375,11259848
2023-12-10,1989.839599609375,1997.3729248046875,1984.693115234375,1993.478271484375,5622754
2023-12-11,1968.80029296875,1990.2874755859375,1966.3221435546875,1989.926025390625,12605975
2023-12-12,1964.0367431640625,1977.5369873046875,1961.458251953125,1968.652587890625,7664574
2023-12-13,2007.1566162109375,2007.2064208984375,1954.8131103515625,1964.437255859375,7896226
2023-12-14,2017.1439208984375,2025.391845703125,2007.08251953125,2007.08251953125,8110226
2023-12-15,2003.3297119140625,2020.742431640625,2002.92529296875,2017.7655029296875,5297279
2023-12-16,1994.015380859375,2005.757080078125,1991.9058837890625,2003.3812255859375,3967134
2023-12-17,1995.436279296875,1999.659912109375,1989.9080810546875,1994.3507080078125,4457889
2023-12-18,2010.926025390625,2017.41748046875,1994.0040283203125,1995.2784423828125,7227363
2023-12-19,2021.2349853515625,2026.475830078125,2005.31982421875,2010.920654296875,6918378
2023-12-20,2013.08251953125,2025.917236328125,2008.383544921875,2021.7529296875,5112302
2023-12-21,2029.20263671875,2030.2069091796875,2012.0836181640625,2013.14306640625,8611370
2023-12-22,2029.1270751953125,2046.8975830078125,2026.4483642578125,2029.1671142578125,6828286
2023-12-23,2028.609130859375,2036.1544189453125,2026.1611328125,2029.2030029296875,4414009
2023-12-24,2029.48828125,2032.2103271484375,2025.2291259765625,2028.5128173828125,4119748
2023-12-25,2030.7337646484375,2031.2379150390625,2021.4986572265625,2029.57763671875,4978160
2023-12-26,2036.1387939453125,2037.283203125,2025.9490966796875,2030.937255859375,7543215
2023-12-27,2053.206787109375,2054.588134765625,2034.4095458984375,2036.144775390625,6682344
2023-12-28,2049.714111328125,2067.09521484375,2044.388916015625,2053.385986328125,6233705
2023-12-29,2037.5982666015625,2055.0859375,2033.0718994140625,2049.6279296875,8255427
2023-12-30,2027.9488525390625,2040.1180419921875,2027.7530517578125,2037.6103515625,5116786
2023-12-31,2026.4564208984375,2032.1314697265625,2026.4171142578125,2027.7679443359375,4504379
2024-01-01,2031.2996826171875,2035.1746826171875,2026.374267578125,2026.702392578125,4289005
2024-01-02,2033.2503662109375,2047.137451171875,2031.0504150390625,2031.4375,8028763
2024-01-03,2018.0245361328125,2039.8211669921875,2003.5411376953125,2033.27392578125,9788367
2024-01-04,2022.7568359375,2027.724853515625,2016.8043212890625,2018.0240478515625,5861386
2024-01-05,2022.3746337890625,2035.1314697265625,2016.7271728515625,2022.572265625,6140875
2024-01-06,2017.7581787109375,2023.587158203125,2013.6900634765625,2022.070556640625,3961825
2024-01-07,2015.5103759765625,2021.10546875,2012.361083984375,2017.725830078125,3554072
2024-01-08,2008.7642822265625,2019.388671875,2006.2147216796875,2015.438720703125,8007905
2024-01-09,2013.1192626953125,2019.724365234375,2008.6337890625,2008.6337890625,6216441
2024-01-10,2000.6668701171875,2023.844482421875,1997.7891845703125,2013.1351318359375,14320457
2024-01-11,2013.6439208984375,2013.686279296875,1991.5938720703125,2000.8231201171875,14273850
2024-01-12,2022.52197265625,2031.22802734375,2005.1275634765625,2013.4437255859375,11410826
2024-01-13,2019.2640380859375,2024.9493408203125,2018.205810546875,2022.5401611328125,5759627
2024-01-14,2019.943603515625,2022.754638671875,2015.2789306640625,2019.267822265625,4073477
2024-01-15,2038.7811279296875,2044.1187744140625,2019.1422119140625,2019.1422119140625,7120516
2024-01-16,2017.2049560546875,2040.8463134765625,2014.37744140625,2038.503173828125,4972351
2024-01-17,2003.4840087890625,2020.9688720703125,1999.7578125,2017.1383056640625,5566316
2024-01-18,2013.674072265625,2014.1219482421875,2001.940185546875,2003.7100830078125,6073340
2024-01-19,2010.4566650390625,2020.308349609375,2007.2044677734375,2013.8038330078125,6582468
2024-01-20,2011.6358642578125,2013.691650390625,2006.4697265625,2010.1072998046875,3312812
2024-01-21,2006.8359375,2012.9315185546875,2005.9656982421875,2011.67822265625,3766999
2024-01-22,1998.9501953125,2009.853515625,1998.195556640625,2007.00146484375,7260551
2024-01-23,2008.2857666015625,2012.1949462890625,1998.4317626953125,1998.9501953125,6122015
2024-01-24,2003.419677734375,2013.8231201171875,1999.5458984375,2008.3072509765625,4619465
2024-01-25,2003.24560546875,2008.8414306640625,1995.5889892578125,2003.4190673828125,5484019
2024-01-26,1998.927734375,2008.2625732421875,1998.23388671875,2003.2515869140625,4969027
2024-01-27,1998.884521484375,2002.55322265625,1996.5162353515625,1998.8797607421875,4150218
2024-01-28,2006.891845703125,2007.169921875,1997.3837890625,1998.696044921875,4615480
2024-01-29,2009.04150390625,2015.0474853515625,2003.0863037109375,2006.9195556640625,8424836
2024-01-30,2015.3223876953125,2015.3223876953125,2003.7254638671875,2009.0458984375,8519666
2024-01-31,2019.1053466796875,2033.8184814453125,2012.38134765625,2014.926513671875,8985921
2024-02-01,2035.1259765625,2042.262451171875,2016.176513671875,2018.734619140625,6014557
2024-02-02,2023.729248046875,2037.147216796875,2016.7481689453125,2035.0982666015625,4917478
2024-02-03,2019.3955078125,2027.2286376953125,2018.7235107421875,2023.559814453125,3090358
2024-02-04,2019.2515869140625,2022.145263671875,2016.3282470703125,2019.421142578125,4232769
2024-02-05,2004.479736328125,2019.6016845703125,2002.3306884765625,2019.215576171875,4545030
2024-02-06,2016.6729736328125,2021.7996826171875,2003.76171875,2004.5155029296875,4307959
2024-02-07,2015.4307861328125,2022.4461669921875,2011.3033447265625,2016.64208984375,5807315
2024-02-08,2010.811279296875,2017.2899169921875,2007.2552490234375,2015.806396484375,8401669
2024-02-09,2003.1251220703125,2014.263427734375,2002.9398193359375,2011.306640625,10984246
2024-02-10,2000.7177734375,2008.4588623046875,1998.006103515625,2003.6290283203125,6741632
2024-02-11,2005.05810546875,2005.500244140625,1997.20166015625,2000.6241455078125,4128472
2024-02-12,2000.056640625,2007.6959228515625,1997.316650390625,2005.1546630859375,12457318
2024-02-13,1991.04638671875,2008.81640625,1983.3238525390625,2000.5155029296875,7266747
2024-02-14,1982.313232421875,1993.3023681640625,1976.6400146484375,1990.996826171875,9098243
2024-02-15,1982.804443359375,1988.7874755859375,1975.99560546875,1982.3260498046875,7247245
2024-02-16,1987.6827392578125,1991.7137451171875,1980.6170654296875,1983.0509033203125,7327593
2024-02-17,1988.71240234375,1992.1378173828125,1986.0093994140625,1987.6826171875,5348225
2024-02-18,1991.33740234375,1991.5048828125,1985.103515625,1988.7586669921875,5704784
2024-02-19,1989.1495361328125,1998.9046630859375,1988.8939208984375,1991.507080078125,7438950
2024-02-20,2003.4251708984375,2007.67333984375,1988.2879638671875,1989.1614990234375,8343094
2024-02-21,2002.6746826171875,2008.1480712890625,2000.3826904296875,2003.38720703125,6309840
2024-02-22,2000.1544189453125,2007.96240234375,1996.554443359375,2002.8629150390625,7163863
2024-02-23,2008.475341796875,2013.2646484375,1994.6705322265625,2000.006591796875,6912122
2024-02-24,2006.6251220703125,2010.363037109375,2005.8677978515625,2008.4674072265625,3440889
2024-02-25,2007.370849609375,2010.0196533203125,1999.256103515625,2006.62939453125,4181105
2024-02-26,2006.23046875,2011.8270263671875,2003.2203369140625,2007.1383056640625,8520683
2024-02-27,2004.7376708984375,2009.0240478515625,2001.85791015625,2006.236572265625,9900768
2024-02-28,2019.9144287109375,2021.0167236328125,2002.2305908203125,2004.75244140625,15753176
2024-02-29,1995.5350341796875,2025.6409912109375,1992.66943359375,2019.830322265625,16329689
2024-03-01,2023.880859375,2035.18115234375,1996.3333740234375,1996.3333740234375,26570241
2024-03-02,2030.919677734375,2034.7882080078125,2020.36474609375,2023.5789794921875,8927936
2024-03-03,2024.628662109375,2037.776123046875,2018.0166015625,2030.82666015625,12478973
2024-03-04,2068.941650390625,2075.336181640625,2010.4482421875,2024.9013671875,27159991
2024-03-05,2093.193603515625,2094.168212890625,2062.063232421875,2068.918701171875,34485732
2024-03-06,2111.3291015625,2117.808837890625,2089.38623046875,2093.168212890625,19225908
2024-03-07,2133.302490234375,2139.118408203125,2111.097412109375,2111.3291015625,16907913
2024-03-08,2135.247314453125,2164.947021484375,2126.209228515625,2133.287109375,14430253
2024-03-09,2133.599365234375,2143.625,2131.6279296875,2135.247314453125,8536686
2024-03-10,2140.946044921875,2140.946044921875,2124.643310546875,2133.601318359375,10003006
2024-03-11,2159.764404296875,2168.923828125,2133.090576171875,2140.95654296875,13398293
2024-03-12,2144.093994140625,2162.507568359375,2135.066650390625,2159.764404296875,12560179
2024-03-13,2154.377685546875,2162.856689453125,2139.90673828125,2144.093994140625,8748570
2024-03-14,2144.03173828125,2159.527099609375,2138.873046875,2154.385986328125,11155268
2024-03-15,2135.151123046875,2151.21435546875,2124.753662109375,2144.03173828125,15083098
2024-03-16,2120.2177734375,2137.414794921875,2109.298828125,2135.151123046875,10822539
2024-03-17,2120.375732421875,2126.75732421875,2109.86376953125,2120.2177734375,9416852
2024-03-18,2142.11181640625,2142.164306640625,2117.033935546875,2120.375732421875,9956132
2024-03-19,2131.596923828125,2144.44091796875,2126.484130859375,2142.11181640625,16887655
2024-03-20,2184.35302734375,2189.258056640625,2128.00439453125,2131.596923828125,18383549
2024-03-21,2173.56591796875,2197.18310546875,2158.487548828125,2184.35302734375,11737337
2024-03-22,2150.17041015625,2178.68701171875,2143.612060546875,2173.514404296875,8906041
2024-03-23,2148.237060546875,2160.72412109375,2144.875244140625,2150.17041015625,4863553
2024-03-24,2158.837646484375,2162.3154296875,2141.049560546875,2148.237060546875,5402318
2024-03-25,2167.076171875,2178.149658203125,2151.500244140625,2158.837646484375,9925125
2024-03-26,2164.538330078125,2182.0439453125,2159.278564453125,2167.076171875,8401743
2024-03-27,2168.571044921875,2174.62939453125,2159.306884765625,2164.538330078125,7882899
2024-03-28,2213.7548828125,2216.482421875,2164.29541015625,2168.6298828125,9068605
2024-03-29,2217.904541015625,2218.32958984375,2203.0517578125,2213.7548828125,5199364
2024-03-30,2208.1025390625,2221.425048828125,2204.255126953125,2217.904541015625,4231615
2024-03-31,2220.93115234375,2221.1142578125,2205.92041015625,2208.1025390625,4139438
2024-04-01,2233.73828125,2243.82373046875,2213.699951171875,2220.925537109375,7866554
2024-04-02,2262.97705078125,2265.95947265625,2228.033203125,2233.73828125,12756789
2024-04-03,2300.30419921875,2316.331298828125,2254.294677734375,2262.97705078125,17072201
2024-04-04,2270.65478515625,2301.0576171875,2270.5224609375,2300.30419921875,10166068
2024-04-05,2317.159912109375,2321.208740234375,2250.823486328125,2270.549560546875,11870910
2024-04-06,2303.8662109375,2317.342529296875,2302.1298828125,2317.159912109375,6409043
2024-04-07,2289.18701171875,2311.24853515625,2286.477294921875,2303.8662109375,7751433
2024-04-08,2319.349609375,2326.658447265625,2286.1748046875,2289.18701171875,9481568
2024-04-09,2332.94140625,2347.504638671875,2317.2763671875,2319.23974609375,10116827
2024-04-10,2323.704345703125,2340.181640625,2305.232666015625,2332.94140625,11093143
2024-04-11,2365.912353515625,2367.43310546875,2318.196044921875,2323.704345703125,7555339
2024-04-12,2358.375,2425.041015625,2317.42431640625,2365.912353515625,26962985
2024-04-13,2447.331298828125,3097.8984375,2348.902099609375,2358.375,127262590
2024-04-14,2394.861083984375,2505.652587890625,2378.574951171875,2447.331298828125,64838315
2024-04-15,2436.097900390625,2474.654052734375,2343.49365234375,2394.861083984375,41103034
2024-04-16,2402.253662109375,2448.770263671875,2387.126953125,2436.097900390625,30650588
2024-04-17,2395.954833984375,2417.839599609375,2385.270751953125,2402.250732421875,16653096
2024-04-18,2387.431884765625,2405.699951171875,2385.30615234375,2395.954833984375,11033988
2024-04-19,2398.142822265625,2464.35498046875,2384.5791015625,2387.431884765625,29624194
2024-04-20,2390.1728515625,2403.981201171875,2384.554931640625,2398.148681640625,12505202
2024-04-21,2376.44140625,2392.481689453125,2373.680419921875,2390.1728515625,8187865
2024-04-22,2323.06298828125,2382.37548828125,2314.656494140625,2376.409912109375,12224399
2024-04-23,2309.41650390625,2331.263916015625,2288.4189453125,2323.06298828125,12443466
2024-04-24,2295.919921875,2317.632568359375,2294.02099609375,2309.41650390625,9016022
2024-04-25,2326.024169921875,2335.80908203125,2293.449462890625,2295.966796875,11301857
2024-04-26,2343.39599609375,2345.99658203125,2321.19287109375,2326.024169921875,6774308
2024-04-27,2356.54443359375,2365.890380859375,2331.884521484375,2343.39599609375,7144834
2024-04-28,2352.764404296875,2373.65380859375,2348.2099609375,2356.54443359375,6355005
2024-04-29,2344.9501953125,2357.717529296875,2332.475830078125,2352.764404296875,6674014
2024-04-30,2299.805908203125,2352.87744140625,2285.727783203125,2344.96337890625,10159561
2024-05-01,2307.3134765625,2316.08935546875,2279.639404296875,2299.805908203125,12054325
2024-05-02,2293.1484375,2308.1162109375,2281.209228515625,2307.3134765625,7009872
2024-05-03,2289.556640625,2301.162109375,2282.897216796875,2293.1484375,8237612
2024-05-04,2287.263916015625,2291.952880859375,2279.278076171875,2289.556640625,6655639
2024-05-05,2286.947509765625,2289.06494140625,2275.605224609375,2287.263916015625,3980809
2024-05-06,2303.567138671875,2310.61669921875,2285.162841796875,2286.94580078125,9047413
2024-05-07,2289.5322265625,2308.76220703125,2287.15966796875,2303.567138671875,6457617
2024-05-08,2295.371826171875,2305.524658203125,2283.754638671875,2289.5322265625,7663733
2024-05-09,2338.6455078125,2340.555419921875,2287.40283203125,2295.371826171875,9145386
2024-05-10,2331.592529296875,2357.283203125,2326.611328125,2338.6455078125,10340960
2024-05-11,2337.66455078125,2349.672119140625,2328.99951171875,2331.592529296875,3527560
2024-05-12,2341.1708984375,2344.13916015625,2336.013671875,2337.659912109375,2866757
2024-05-13,2320.77783203125,2349.962890625,2319.943603515625,2341.1708984375,8112327
2024-05-14,2339.515380859375,2342.507080078125,2319.95849609375,2320.95068359375,7297727
2024-05-15,2380.7333984375,2385.84033203125,2336.671142578125,2339.515869140625,12710491
2024-05-16,2361.763427734375,2387.583740234375,2355.904541015625,2380.802978515625,8145529
2024-05-17,2390.864501953125,2395.7978515625,2358.568603515625,2361.763427734375,10764549
2024-05-18,2384.406494140625,2392.66845703125,2382.724609375,2390.864501953125,4313563
2024-05-19,2404.990234375,2413.732421875,2379.253173828125,2384.409912109375,11223939
2024-05-20,2413.0888671875,2425.587890625,2395.599609375,2404.990234375,23655533
2024-05-21,2406.47705078125,2421.826416015625,2400.031982421875,2412.828369140625,15403480
2024-05-22,2383.259521484375,2412.13427734375,2372.48291015625,2406.477783203125,13028000
2024-05-23,2341.13134765625,2386.0302734375,2332.146484375,2383.259521484375,16440211
2024-05-24,2344.740966796875,2353.551025390625,2338.783935546875,2341.13134765625,13394599
2024-05-25,2344.287353515625,2349.7255859375,2338.388427734375,2344.74755859375,4339023
2024-05-26,2347.998046875,2352.521484375,2341.41796875,2344.3125,4108057
2024-05-27,2355.140625,2366.583251953125,2343.789306640625,2347.998046875,8671203
2024-05-28,2348.06396484375,2357.78515625,2334.12890625,2355.140625,10381492
2024-05-29,2326.9912109375,2353.394287109375,2326.70458984375,2348.06396484375,7240947
2024-05-30,2338.603515625,2344.592041015625,2322.05908203125,2326.99169921875,9161209
2024-05-31,2330.931640625,2350.12548828125,2325.6708984375,2338.603515625,7954465
2024-06-01,2342.4560546875,2345.40234375,2326.952880859375,2330.931640625,4816762
2024-06-02,2332.491943359375,2346.793701171875,2332.453857421875,2342.4599609375,4942716
2024-06-03,2346.189697265625,2350.969482421875,2325.400634765625,2332.50146484375,7772241
2024-06-04,2335.61279296875,2350.618408203125,2326.779052734375,2346.181640625,7648659
2024-06-05,2358.10888671875,2358.19140625,2332.436279296875,2335.61279296875,7142462
2024-06-06,2363.8046875,2366.574462890625,2355.384033203125,2358.10888671875,6152302
2024-06-07,2306.594970703125,2368.318359375,2299.26953125,2363.79296875,16450238
2024-06-08,2302.71728515625,2313.353759765625,2299.101318359375,2306.17578125,3644185
2024-06-09,2311.229248046875,2316.02197265625,2301.528564453125,2302.644775390625,4030400
2024-06-10,2315.4013671875,2319.75830078125,2302.98486328125,2311.364501953125,4938014
2024-06-11,2313.33447265625,2320.734130859375,2308.304443359375,2315.4794921875,7646414
2024-06-12,2315.602783203125,2338.0361328125,2310.070556640625,2313.345458984375,9090840
2024-06-13,2295.995361328125,2316.50537109375,2295.88330078125,2315.5966796875,5570408
2024-06-14,2318.36474609375,2327.650146484375,2295.728759765625,2295.95556640625,7799566
2024-06-15,2332.64892578125,2335.28076171875,2318.322998046875,2318.322998046875,3403092
2024-06-16,2325.277099609375,2344.801025390625,2323.946044921875,2333.020751953125,4467967
2024-06-17,2314.56103515625,2325.2587890625,2305.333251953125,2325.2587890625,4881115
2024-06-18,2318.33642578125,2326.297119140625,2305.479736328125,2314.555419921875,7402287
2024-06-19,2317.881591796875,2323.74169921875,2312.736328125,2318.3134765625,4131394
2024-06-20,2341.88037109375,2344.8984375,2316.179931640625,2317.881591796875,5454236
2024-06-21,2319.721923828125,2348.64794921875,2312.248046875,2341.848876953125,6365005
2024-06-22,2316.939453125,2323.453857421875,2316.31787109375,2319.698974609375,2054862
2024-06-23,2311.71337890625,2318.990966796875,2310.607666015625,2316.890380859375,2509661
2024-06-24,2309.347412109375,2319.28662109375,2304.4384765625,2311.683349609375,9006535
2024-06-25,2301.913818359375,2315.130859375,2300.109619140625,2309.202392578125,5934994
2024-06-26,2291.6787109375,2304.9140625,2288.923828125,2302.146240234375,4466124
2024-06-27,2305.677978515625,2313.187744140625,2288.72900390625,2291.41552734375,3831348
2024-06-28,2306.40283203125,2315.227783203125,2303.78515625,2305.76025390625,3432799
2024-06-29,2304.040283203125,2309.04052734375,2302.558349609375,2306.39990234375,1796226
2024-06-30,2308.783447265625,2313.713623046875,2302.31103515625,2304.031494140625,2523902
2024-07-01,2312.5146484375,2316.253662109375,2306.932373046875,2308.676025390625,4892489
2024-07-02,2318.9248046875,2323.456787109375,2310.94384765625,2312.451904296875,3720763
2024-07-03,2339.2001953125,2341.64453125,2313.705322265625,2318.960205078125,25497848
2024-07-04,2326.449951171875,2343.750732421875,2325.43701171875,2339.138671875,11618054
2024-07-05,2355.041015625,2359.34619140625,2313.610595703125,2325.990234375,17520324
2024-07-06,2352.720947265625,2360.881103515625,2344.228759765625,2354.9736328125,5314404
2024-07-07,2354.632080078125,2361.481689453125,2348.867919921875,2353.11865234375,6427003
2024-07-08,2345.114501953125,2361.688720703125,2328.485107421875,2354.757568359375,11251501
2024-07-09,2343.6787109375,2348.441162109375,2337.85888671875,2345.07177734375,4127677
2024-07-10,2354.2451171875,2362.263427734375,2342.90966796875,2343.72412109375,5203089
2024-07-11,2389.842041015625,2398.11865234375,2352.949462890625,2354.542724609375,8294266
2024-07-12,2390.119140625,2396.723388671875,2375.736083984375,2390.343505859375,4883812
2024-07-13,2388.39453125,2395.512451171875,2383.34326171875,2390.158935546875,3328311
2024-07-14,2390.5791015625,2407.333251953125,2388.891357421875,2388.891357421875,6184026
2024-07-15,2402.938232421875,2413.718017578125,2384.10498046875,2391.061767578125,8619201
2024-07-16,2448.17333984375,2451.9248046875,2400.273193359375,2403.1572265625,12711240
2024-07-17,2440.9853515625,2462.8740234375,2433.970703125,2447.910400390625,6949796
2024-07-18,2425.037841796875,2455.158447265625,2421.813232421875,2441.03515625,5519712
2024-07-19,2407.3359375,2425.039794921875,2394.165771484375,2425.010009765625,20281003
2024-07-20,2402.116943359375,2415.372802734375,2399.291748046875,2407.266845703125,5420077
2024-07-21,2408.83251953125,2411.834228515625,2398.04931640625,2401.86328125,4320179
2024-07-22,2390.051025390625,2413.42822265625,2386.810546875,2408.83251953125,6633934
2024-07-23,2397.48291015625,2402.496337890625,2384.442138671875,2390.051025390625,6656986
2024-07-24,2391.16455078125,2417.92578125,2388.586181640625,2397.47314453125,7761483
2024-07-25,2369.678955078125,2391.87646484375,2359.462158203125,2391.590087890625,10001266
2024-07-26,2387.425537109375,2390.9462890625,2367.156494140625,2369.678955078125,6122485
2024-07-27,2384.029052734375,2400.055908203125,2379.95361328125,2387.363037109375,3682233
2024-07-28,2392.3037109375,2395.563232421875,2381.31201171875,2383.94580078125,2892656
2024-07-29,2386.185791015625,2406.19873046875,2376.330322265625,2392.3056640625,6327059
2024-07-30,2400.60693359375,2409.246337890625,2382.139404296875,2386.185791015625,4984385
2024-07-31,2430.6025390625,2442.849365234375,2399.114990234375,2400.60693359375,8672561
2024-08-01,2430.110595703125,2444.41259765625,2417.734130859375,2430.61572265625,10942249
2024-08-02,2454.504638671875,2479.076171875,2408.072021484375,2430.110595703125,18935239
2024-08-03,2465.737548828125,2471.869140625,2427.078857421875,2454.504638671875,13374257
2024-08-04,2447.55712890625,2496.93115234375,2447.312744140625,2465.7421875,20999019
2024-08-05,2393.19970703125,2459.37060546875,2343.444580078125,2447.55712890625,50971249
2024-08-06,2386.966552734375,2414.6494140625,2386.322021484375,2393.19970703125,16195922
2024-08-07,2373.978759765625,2393.944091796875,2370.93359375,2386.9140625,13010861
2024-08-08,2416.65478515625,2430.240478515625,2373.316650390625,2374.004638671875,10558983
2024-08-09,2419.37353515625,2426.045654296875,2411.8349609375,2416.65478515625,7195937
2024-08-10,2427.374755859375,2430.760986328125,2416.282958984375,2419.37353515625,3016418
2024-08-11,2432.46533203125,2438.191162109375,2422.686279296875,2427.374755859375,6320104
2024-08-12,2466.24853515625,2466.733154296875,2422.519775390625,2432.46533203125,11378350
2024-08-13,2454.680419921875,2469.26806640625,2449.909423828125,2466.24853515625,14512951
2024-08-14,2444.942138671875,2473.27099609375,2439.3134765625,2454.680419921875,8484631
2024-08-15,2451.89599609375,2463.79833984375,2440.469970703125,2444.942138671875,8522106
2024-08-16,2492.13525390625,2498.572265625,2447.05029296875,2451.89599609375,16978022
2024-08-17,2519.305908203125,2522.1025390625,2491.13427734375,2492.13525390625,8427179
2024-08-18,2504.202880859375,2519.701416015625,2503.1728515625,2519.305908203125,5042709
2024-08-19,2506.19775390625,2508.403076171875,2488.38525390625,2504.202880859375,8190235
2024-08-20,2507.479736328125,2520.572021484375,2496.934814453125,2506.179931640625,8891845
2024-08-21,2504.200439453125,2510.871337890625,2493.03173828125,2506.719482421875,6996363
2024-08-22,2487.035888671875,2505.406005859375,2478.666259765625,2504.200439453125,6174527
2024-08-23,2510.230224609375,2514.858154296875,2486.945068359375,2487.035888671875,10098508
2024-08-24,2511.534912109375,2517.7099609375,2506.605224609375,2510.230224609375,5037388
2024-08-25,2512.222412109375,2521.51708984375,2510.635986328125,2511.534912109375,5935820
2024-08-26,2507.93408203125,2524.200927734375,2507.01123046875,2512.222412109375,9332212
2024-08-27,2509.555419921875,2513.60009765625,2495.5771484375,2507.93408203125,10542703
2024-08-28,2500.77734375,2511.02392578125,2487.39306640625,2509.555419921875,7433491
2024-08-29,2509.330078125,2516.52978515625,2499.842041015625,2500.7626953125,6346100
2024-08-30,2495.7451171875,2516.200927734375,2488.8837890625,2509.330078125,6836008
2024-08-31,2496.409423828125,2502.033447265625,2492.722412109375,2495.7451171875,2187025
2024-09-01,2492.838134765625,2505.218017578125,2491.217041015625,2496.409423828125,5718220
2024-09-02,2497.510009765625,2505.177001953125,2486.773681640625,2492.838134765625,7440854
2024-09-03,2491.306884765625,2501.940673828125,2480.169921875,2497.510009765625,6160412
2024-09-04,2499.984130859375,2501.39013671875,2476.3525390625,2491.306884765625,7215803
2024-09-05,2510.0478515625,2514.9248046875,2495.452880859375,2499.984130859375,8772753
2024-09-06,2501.417724609375,2529.289306640625,2493.009765625,2510.0478515625,17143427
2024-09-07,2494.233154296875,2509.447509765625,2494.06884765625,2501.417724609375,3603814
2024-09-08,2498.377197265625,2506.079833984375,2493.69775390625,2494.233154296875,2549395
2024-09-09,2507.87744140625,2517.461181640625,2496.7080078125,2498.377197265625,5887656
2024-09-10,2517.756103515625,2519.07470703125,2504.31982421875,2507.87744140625,6867360
2024-09-11,2513.696533203125,2525.47705078125,2502.817626953125,2517.756103515625,7255170
2024-09-12,2553.3056640625,2555.336181640625,2511.730712890625,2513.696533203125,10650025
2024-09-13,2580.45361328125,2583.1171875,2553.19921875,2553.3056640625,7935073
2024-09-14,2579.447509765625,2581.69091796875,2571.573486328125,2580.45361328125,3182558
2024-09-15,2578.1220703125,2583.48681640625,2573.364501953125,2579.447509765625,4704286
2024-09-16,2593.556640625,2601.262451171875,2577.12451171875,2578.1220703125,8774730
2024-09-17,2581.181396484375,2610.614501953125,2572.91552734375,2593.23291015625,9452993
2024-09-18,2578.983642578125,2606.775390625,2566.16796875,2581.181396484375,10674137
2024-09-19,2588.07958984375,2595.66064453125,2556.6689453125,2578.983642578125,11477132
2024-09-20,2625.094970703125,2629.939697265625,2586.946533203125,2588.07958984375,9051661
2024-09-21,2631.0361328125,2632.090576171875,2615.78271484375,2625.094970703125,3969475
2024-09-22,2621.77294921875,2631.92529296875,2611.2919921875,2631.0361328125,5997698
2024-09-23,2627.251953125,2634.50927734375,2615.8359375,2621.77294921875,6875361
2024-09-24,2652.767578125,2660.35400390625,2623.32421875,2627.123291015625,8353678
2024-09-25,2652.16943359375,2664.888427734375,2649.866943359375,2652.767578125,8844128
2024-09-26,2662.09326171875,2675.652099609375,2651.516357421875,2652.16943359375,9278081
2024-09-27,2653.997802734375,2668.76318359375,2646.249755859375,2662.09326171875,9212530
2024-09-28,2659.19189453125,2664.98779296875,2651.365234375,2653.997802734375,3648949
2024-09-29,2663.71826171875,2669.914794921875,2656.95068359375,2659.1923828125,4015672
2024-09-30,2635.931640625,2664.378662109375,2626.940185546875,2663.71826171875,11618048
2024-10-01,2680.868408203125,2697.67724609375,2635.79443359375,2635.931640625,31428317
2024-10-02,2670.120361328125,2697.619384765625,2654.65673828125,2680.868408203125,15464946
2024-10-03,2665.703857421875,2675.637451171875,2650.9384765625,2670.120361328125,10704534
2024-10-04,2663.795654296875,2676.7529296875,2655.051513671875,2665.703857421875,12827120
2024-10-05,2685.0888671875,2700.48291015625,2659.11181640625,2663.795654296875,10607935
2024-10-06,2678.7548828125,2692.112060546875,2676.6025390625,2685.0888671875,4960866
2024-10-07,2657.594970703125,2689.548828125,2657.016845703125,2678.7548828125,13167877
2024-10-08,2632.139892578125,2666.087158203125,2617.35400390625,2657.594970703125,9874329
2024-10-09,2619.890380859375,2640.58203125,2617.447509765625,2632.139892578125,5962171
2024-10-10,2643.265869140625,2643.8974609375,2615.875732421875,2619.890380859375,8179651
2024-10-11,2668.50439453125,2671.071044921875,2641.7783203125,2643.265869140625,7073392
2024-10-12,2660.60888671875,2673.7236328125,2659.091064453125,2668.50439453125,3618264
2024-10-13,2662.69970703125,2672.94140625,2659.121337890625,2660.60888671875,4664495
2024-10-14,2660.19677734375,2674.3828125,2659.86328125,2662.69970703125,8528163
2024-10-15,2670.37744140625,2673.89794921875,2650.524658203125,2660.19677734375,8892917
2024-10-16,2678.089599609375,2687.156005859375,2668.94140625,2670.37744140625,8740919
2024-10-17,2704.6826171875,2705.09423828125,2677.702880859375,2677.947998046875,8283512
2024-10-18,2727.031982421875,2729.981689453125,2700.677490234375,2704.502197265625,11265700
2024-10-19,2739.77685546875,2746.97119140625,2724.802490234375,2727.031982421875,6399247
2024-10-20,2741.138671875,2749.61767578125,2737.19873046875,2739.77685546875,7082865
2024-10-21,2734.385009765625,2752.1435546875,2732.282958984375,2741.138671875,11463448
2024-10-22,2759.054931640625,2760.89013671875,2733.340087890625,2734.385009765625,12010130
2024-10-23,2737.4228515625,2776.173583984375,2727.216064453125,2759.054931640625,15909991
2024-10-24,2753.617431640625,2759.477294921875,2735.99755859375,2739.090576171875,11620423
2024-10-25,2760.320068359375,2763.268310546875,2738.060546875,2753.617431640625,18140632
2024-10-26,2758.46826171875,2765.92138671875,2747.60595703125,2760.320068359375,9988606
2024-10-27,2748.128173828125,2767.052001953125,2748.072998046875,2758.46826171875,7714156
2024-10-28,2751.239990234375,2761.505126953125,2745.24169921875,2748.128173828125,9446877
2024-10-29,2765.530029296875,2772.29296875,2745.260498046875,2751.239990234375,14896879
2024-10-30,2784.50537109375,2785.53662109375,2764.5693359375,2765.530029296875,10582522
2024-10-31,2750.898193359375,2785.40380859375,2750.4326171875,2784.500732421875,13513062
2024-11-01,2745.2119140625,2764.9599609375,2739.403076171875,2750.898193359375,10209962
2024-11-02,2750.882080078125,2756.094970703125,2738.28173828125,2745.2119140625,5058721
2024-11-03,2745.12548828125,2752.8564453125,2737.2607421875,2750.882080078125,7759531
2024-11-04,2743.384521484375,2753.156982421875,2739.275390625,2745.12548828125,6551082
2024-11-05,2735.540771484375,2748.07861328125,2735.048828125,2743.384521484375,8052098
2024-11-06,2656.834228515625,2740.31640625,2646.03466796875,2735.540771484375,42693155
2024-11-07,2708.588134765625,2710.611083984375,2651.463623046875,2656.834228515625,21764323
2024-11-08,2672.843994140625,2715.649169921875,2671.869873046875,2708.588134765625,11460131
2024-11-09,2667.595458984375,2682.102294921875,2664.818359375,2672.843994140625,8504898
2024-11-10,2664.97265625,2671.56982421875,2647.44287109375,2667.595458984375,23203473
2024-11-11,2607.20068359375,2666.90234375,2594.19482421875,2664.97265625,28101896
2024-11-12,2562.959716796875,2609.55419921875,2553.62158203125,2607.20068359375,42131121
2024-11-13,2567.4638671875,2603.056640625,2562.586181640625,2562.959716796875,24685087
2024-11-14,2557.989013671875,2578.374267578125,2549.63623046875,2567.4638671875,17583202
2024-11-15,2571.04052734375,2577.96142578125,2556.724365234375,2557.989013671875,13317246
2024-11-16,2563.19970703125,2577.763916015625,2554.5048828125,2571.8466796875,11312181
2024-11-17,2579.77099609375,2582.677001953125,2555.806396484375,2563.19970703125,9139585
2024-11-18,2621.06201171875,2624.086669921875,2579.187255859375,2579.77099609375,17755706
2024-11-19,2645.53271484375,2649.21484375,2621.03564453125,2621.06201171875,17856118
2024-11-20,2653.02392578125,2662.934814453125,2632.215087890625,2645.53271484375,15525454
2024-11-21,2671.8798828125,2688.025634765625,2652.368896484375,2653.02490234375,22850043
2024-11-22,2723.926025390625,2723.946533203125,2670.49560546875,2671.785400390625,17417294
2024-11-23,2726.260009765625,2742.81982421875,2720.5654296875,2723.926025390625,13593973
2024-11-24,2732.019775390625,2737.2734375,2715.98046875,2726.260009765625,13487844
2024-11-25,2630.94677734375,2732.689697265625,2629.518798828125,2732.019775390625,27367670
2024-11-26,2636.157470703125,2654.875244140625,2626.837890625,2630.94677734375,16832547
2024-11-27,2646.888427734375,2664.077880859375,2632.032470703125,2636.157470703125,15566806
2024-11-28,2636.988037109375,2650.60546875,2629.609619140625,2646.888427734375,8230942
2024-11-29,2638.99853515625,2660.58544921875,2636.828857421875,2636.990478515625,12580014
2024-11-30,2639.064697265625,2652.70556640625,2638.39306640625,2638.99853515625,6881879
2024-12-01,2655.36669921875,2660.631591796875,2638.636962890625,2639.064697265625,9481179
2024-12-02,2638.77587890625,2656.27294921875,2629.9111328125,2655.36669921875,18438948
2024-12-03,2637.703125,2643.4150390625,2631.884765625,2638.81396484375,16887198
2024-12-04,2641.351318359375,2647.342529296875,2634.689208984375,2637.703125,21812872
2024-12-05,2632.881591796875,2647.22021484375,2626.332275390625,2641.351318359375,34717742
2024-12-06,2631.771240234375,2638.747314453125,2617.956298828125,2629.779541015625,18057843
2024-12-07,2627.046142578125,2635.33349609375,2623.60400390625,2631.771240234375,7900307
2024-12-08,2626.6787109375,2632.00439453125,2622.066162109375,2625.176513671875,6887779
2024-12-09,2654.740478515625,2658.709716796875,2626.547607421875,2631.608154296875,33062687
2024-12-10,2689.274169921875,2692.24658203125,2644.375732421875,2654.720458984375,38748359
2024-12-11,2702.18701171875,2704.480224609375,2673.447021484375,2689.274169921875,28404255
2024-12-12,2678.10986328125,2711.072998046875,2675.13427734375,2702.18701171875,21434493
2024-12-13,2662.07470703125,2687.41259765625,2656.89794921875,2678.10986328125,13085042
2024-12-14,2649.125732421875,2674.1044921875,2647.28466796875,2662.07470703125,8318598
2024-12-15,2656.512451171875,2660.863037109375,2647.408935546875,2649.125732421875,8254649
2024-12-16,2655.25146484375,2668.290283203125,2650.358642578125,2656.512451171875,14599538
2024-12-17,2655.465087890625,2665.5263671875,2646.139892578125,2655.25146484375,13353510
2024-12-18,2600.058349609375,2658.2900390625,2599.9658203125,2655.4736328125,21444781
2024-12-19,2606.9990234375,2638.3720703125,2600.031494140625,2600.142822265625,26204313
2024-12-20,2626.906005859375,2638.378173828125,2600.748779296875,2606.94091796875,24998371
2024-12-21,2623.895751953125,2635.942626953125,2619.247802734375,2626.906005859375,9454243
2024-12-22,2621.4501953125,2628.332763671875,2610.218505859375,2623.895751953125,7846014
2024-12-23,2617.943359375,2644.63916015625,2609.972412109375,2621.4501953125,17978457
2024-12-24,2628.02734375,2633.865966796875,2617.919189453125,2617.943359375,9519589
2024-12-25,2633.787841796875,2641.595458984375,2622.557861328125,2628.02734375,8371193
2024-12-26,2650.513427734375,2652.37060546875,2631.0244140625,2634.13818359375,11188321
2024-12-27,2639.68994140625,2651.1650390625,2625.958984375,2650.510009765625,11341755
2024-12-28,2651.573486328125,2653.2685546875,2634.47314453125,2639.68994140625,7969012
2024-12-29,2645.277587890625,2653.141845703125,2645.127197265625,2651.573486328125,6269720
2024-12-30,2618.487548828125,2652.89892578125,2615.555908203125,2645.248779296875,11097155
2024-12-31,2627.802978515625,2635.929931640625,2616.251220703125,2618.487548828125,9685018
2025-01-01,2623.677734375,2635.29736328125,2622.16552734375,2627.802978515625,5068766
2025-01-02,2653.01806640625,2653.01806640625,2623.680419921875,2623.680419921875,16231294
2025-01-03,2646.81640625,2659.088623046875,2645.62451171875,2652.65966796875,17550024
2025-01-04,2647.27978515625,2653.23193359375,2643.656982421875,2646.81640625,9406250
2025-01-05,2645.312744140625,2653.217041015625,2643.691650390625,2647.27978515625,8115993
2025-01-06,2656.01318359375,2656.5625,2639.58251953125,2645.312744140625,15780697
2025-01-07,2650.41650390625,2667.4150390625,2644.606201171875,2655.7548828125,19468966
2025-01-08,2665.394287109375,2674.05224609375,2646.330078125,2650.41650390625,21640845
2025-01-09,2670.941162109375,2680.462890625,2661.005126953125,2665.394287109375,18525111
2025-01-10,2688.241943359375,2693.636962890625,2670.78173828125,2670.92626953125,16764734
2025-01-11,2696.761474609375,2698.635009765625,2680.73876953125,2688.240478515625,12544930
2025-01-12,2697.377197265625,2705.225341796875,2695.312744140625,2696.761474609375,11804374
2025-01-13,2671.69384765625,2706.84716796875,2659.854736328125,2697.377197265625,28704069
2025-01-14,2672.216552734375,2676.542724609375,2662.6279296875,2671.69384765625,16258839
2025-01-15,2691.53955078125,2703.3310546875,2669.015380859375,2672.216552734375,26186710
2025-01-16,2711.08544921875,2722.200439453125,2687.632080078125,2691.603759765625,18907714
2025-01-17,2705.391357421875,2718.19482421875,2701.546630859375,2715.95458984375,18370554
2025-01-18,2692.9951171875,2708.230712890625,2685.939208984375,2701.49365234375,15720767
2025-01-19,2678.25048828125,2700.263427734375,2665.32275390625,2692.9951171875,21408398
2025-01-20,2697.9033203125,2708.522216796875,2676.609130859375,2678.25048828125,31947443
2025-01-21,2738.247802734375,2742.588134765625,2692.848876953125,2697.9599609375,24519711
2025-01-22,2753.50244140625,2766.901123046875,2737.862060546875,2738.247802734375,25899328
2025-01-23,2748.49853515625,2758.16357421875,2736.608154296875,2753.50244140625,21241581
2025-01-24,2760.5205078125,2768.620849609375,2736.465576171875,2748.49853515625,20775836
2025-01-25,2767.2060546875,2769.69140625,2756.253662109375,2760.5283203125,10111299
2025-01-26,2758.6142578125,2773.3095703125,2757.31982421875,2767.2607421875,9651931
2025-01-27,2741.6376953125,2760.7138671875,2731.054931640625,2758.453857421875,25814720
2025-01-28,2761.539306640625,2768.795654296875,2736.024658203125,2741.6376953125,18882856
2025-01-29,2761.98876953125,2767.730224609375,2747.57861328125,2761.539306640625,17410677
2025-01-30,2794.09521484375,2795.134521484375,2761.411376953125,2762.085205078125,19789621
2025-01-31,2803.650390625,2818.287841796875,2790.624267578125,2794.09521484375,23826369
2025-02-01,2817.709716796875,2826.4033203125,2801.658447265625,2803.77685546875,18561877
2025-02-02,2819.992431640625,2933.337890625,2817.601806640625,2817.709716796875,89506137
2025-02-03,2835.10791015625,2848.783203125,2775.826416015625,2819.993896484375,72107354
2025-02-04,2853.481689453125,2854.546630859375,2814.729248046875,2835.10791015625,29816812
2025-02-05,2922.939208984375,2924.39306640625,2853.259765625,2853.481689453125,62349129
2025-02-06,2879.71435546875,2922.96728515625,2869.400146484375,2922.939208984375,49472952
2025-02-07,2879.148193359375,2908.0556640625,2871.872314453125,2879.71435546875,34537795
2025-02-08,2877.275390625,2886.47607421875,2865.96337890625,2879.162109375,15473304
2025-02-09,2900.8505859375,2903.586181640625,2875.864013671875,2877.274169921875,17254729
2025-02-10,2932.153076171875,2933.723388671875,2894.857177734375,2900.8505859375,30278999
2025-02-11,2915.351318359375,2946.82666015625,2913.16748046875,2932.153076171875,48253595
2025-02-12,2919.980712890625,2928.755859375,2896.02294921875,2915.35107421875,36329477
2025-02-13,2948.385009765625,2949.472412109375,2913.4580078125,2919.980712890625,27352445
2025-02-14,2913.375732421875,2956.328369140625,2899.497802734375,2948.385009765625,30927968
2025-02-15,2907.280029296875,2914.631103515625,2902.435302734375,2913.375732421875,13378293
2025-02-16,2901.78564453125,2908.399658203125,2894.274658203125,2907.280029296875,15690111
2025-02-17,2913.65966796875,2928.797607421875,2901.21728515625,2901.78564453125,23529881
2025-02-18,2947.482177734375,2956.49072265625,2911.684326171875,2913.654296875,23945241
2025-02-19,2947.259033203125,2958.538330078125,2930.628173828125,2947.482177734375,25825626
2025-02-20,2953.584228515625,2964.85986328125,2942.252685546875,2947.259033203125,32522920
2025-02-21,2948.56005859375,2956.21533203125,2937.228515625,2953.584228515625,27292241
2025-02-22,2955.0966796875,2955.563720703125,2939.5361328125,2948.56005859375,14938838
2025-02-23,2962.921142578125,2968.8671875,2948.570556640625,2955.09814453125,23816599
2025-02-24,2983.03564453125,2983.61669921875,2953.54052734375,2962.921142578125,37209498
2025-02-25,2936.7890625,2995.641845703125,2919.672607421875,2983.03564453125,60043546
2025-02-26,2929.378173828125,2940.166015625,2907.67041015625,2936.7890625,34921675
2025-02-27,2885.31787109375,2930.34716796875,2874.47509765625,2929.378173828125,34563533
2025-02-28,2859.841796875,2888.9853515625,2834.37353515625,2885.31787109375,47107062
2025-03-01,2851.52734375,2867.208740234375,2846.930908203125,2859.84130859375,20099445
2025-03-02,2872.70263671875,2884.601318359375,2851.193359375,2851.52734375,42439941
2025-03-03,2887.681884765625,2894.5810546875,2863.03271484375,2872.720703125,34065442
2025-03-04,2928.694091796875,2935.3037109375,2877.0498046875,2887.79345703125,44912739
2025-03-05,2932.400146484375,2939.20703125,2914.06689453125,2928.652099609375,27874804
2025-03-06,2925.43212890625,2938.3359375,2907.433349609375,2932.400146484375,29840639
2025-03-07,2929.04296875,2944.29443359375,2913.751220703125,2925.43212890625,29644800
2025-03-08,2936.70556640625,2940.517578125,2925.015625,2929.04296875,14958732
2025-03-09,2932.91162109375,2942.86181640625,2923.63671875,2936.710205078125,25493982
2025-03-10,2892.90087890625,2934.958251953125,2882.18603515625,2932.91162109375,42966208
2025-03-11,2923.038330078125,2927.064208984375,2888.180419921875,2893.0947265625,28927609
2025-03-12,2945.81005859375,2948.517822265625,2907.19921875,2923.038330078125,46453162
2025-03-13,3002.5654296875,3004.666748046875,2944.99951171875,2945.81005859375,37789231
2025-03-14,2995.009033203125,3028.61181640625,2989.633544921875,3002.5654296875,36997976
2025-03-15,2997.74609375,2999.768798828125,2985.42333984375,2994.967041015625,18411828
2025-03-16,3001.404296875,3001.62109375,2992.0126953125,2997.606689453125,14525890
2025-03-17,3012.169189453125,3015.623046875,2994.10986328125,3001.3935546875,26554930
2025-03-18,3064.656005859375,3110.08203125,3007.85498046875,3012.169189453125,59115128
2025-03-19,3065.502197265625,3080.2861328125,3047.512451171875,3064.656005859375,44492353
2025-03-20,3055.897216796875,3070.974609375,3047.281982421875,3065.61669921875,31418490
2025-03-21,3039.0849609375,3068.04345703125,3035.26513671875,3055.96142578125,74767888
2025-03-22,3050.042236328125,3050.875732421875,3038.287353515625,3039.0849609375,45436299
2025-03-23,3053.006103515625,3059.52001953125,3044.855712890625,3050.042236328125,52133310
2025-03-24,3016.2470703125,3054.9560546875,3008.522705078125,3053.131103515625,65045372
2025-03-25,3027.99365234375,3042.994140625,3015.802001953125,3016.2470703125,57023322
2025-03-26,3023.44189453125,3036.318359375,3019.199951171875,3027.99365234375,49939929
2025-03-27,3058.93798828125,3063.087890625,3023.38232421875,3023.44189453125,63794019
2025-03-28,3091.34423828125,3095.98876953125,3058.62255859375,3058.989501953125,82557785
2025-03-29,3118.077392578125,3118.077392578125,3090.58349609375,3091.34423828125,65523717
2025-03-30,3109.063232421875,3141.6376953125,3108.283203125,3118.077392578125,68779130
2025-03-31,3147.9853515625,3162.031982421875,3107.037353515625,3109.01318359375,115328458
2025-04-01,3132.093505859375,3175.3701171875,3128.611572265625,3147.9853515625,88548906
2025-04-02,3189.407470703125,3190.246337890625,3125.107421875,3132.0322265625,78184786
2025-04-03,3125.58544921875,3192.056884765625,3079.376708984375,3189.3916015625,135848195
2025-04-04,3053.608154296875,3144.027099609375,3044.38818359375,3125.681884765625,92767102
2025-04-05,3067.47607421875,3068.8759765625,3047.419921875,3053.608154296875,33405009
2025-04-06,2999.47412109375,3069.28173828125,2991.297119140625,3067.491943359375,66856845
2025-04-07,3005.760498046875,3063.08984375,2990.072265625,2999.47412109375,153272254
2025-04-08,2998.99365234375,3034.911376953125,2993.9931640625,3005.78125,60268815
2025-04-09,3097.837646484375,3111.115234375,2993.7353515625,2998.99365234375,125771025
2025-04-10,3215.109619140625,3215.7099609375,3097.83740234375,3097.837646484375,92903694
2025-04-11,3262.376220703125,3267.642822265625,3213.47998046875,3215.109619140625,139772890
2025-04-12,3243.158447265625,3296.268798828125,3236.531494140625,3262.376220703125,66046079
2025-04-13,3245.317138671875,3267.018798828125,3239.0458984375,3243.158447265625,54305726
2025-04-14,3233.981689453125,3268.380615234375,3212.87548828125,3245.33837890625,64777284
2025-04-15,3261.723876953125,3261.74560546875,3232.50146484375,3233.981689453125,53129119
2025-04-16,3378.328857421875,3379.2763671875,3261.690673828125,3261.723876953125,100093175
2025-04-17,3345.161376953125,3382.706787109375,3311.177978515625,3378.328857421875,80829109
2025-04-18,3352.438720703125,3360.061767578125,3337.25830078125,3345.161376953125,47210888
2025-04-19,3347.347412109375,3355.3447265625,3341.8408203125,3352.438720703125,29848317
2025-04-20,3369.112060546875,3369.794677734375,3343.86767578125,3347.407958984375,30835034
2025-04-21,3462.54296875,3469.19970703125,3369.112060546875,3369.112060546875,118341538
2025-04-22,3349.412841796875,3520.34521484375,3336.75146484375,3462.578857421875,229791524
2025-04-23,3333.5869140625,3402.869384765625,3283.967041015625,3349.508056640625,157910054
2025-04-24,3367.82861328125,3380.43212890625,3327.90625,3333.615478515625,98252813
2025-04-25,3314.6845703125,3374.054931640625,3274.15478515625,3367.82861328125,104122961
2025-04-26,3316.445556640625,3321.953857421875,3303.300048828125,3314.741455078125,36293350
2025-04-27,3308.329345703125,3331.7509765625,3308.2744140625,3316.446044921875,30155065
2025-04-28,3340.94189453125,3354.81494140625,3280.13818359375,3308.329345703125,73972537
2025-04-29,3316.69580078125,3341.10546875,3309.70849609375,3340.94189453125,53962104
2025-04-30,3284.044189453125,3325.6005859375,3283.040771484375,3316.787353515625,57028969
2025-05-01,3249.65185546875,3285.217529296875,3220.96875,3284.044189453125,79074337
2025-05-02,3255.711181640625,3280.336181640625,3243.95068359375,3249.72412109375,59456562
2025-05-03,3259.33984375,3266.55419921875,3249.80078125,3255.711181640625,20937269
2025-05-04,3262.97705078125,3264.5126953125,3248.79541015625,3259.33984375,25806478
2025-05-05,3347.807373046875,3355.917724609375,3260.736083984375,3262.800537109375,65423635
2025-05-06,3408.97412109375,3453.528564453125,3341.9033203125,3347.807373046875,104989882
2025-05-07,3385.758544921875,3409.47119140625,3368.314697265625,3408.97412109375,72248351
2025-05-08,3322.320556640625,3415.100830078125,3306.023681640625,3385.7490234375,115448291
2025-05-09,3335.34716796875,3349.89111328125,3289.4521484375,3322.320556640625,57507389
2025-05-10,3327.540771484375,3344.263916015625,3325.749267578125,3335.34716796875,31341475
2025-05-11,3293.284423828125,3331.74560546875,3279.117431640625,3327.4931640625,41352645
2025-05-12,3246.299560546875,3295.341796875,3224.189697265625,3293.232177734375,93295703
2025-05-13,3262.491455078125,3270.178466796875,3231.039794921875,3246.299560546875,48791856
2025-05-14,3197.853515625,3262.79345703125,3184.67041015625,3262.6650390625,66774777
2025-05-15,3247.022705078125,3260.589111328125,3146.50341796875,3197.853515625,81029407
2025-05-16,3220.81884765625,3250.672607421875,3176.3857421875,3247.126953125,64782299
2025-05-17,3225.3525390625,3227.21484375,3207.78076171875,3220.8154296875,34488157
2025-05-18,3248.93408203125,3257.510986328125,3211.46533203125,3225.3525390625,42071802
2025-05-19,3237.562255859375,3269.169921875,3226.36376953125,3248.294677734375,55843779
2025-05-20,3304.14013671875,3313.3505859375,3221.489501953125,3237.562255859375,75196534
2025-05-21,3323.07177734375,3330.77490234375,3300.771728515625,3304.14013671875,58382550
2025-05-22,3309.6494140625,3347.823486328125,3295.61572265625,3323.07177734375,60248844
2025-05-23,3359.82861328125,3368.65087890625,3303.741455078125,3309.6494140625,69568467
2025-05-24,3362.452392578125,3372.46142578125,3357.75244140625,3359.82861328125,21357641
2025-05-25,3347.9150390625,3379.848876953125,3347.606201171875,3362.452880859375,30447909
2025-05-26,3358.250732421875,3360.773681640625,3337.300537109375,3347.923828125,40454247
2025-05-27,3323.6201171875,3362.054443359375,3304.16552734375,3358.250732421875,45468637
2025-05-28,3276.949951171875,3336.07470703125,3271.033935546875,3323.60888671875,46722486
2025-05-29,3325.658447265625,3338.3994140625,3265.60107421875,3276.944580078125,39532930
2025-05-30,3304.328857421875,3330.363037109375,3292.6767578125,3325.652099609375,45216304
2025-05-31,3299.06640625,3311.240966796875,3297.758544921875,3304.3388671875,19898978
2025-06-01,3321.167724609375,3325.55078125,3295.041259765625,3299.06640625,22494835
2025-06-02,3397.583984375,3401.8984375,3314.177978515625,3321.16845703125,59748072
2025-06-03,3371.398193359375,3398.2119140625,3353.783935546875,3397.583984375,43730802
2025-06-04,3391.85595703125,3394.611083984375,3361.70947265625,3371.398193359375,34406667
2025-06-05,3383.27001953125,3419.04736328125,3364.1279296875,3391.85595703125,63332757
2025-06-06,3337.0341796875,3397.171142578125,3331.33154296875,3383.27001953125,49491334
2025-06-07,3334.346435546875,3338.96533203125,3333.53271484375,3337.0322265625,14549326
2025-06-08,3341.7216796875,3343.463134765625,3332.6484375,3334.346435546875,24726483
2025-06-09,3347.86474609375,3358.4755859375,3321.42041015625,3341.7216796875,39451741
2025-06-10,3339.11767578125,3359.947021484375,3326.4716796875,3347.86474609375,48147213
2025-06-11,3376.78662109375,3387.135498046875,3339.048583984375,3339.11767578125,57271986
2025-06-12,3405.567626953125,3411.01708984375,3359.917236328125,3376.78662109375,102343218
2025-06-13,3463.50830078125,3474.07421875,3405.470947265625,3405.567626953125,201510145
2025-06-14,3488.890869140625,3495.52978515625,3454.219970703125,3463.50830078125,60754215
2025-06-15,3478.812744140625,3496.645751953125,3468.97607421875,3488.890869140625,67812373
2025-06-16,3430.68115234375,3483.946533203125,3406.404052734375,3478.812744140625,121511818
2025-06-17,3415.851318359375,3434.504150390625,3396.036376953125,3430.68115234375,121912488
2025-06-18,3396.397216796875,3418.177490234375,3386.3837890625,3415.851318359375,98392818
2025-06-19,3390.5458984375,3404.382080078125,3371.84423828125,3396.397216796875,58295670
2025-06-20,3396.124267578125,3396.2490234375,3364.264892578125,3390.5537109375,96591585
2025-06-21,3396.18310546875,3411.4765625,3388.043212890625,3396.124267578125,69548445
2025-06-22,3405.67236328125,3458.584228515625,3396.188232421875,3396.188232421875,192913556
2025-06-23,3371.472412109375,3413.211669921875,3371.2607421875,3405.340087890625,262740859
2025-06-24,3345.960693359375,3386.28955078125,3324.18017578125,3371.472412109375,252072740
2025-06-25,3352.491455078125,3355.158203125,3328.272705078125,3345.960693359375,87504704
2025-06-26,3334.781005859375,3359.1396484375,3329.8466796875,3352.491455078125,80981829
2025-06-27,3297.02099609375,3335.768310546875,3276.227783203125,3334.781005859375,117938054
2025-06-28,3290.393310546875,3299.54150390625,3287.951416015625,3297.02099609375,25272860
2025-06-29,3279.677734375,3295.135986328125,3268.04638671875,3290.393310546875,31106811
2025-06-30,3320.522216796875,3320.750732421875,3276.932861328125,3279.677734375,77258761
2025-07-01,3347.624267578125,3363.854736328125,3319.70458984375,3320.522216796875,74294480
2025-07-02,3354.521240234375,3365.677001953125,3336.669677734375,3347.624267578125,58302799
2025-07-03,3336.215576171875,3363.6494140625,3322.82373046875,3354.521240234375,45756367
2025-07-04,3344.007568359375,3347.813720703125,3332.328857421875,3336.215576171875,29570666
2025-07-05,3344.6025390625,3350.892333984375,3342.044677734375,3344.007568359375,17839941
2025-07-06,3334.82666015625,3349.279296875,3333.85205078125,3344.6025390625,21429807
2025-07-07,3336.662841796875,3346.72412109375,3309.123291015625,3334.82666015625,50602170
2025-07-08,3310.020751953125,3343.440673828125,3299.694091796875,3336.662841796875,58692410
2025-07-09,3320.2412109375,3324.59228515625,3294.10693359375,3310.020751953125,73207695
2025-07-10,3323.185791015625,3330.75048828125,3316.0439453125,3320.2412109375,75806911
2025-07-11,3348.716552734375,3362.080810546875,3322.164306640625,3323.185791015625,95643142
2025-07-12,3352.3681640625,3352.93115234375,3342.09765625,3348.716552734375,34066255
2025-07-13,3355.9931640625,3360.99853515625,3345.02880859375,3352.3681640625,46824630
2025-07-14,3349.468017578125,3368.7041015625,3344.493896484375,3355.9931640625,138553085
2025-07-15,3339.096435546875,3367.501708984375,3330.612548828125,3349.468017578125,105646272
2025-07-16,3352.666015625,3371.6728515625,3330.76318359375,3339.096435546875,90621226
2025-07-17,3341.968505859375,3352.8056640625,3323.059814453125,3352.666015625,102037783
2025-07-18,3352.09814453125,3367.42578125,3335.431640625,3341.968505859375,82253137
2025-07-19,3358.902099609375,3362.311767578125,3349.14111328125,3352.13037109375,32612251
2025-07-20,3352.7177734375,3361.6552734375,3352.195556640625,3358.902099609375,33534735
2025-07-21,3396.414306640625,3401.713623046875,3352.7177734375,3352.7177734375,86758386
2025-07-22,3425.96630859375,3431.272216796875,3386.00244140625,3396.414306640625,70867613
2025-07-23,3395.912109375,3433.67041015625,3388.622802734375,3425.96630859375,70531871
2025-07-24,3377.23291015625,3397.533935546875,3362.461181640625,3395.93505859375,75326286
2025-07-25,3347.402587890625,3380.54833984375,3338.378662109375,3377.23291015625,81979650
2025-07-26,3355.75927734375,3358.90576171875,3347.15966796875,3347.402587890625,32515609
2025-07-27,3346.609130859375,3361.19189453125,3341.758544921875,3355.75927734375,45679667
2025-07-28,3321.647705078125,3351.046630859375,3316.77880859375,3346.609130859375,122390203
2025-07-29,3334.430908203125,3337.349853515625,3319.50390625,3321.672119140625,63250707
2025-07-30,3298.161865234375,3339.599609375,3284.232177734375,3334.430908203125,103163540
2025-07-31,3294.70703125,3319.705078125,3294.453369140625,3298.326171875,97136226
2025-08-01,3363.060302734375,3365.18701171875,3289.944580078125,3294.70703125,135542547
2025-08-02,3361.164306640625,3367.591064453125,3355.544921875,3363.060302734375,48314707
2025-08-03,3364.5673828125,3370.89599609375,3359.106689453125,3361.164306640625,42134888
2025-08-04,3377.769287109375,3383.93212890625,3350.56103515625,3364.556640625,74296627
2025-08-05,3383.94384765625,3388.201416015625,3353.650146484375,3377.769287109375,69310831
2025-08-06,3371.450927734375,3384.38671875,3363.515625,3383.94384765625,61404608
2025-08-07,3393.938232421875,3395.64111328125,3370.40087890625,3371.450927734375,82388481
2025-08-08,3385.68212890625,3395.737548828125,3378.337890625,3393.954833984375,96272816
2025-08-09,3384.4716796875,3392.556396484375,3378.432861328125,3385.68212890625,54309627
2025-08-10,3384.865478515625,3391.40087890625,3382.6787109375,3384.4716796875,38135241
2025-08-11,3345.761962890625,3384.911865234375,3339.64306640625,3384.865478515625,114370621
2025-08-12,3342.08251953125,3355.201171875,3333.8583984375,3345.761962890625,106976131
2025-08-13,3355.372802734375,3357.244140625,3335.924560546875,3342.08251953125,86069571
2025-08-14,3332.57275390625,3361.502685546875,3326.78955078125,3355.372802734375,79417628
2025-08-15,3333.16943359375,3342.680419921875,3330.316162109375,3332.57275390625,51167294
2025-08-16,3332.100341796875,3337.920654296875,3329.3837890625,3333.16943359375,20338339
2025-08-17,3326.129150390625,3336.481201171875,3325.0810546875,3332.100341796875,22361448
2025-08-18,3332.562255859375,3352.7255859375,3325.566650390625,3326.129150390625,64885208
2025-08-19,3312.7373046875,3340.140869140625,3312.11865234375,3332.562255859375,58302615
2025-08-20,3339.899169921875,3342.20751953125,3304.727294921875,3312.7373046875,71379170
2025-08-21,3330.63134765625,3339.96142578125,3322.207275390625,3339.899169921875,40763232
2025-08-22,3363.837158203125,3364.5947265625,3318.493896484375,3330.63134765625,65715221
2025-08-23,3359.250244140625,3364.621337890625,3353.355712890625,3363.837158203125,24568082
2025-08-24,3359.708740234375,3363.133544921875,3355.0615234375,3359.3056640625,38892745
2025-08-25,3342.993408203125,3363.775390625,3338.1396484375,3359.78466796875,88689694
2025-08-26,3378.823486328125,3382.510009765625,3341.374755859375,3342.993408203125,121546487
2025-08-27,3388.906494140625,3390.53955078125,3365.593994140625,3378.823486328125,68155472
2025-08-28,3416.549560546875,3423.413818359375,3380.219482421875,3388.906494140625,95688951
2025-08-29,3464.145263671875,3464.145263671875,3408.04150390625,3416.49609375,122354714
2025-08-30,3463.4833984375,3466.774169921875,3454.560546875,3464.233642578125,52482525
2025-08-31,3462.173828125,3469.432373046875,3458.602783203125,3463.4833984375,61579065
2025-09-01,3502.559326171875,3503.313720703125,3453.283447265625,3462.03271484375,156423426
2025-09-02,3549.216552734375,3556.07275390625,3488.816650390625,3502.559326171875,179387201
2025-09-03,3575.163818359375,3588.295166015625,3544.250244140625,3549.216552734375,125651130
2025-09-04,3560.2392578125,3577.904052734375,3535.200439453125,3575.163818359375,156809656
2025-09-05,3593.828857421875,3599.922607421875,3551.5205078125,3560.2392578125,118545516
2025-09-06,3627.05126953125,3627.05126953125,3590.52685546875,3593.828857421875,81368376
2025-09-07,3603.125,3627.7890625,3599.145263671875,3627.05126953125,103069643
2025-09-08,3639.5869140625,3648.126953125,3588.98291015625,3603.125,131952078
2025-09-09,3643.721435546875,3676.3935546875,3634.000244140625,3639.5869140625,142254337
2025-09-10,3643.07958984375,3661.307373046875,3631.875,3643.720947265625,112734609
2025-09-11,3633.432373046875,3645.1357421875,3616.501220703125,3643.07958984375,111668035
2025-09-12,3643.882080078125,3655.760986328125,3632.811767578125,3633.4365234375,85505614
2025-09-13,3639.729736328125,3645.238037109375,3630.570068359375,3643.882080078125,55018295
2025-09-14,3645.18603515625,3658.42236328125,3638.38525390625,3639.729736328125,49609438
2025-09-15,3685.96630859375,3693.308837890625,3637.9560546875,3645.18603515625,113481805
2025-09-16,3706.650146484375,3712.321044921875,3685.05712890625,3685.966552734375,134531177
2025-09-17,3674.03955078125,3707.26025390625,3661.2451171875,3706.650146484375,147678915
2025-09-18,3646.354248046875,3674.067138671875,3640.959716796875,3674.03955078125,112997749
2025-09-19,3690.746337890625,3695.15673828125,3644.882568359375,3646.354248046875,103557015
2025-09-20,3688.934326171875,3695.587158203125,3685.19970703125,3690.746337890625,42388186
2025-09-21,3693.28857421875,3696.273193359375,3683.843505859375,3688.934326171875,34791407
2025-09-22,3761.20703125,3769.55859375,3692.9736328125,3693.28857421875,187529810
2025-09-23,3774.19580078125,3801.018310546875,3754.390869140625,3761.20703125,177975572
2025-09-24,3757.54638671875,3789.675537109375,3727.13330078125,3774.19580078125,156112102
2025-09-25,3755.103759765625,3772.21728515625,3734.882080078125,3757.54638671875,200635887
2025-09-26,3775.42431640625,3793.227294921875,3744.859619140625,3755.103759765625,147736166
2025-09-27,3776.893310546875,3787.069091796875,3770.312744140625,3775.42431640625,47044928
2025-09-28,3778.170654296875,3782.0615234375,3767.994384765625,3776.893310546875,48817282
2025-09-29,3848.826416015625,3856.798828125,3775.92529296875,3778.170654296875,209691735
2025-09-30,3875.141357421875,3881.315673828125,3812.7666015625,3848.826416015625,204819302
2025-10-01,3874.288330078125,3905.34130859375,3867.0458984375,3875.141357421875,235440586
2025-10-02,3866.750244140625,3898.494384765625,3835.4521484375,3874.288330078125,161400987
2025-10-03,3886.2197265625,3891.8212890625,3848.3134765625,3866.750244140625,127644520
2025-10-04,3902.44921875,3903.074951171875,3886.099853515625,3886.2197265625,85592262
2025-10-05,3915.343017578125,3920.166259765625,3888.00439453125,3902.444091796875,91434366
2025-10-06,3984.27783203125,3985.987548828125,3907.906982421875,3915.343017578125,188734139
2025-10-07,4003.220703125,4006.893798828125,3958.248779296875,3984.27783203125,224061222
2025-10-08,4033.29296875,4075.859375,4001.847412109375,4003.220703125,376869291
2025-10-09,4002.012939453125,4073.0302734375,3967.43994140625,4033.29296875,317075231
2025-10-10,3991.026611328125,4032.46875,3727.296142578125,4001.93896484375,433411347
2025-10-11,3996.272216796875,4006.06591796875,3961.529052734375,3990.708251953125,283985501
2025-10-12,4041.53369140625,4059.78759765625,3996.2265625,3996.272216796875,209453426
2025-10-13,4144.38818359375,4144.6650390625,4032.360107421875,4041.551025390625,290477444
2025-10-14,4180.63134765625,4201.255859375,4115.7099609375,4144.40869140625,452931055
2025-10-15,4241.47607421875,4245.76171875,4175.45361328125,4180.63134765625,411421035
2025-10-16,4442.3642578125,4456.70458984375,4230.1806640625,4241.47607421875,680521876
2025-10-17,4241.09033203125,4442.75439453125,4199.84521484375,4442.37744140625,1010849676
2025-10-18,4244.9248046875,4268.19775390625,4232.14013671875,4241.09033203125,154277709
2025-10-19,4245.95068359375,4263.962890625,4232.5791015625,4244.9248046875,216923792
2025-10-20,4366.8720703125,4391.0146484375,4219.28271484375,4245.95068359375,473001799
2025-10-21,4106.2548828125,4375.70068359375,4101.66259765625,4366.4150390625,633927270
2025-10-22,4096.44775390625,4168.24609375,4027.8212890625,4105.94140625,688147366
2025-10-23,4118.24072265625,4154.73046875,4076.088623046875,4096.44775390625,409493105
2025-10-24,4112.50732421875,4140.70263671875,4050.417236328125,4118.29296875,346614090
2025-10-25,4110.4404296875,4122.970703125,4106.134765625,4112.53173828125,84364216
2025-10-26,4060.7724609375,4112.36669921875,4058.54052734375,4110.4404296875,172701217
2025-10-27,3990.343994140625,4091.43310546875,3972.052978515625,4060.8505859375,426559845
2025-10-28,3967.261962890625,4011.151123046875,3900.295654296875,3990.365234375,487066414
2025-10-29,3953.506591796875,4030.86474609375,3929.268310546875,3967.919189453125,385104017
2025-10-30,4038.202392578125,4038.5927734375,3928.4658203125,3953.515869140625,377256289
2025-10-31,3998.996826171875,4038.231201171875,3974.190673828125,4038.231201171875,244996598
2025-11-01,4007.91015625,4018.060302734375,3996.078125,3999.029052734375,62139000
2025-11-02,3978.682373046875,4009.538818359375,3977.39599609375,4007.91015625,75562033
2025-11-03,3991.654541015625,4022.40283203125,3963.77294921875,3978.682373046875,188244638
2025-11-04,3929.777099609375,3992.373291015625,3918.82861328125,3991.65771484375,266737008
2025-11-05,3971.510498046875,3987.314453125,3923.413818359375,3929.816650390625,215460834
2025-11-06,3984.83203125,4016.47265625,3960.27978515625,3971.510498046875,141437903
2025-11-07,3989.748046875,4010.287353515625,3977.96435546875,3984.82080078125,160575390
2025-11-08,3988.74072265625,3997.6279296875,3983.006103515625,3989.748046875,44971364
2025-11-09,4002.193115234375,4002.272705078125,3985.479736328125,3988.74072265625,60268860
2025-11-10,4111.927734375,4114.4580078125,4002.2373046875,4002.2373046875,160441680
2025-11-11,4127.6044921875,4136.4775390625,4089.395263671875,4111.927734375,176750611
2025-11-12,4179.14697265625,4200.0703125,4090.5361328125,4127.70166015625,194379076
2025-11-13,4172.74658203125,4234.55810546875,4135.4140625,4179.14697265625,282000433
2025-11-14,4069.39794921875,4198.9248046875,4026.6181640625,4172.74658203125,288564881
2025-11-15,4091.458740234375,4099.02783203125,4069.17236328125,4069.17236328125,103496070
2025-11-16,4090.231201171875,4111.615234375,4082.482421875,4091.458740234375,123192413
2025-11-17,4023.780517578125,4091.27685546875,3998.51318359375,4090.2294921875,235331435
2025-11-18,4065.880126953125,4070.540771484375,3994.989990234375,4023.712158203125,214219051
2025-11-19,4093.896240234375,4120.90087890625,4049.492431640625,4065.86865234375,257807576
2025-11-20,4068.984375,4098.97802734375,4035.74462890625,4093.896240234375,266352002
2025-11-21,4062.59423828125,4095.275146484375,4015.0458984375,4068.984375,417654359
2025-11-22,4055.166015625,4063.30810546875,4053.997314453125,4062.59423828125,83575248
2025-11-23,4064.7265625,4064.973388671875,4040.123291015625,4055.05078125,93525984
2025-11-24,4139.75537109375,4139.9228515625,4034.6083984375,4064.77880859375,243007926
2025-11-25,4124.7265625,4151.7373046875,4111.12353515625,4139.68212890625,191004144
2025-11-26,4166.796875,4170.69140625,4124.60107421875,4124.7265625,176042580
2025-11-27,4160.1474609375,4166.796875,4141.17333984375,4166.796875,101048511
2025-11-28,4231.93359375,4232.99365234375,4160.10107421875,4160.14990234375,186132648
2025-11-29,4250.109375,4256.05810546875,4226.90478515625,4231.93359375,106537844
2025-11-30,4240.22265625,4255.962890625,4234.7373046875,4250.109375,87879156
2025-12-01,4246.2890625,4280.53076171875,4224.7861328125,4240.17041015625,368657376
2025-12-02,4215.837890625,4246.2890625,4173.24853515625,4246.2890625,273063145
2025-12-03,4215.3046875,4244.29296875,4203.31640625,4215.765625,163826333
2025-12-04,4213.90283203125,4222.91064453125,4186.560546875,4215.30810546875,104682837
2025-12-05,4211.54150390625,4260.30322265625,4203.70703125,4213.90283203125,142385431
2025-12-06,4215.07421875,4217.13525390625,4207.25927734375,4211.54150390625,45934745
2025-12-07,4214.52880859375,4216.10107421875,4204.42041015625,4215.07421875,52333494
2025-12-08,4203.466796875,4226.6455078125,4190.03466796875,4214.53564453125,105245829
2025-12-09,4215.78662109375,4224.67626953125,4185.6904296875,4203.466796875,93201123
2025-12-10,4240.0341796875,4240.2177734375,4197.0791015625,4215.78662109375,117521855
2025-12-11,4286.09228515625,4291.76220703125,4215.798828125,4240.015625,146232641
2025-12-12,4309.79052734375,4361.49951171875,4279.5791015625,4286.09228515625,220987841
2025-12-13,4318.52587890625,4324.25244140625,4308.26513671875,4309.79052734375,44076686
2025-12-14,4319.2890625,4326.43798828125,4316.62109375,4318.52587890625,58787730
2025-12-15,4316.8115234375,4362.5458984375,4308.05029296875,4319.20849609375,204543486
2025-12-16,4322.4453125,4346.6689453125,4286.740234375,4316.76708984375,156123444
2025-12-17,4359.79248046875,4360.025390625,4321.9638671875,4322.42333984375,168715927
2025-12-18,4345.7919921875,4381.27978515625,4324.060546875,4359.697265625,157251700
2025-12-19,4349.39208984375,4366.14111328125,4325.3486328125,4345.7919921875,87685799
2025-12-20,4350.67431640625,4357.0693359375,4348.16015625,4349.39208984375,25248364
2025-12-21,4364.52685546875,4365.9228515625,4349.3251953125,4350.67431640625,44533911
2025-12-22,4481.84814453125,4481.84814453125,4364.52685546875,4364.52685546875,270618178
2025-12-23,4530.59375,4532.58447265625,4453.0517578125,4481.8984375,255786460
2025-12-24,4493.84716796875,4539.56689453125,4466.32568359375,4530.54541015625,196299303
2025-12-25,4513.3798828125,4517.37646484375,4488.10546875,4493.84716796875,69144427
2025-12-26,4553.92822265625,4568.3603515625,4508.970703125,4513.3798828125,250579217
2025-12-27,4567.81787109375,4572.048828125,4542.4169921875,4553.9560546875,92226801
2025-12-28,4548.640625,4573.501953125,4546.70263671875,4567.85546875,113774457
2025-12-29,4357.6005859375,4548.603515625,4339.3642578125,4548.603515625,386736970
2025-12-30,4355.40380859375,4415.14990234375,4348.2578125,4357.599609375,264383662
2025-12-31,4330.3779296875,4379.46826171875,4299.396484375,4355.3896484375,258885289
2026-01-01,4356.462890625,4356.47998046875,4328.9013671875,4330.3779296875,65552068
2026-01-02,4341.74072265625,4407.814453125,4325.69921875,4356.533203125,252076491
2026-01-03,4353.5283203125,4370.982421875,4336.26953125,4341.740234375,118951495
2026-01-04,4383.18310546875,4383.18310546875,4345.35400390625,4353.51220703125,140971417
2026-01-05,4445.12109375,4461.5283203125,4381.34375,4383.18017578125,269534560
2026-01-06,4509.8115234375,4514.12548828125,4433.3076171875,4445.12109375,286124817
2026-01-07,4472.72314453125,4509.61376953125,4437.9931640625,4509.59765625,213971600
2026-01-08,4478.43115234375,4483.83740234375,4420.20166015625,4472.69677734375,207328265
2026-01-09,4503.35595703125,4513.21484375,4463.501953125,4478.48486328125,155409514
2026-01-10,4516.80322265625,4516.80322265625,4501.14599609375,4503.359375,58082196
2026-01-11,4538.0986328125,4540.67041015625,4498.76708984375,4516.80322265625,86539539
2026-01-12,4605.93798828125,4633.5341796875,4537.42431640625,4538.0986328125,247284084
2026-01-13,4601.09033203125,4636.41552734375,4584.9375,4605.955078125,190386912
2026-01-14,4627.44287109375,4647.5947265625,4601.22705078125,4601.32763671875,227351428
2026-01-15,4621.1728515625,4631.77490234375,4594.0517578125,4627.44287109375,205095287
2026-01-16,4601.5517578125,4625.85302734375,4564.66748046875,4621.17333984375,160077490
2026-01-17,4609.82177734375,4611.26025390625,4601.50830078125,4601.5791015625,54366563
2026-01-18,4686.02978515625,4695.224609375,4609.80859375,4609.82177734375,108319336
2026-01-19,4681.861328125,4693.18798828125,4669.32568359375,4686.06640625,184801519
2026-01-20,4802.517578125,4805.4833984375,4674.91357421875,4681.84912109375,424692014
2026-01-21,4807.76416015625,4908.0234375,4792.29541015625,4802.52978515625,603905573
2026-01-22,4974.0048828125,4974.05224609375,4790.9736328125,4807.625,386296287
2026-01-23,5001.9541015625,5002.3701171875,4919.294921875,4974.2080078125,470620421
2026-01-24,5075.52392578125,5113.8154296875,5000.75634765625,5001.96484375,281639155
2026-01-25,5063.904296875,5114.90185546875,5038.93310546875,5075.52392578125,401186851
2026-01-26,5057.650390625,5122.58544921875,4989.9072265625,5063.76513671875,558707455
2026-01-27,5187.36669921875,5216.37451171875,5031.033203125,5057.62890625,9995704847
2026-01-28,5536.52734375,5583.2763671875,5176.21337890625,5187.51708984375,867259322
2026-01-29,5467.4462890625,5622.8056640625,5199.37890625,5539.32275390625,1754353415
2026-01-30,4912.69970703125,5478.068359375,4764.73046875,5468.072265625,1914290677
2026-01-31,4834.16162109375,4964.19921875,4809.25439453125,4912.7978515625,545303867
2026-02-01,4760.32666015625,4890.20068359375,4732.8681640625,4834.099609375,394955677
2026-02-02,4785.6171875,4874.06884765625,4480.91552734375,4760.39501953125,1410786086
2026-02-03,4956.98681640625,5007.56689453125,4775.52490234375,4785.65673828125,1024816385
2026-02-04,5023.80615234375,5109.70849609375,4895.40234375,4957.34521484375,842026339
2026-02-05,4695.63037109375,5031.0419921875,4695.4365234375,5023.80615234375,939607344
2026-02-06,4940.42236328125,4964.47314453125,4645.1982421875,4695.62744140625,642536828
2026-02-07,4989.26904296875,4993.7919921875,4926.912109375,4940.42236328125,167949665
2026-02-08,5042.5322265625,5043.4453125,4984.7353515625,4989.26904296875,203406472
2026-02-09,5035.80712890625,5090.66943359375,4982.03857421875,5042.47900390625,397738338
2026-02-10,5041.4326171875,5078.12158203125,5012.224609375,5035.93896484375,324927365
2026-02-11,5075.75927734375,5126.42822265625,5034.9912109375,5041.45849609375,327079620
2026-02-12,4920.12548828125,5089.07958984375,4904.0029296875,5075.73486328125,351244996
2026-02-13,5043.77783203125,5049.1640625,4920.123046875,4920.4189453125,248284572
2026-02-14,5021.64599609375,5043.51123046875,5020.20166015625,5043.51123046875,76105328
2026-02-15,5022.30224609375,5047.08935546875,5014.6689453125,5021.638671875,259089830
2026-02-16,4996.603515625,5030.0185546875,4977.9951171875,5022.30224609375,195387798
2026-02-17,4864.6728515625,4996.78125,4862.27294921875,4996.58544921875,354265905
2026-02-18,4977.79296875,5010.5078125,4864.31005859375,4864.6689453125,196635743
2026-02-19,4998.19921875,5025.89990234375,4965.244140625,4977.83642578125,191266170
2026-02-20,5113.32421875,5118.9541015625,4996.56298828125,4998.19580078125,481853490
2026-02-21,5140.05224609375,5151.54736328125,5112.5234375,5113.32421875,112415173
2026-02-22,5187.380859375,5187.3828125,5123.556640625,5140.0498046875,172658276
2026-02-23,5255.55078125,5266.6416015625,5141.2685546875,5187.35009765625,351389818
2026-02-24,5168.69970703125,5255.61669921875,5123.6923828125,5255.5546875,558750864
2026-02-25,5179.78759765625,5227.966796875,5160.18310546875,5168.69921875,369044815
2026-02-26,5196.6904296875,5209.55322265625,5159.09619140625,5180.11376953125,248573065
2026-02-27,5291.09228515625,5306.8486328125,5185.5439453125,5196.646484375,447791436
2026-02-28,5372.89599609375,5570.89990234375,5286.431640625,5291.091796875,1281605289
2026-03-01,5435.98974609375,5440.67822265625,5290.23779296875,5372.85205078125,654575226
2026-03-02,5357.2265625,5456.1669921875,5281.94189453125,5436.48291015625,773396492
2026-03-03,5144.81201171875,5392.74267578125,5037.482421875,5357.36767578125,1146238445
2026-03-04,5176.455078125,5211.63037109375,5124.4111328125,5144.767578125,665360834
2026-03-05,5102.1650390625,5200.16845703125,5072.2666015625,5176.45947265625,441253677
2026-03-06,5180.2177734375,5188.09814453125,5079.62353515625,5102.251953125,338083846
2026-03-07,5174.09228515625,5187.52197265625,5164.625,5180.24658203125,183150970
2026-03-08,5082.99365234375,5179.708984375,5074.9404296875,5174.01611328125,274940460
2026-03-09,5146.44091796875,5157.08447265625,5048.9990234375,5083.27685546875,444742751
2026-03-10,5195.64208984375,5237.45751953125,5133.818359375,5146.4404296875,449580260
2026-03-11,5144.99365234375,5218.94091796875,5144.9111328125,5195.744140625,284945367
2026-03-12,5111.07470703125,5187.41259765625,5076.0888671875,5144.75244140625,311506359
2026-03-13,5029.34423828125,5128.43408203125,5013.28564453125,5111.05078125,427287454
2026-03-14,5021.23486328125,5042.86572265625,5019.8388671875,5029.34423828125,106888953
2026-03-15,4984.1162109375,5024.97216796875,4974.23291015625,5021.23486328125,184074278
2026-03-16,5000.9228515625,5026.6572265625,4966.57763671875,4985.404296875,329380757
2026-03-17,4994.1279296875,5025.3671875,4977.1796875,5000.90673828125,208848352
2026-03-18,4827.228515625,5007.0517578125,4803.2021484375,4994.11181640625,540109298
2026-03-19,4654.67138671875,4854.27197265625,4534.7275390625,4827.115234375,764931465
2026-03-20,4509.33447265625,4738.2587890625,4502.55615234375,4654.63720703125,555289373
2026-03-21,4504.21630859375,4528.64111328125,4503.60302734375,4509.34716796875,130516380
2026-03-22,4471.259765625,4532.4326171875,4467.72216796875,4504.2314453125,266681952
2026-03-23,4444.1826171875,4498.6005859375,4150.93212890625,4471.2021484375,1522193090
2026-03-24,4548.10546875,4548.2001953125,4324.2705078125,4444.18408203125,671416824
2026-03-25,4499.9892578125,4594.74609375,4496.84619140625,4548.2041015625,535146071
2026-03-26,4406.93994140625,4538.44384765625,4359.76123046875,4499.994140625,514313800
2026-03-27,4499.17333984375,4546.03662109375,4384.46044921875,4406.93994140625,389276421
2026-03-28,4497.9765625,4506.37646484375,4485.16455078125,4499.169921875,128940747
2026-03-29,4452.71044921875,4519.587890625,4451.41650390625,4497.98486328125,179538641
2026-03-30,4507.97314453125,4571.29345703125,4429.2548828125,4452.66796875,381509751
2026-03-31,4683.30615234375,4683.30615234375,4483.78662109375,4507.9443359375,490102271
2026-04-01,4767.40576171875,4779.42626953125,4657.58349609375,4683.33056640625,477317217
2026-04-02,4668.07666015625,4779.94677734375,4556.30517578125,4767.4345703125,536341860
2026-04-03,4648.1611328125,4668.49365234375,4644.00927734375,4668.07666015625,106353474
2026-04-04,4649.1181640625,4657.21484375,4646.548828125,4648.15966796875,54427374
2026-04-05,4601.5048828125,4650.9150390625,4595.84765625,4649.1181640625,214167897
2026-04-06,4643.5390625,4689.85498046875,4592.7177734375,4601.51220703125,286197993
2026-04-07,4794.943359375,4798.47900390625,4599.5068359375,4643.48291015625,424469059
2026-04-08,4700.63037109375,4824.27197265625,4687.162109375,4795.73046875,426297203
2026-04-09,4747.31787109375,4785.48876953125,4688.31787109375,4700.654296875,328129691
2026-04-10,4735.64111328125,4776.51611328125,4721.72216796875,4747.31787109375,188779005
2026-04-11,4733.71923828125,4739.6318359375,4729.794921875,4735.64111328125,70435087
2026-04-12,4652.7919921875,4736.7265625,4633.599609375,4733.71923828125,166799533
2026-04-13,4742.3955078125,4751.8125,4651.2587890625,4652.822265625,346051288
2026-04-14,4828.4228515625,4839.9326171875,4740.09765625,4742.55078125,365734641
2026-04-15,4812.73828125,4858.23193359375,4781.0751953125,4828.4228515625,221127315
2026-04-16,4777.44384765625,4823.9599609375,4767.24951171875,4812.73828125,241778683
2026-04-17,4821.47607421875,4864.5712890625,4756.68994140625,4777.44384765625,313135595
2026-04-18,4777.1845703125,4829.91162109375,4777.10888671875,4821.43017578125,98856951
2026-04-19,4738.798828125,4796.82666015625,4735.857421875,4777.15478515625,148448634
2026-04-20,4807.7041015625,4816.45166015625,4737.4345703125,4738.822265625,252997163
2026-04-21,4729.26611328125,4814.3720703125,4663.53369140625,4807.7041015625,236800371
2026-04-22,4714.892578125,4757.8447265625,4713.0048828125,4729.26611328125,193988880
2026-04-23,4687.91357421875,4735.4677734375,4669.154296875,4714.89111328125,192254244
2026-04-24,4697.42529296875,4722.044921875,4654.41650390625,4687.7861328125,155190141
2026-04-25,4692.419921875,4702.93798828125,4692.28564453125,4697.42529296875,38116265
2026-04-26,4675.0712890625,4710.2333984375,4671.072265625,4692.3876953125,67033123
2026-04-27,4684.798828125,4717.60107421875,4660.39111328125,4675.0712890625,139669728
2026-04-28,4586.419921875,4689.5908203125,4555.703125,4684.7783203125,227199498
2026-04-29,4551.4296875,4601.86865234375,4510.283203125,4586.419921875,203821703
2026-04-30,4618.77001953125,4634.1005859375,4535.19580078125,4551.6904296875,152114990
2026-05-01,4604.0791015625,4646.50830078125,4558.51611328125,4618.72119140625,159207773
2026-05-02,4597.361328125,4604.1416015625,4595.3017578125,4604.0791015625,39449157
2026-05-03,4607.44873046875,4635.8720703125,4595.5380859375,4597.361328125,74355834
2026-05-04,4515.73046875,4607.537109375,4506.7451171875,4607.4453125,224852603
2026-05-05,4583.22998046875,4583.56787109375,4513.0498046875,4515.73046875,154740423
2026-05-06,4685.2685546875,4708.07421875,4579.96337890625,4583.22998046875,269379115
2026-05-07,4695.97412109375,4753.1943359375,4674.50390625,4685.2880859375,342816001
2026-05-08,4706.30517578125,4736.681640625,4689.16650390625,4696.0419921875,175404500
2026-05-09,4711.15576171875,4714.65576171875,4702.2900390625,4706.30517578125,47524096
2026-05-10,4689.40771484375,4722.97509765625,4677.2080078125,4711.15576171875,97219995
2026-05-11,4754.81640625,4754.81640625,4647.8095703125,4689.6630859375,220672795
2026-05-12,4711.0009765625,4759.52978515625,4644.712890625,4754.82421875,216746025
2026-05-13,4685.81005859375,4718.408203125,4665.75244140625,4711.0009765625,161121816
2026-05-14,4647.783203125,4703.6025390625,4642.8681640625,4685.81005859375,171426657
2026-05-15,4540.41552734375,4648.2783203125,4524.69873046875,4647.783203125,299884412
2026-05-16,4535.490234375,4544.33056640625,4516.72216796875,4540.40087890625,104010625
2026-05-17,4534.8125,4549.6474609375,4525.70556640625,4535.490234375,80662347
2026-05-18,4574.75048828125,4579.9619140625,4483.77978515625,4534.90576171875,256862061
2026-05-19,4491.31494140625,4579.22216796875,4477.45166015625,4574.68896484375,178813753
2026-05-20,4535.93505859375,4540.240234375,4458.0859375,4490.91015625,190631643
2026-05-21,4524.57861328125,4558.75732421875,4486.4755859375,4535.93505859375,173333389
2026-05-22,4494.931640625,4530.12744140625,4486.53271484375,4524.53515625,141212862
2026-05-23,4522.34521484375,4522.6328125,4493.2353515625,4494.931640625,89292011
2026-05-24,4562.1640625,4567.31884765625,4511.3115234375,4522.34521484375,141414683
2026-05-25,4548.4677734375,4564.9072265625,4540.55908203125,4562.0146484375,114957823
2026-05-26,4515.7841796875,4548.50927734375,4480.63330078125,4548.4970703125,185587682
2026-05-27,4443.1279296875,4517.927734375,4408.90283203125,4515.83056640625,271835198
2026-05-28,4480.20751953125,4498.14453125,4368.92578125,4443.1279296875,296121740
2026-05-29,4529.62451171875,4575.5927734375,4479.986328125,4480.2373046875,218776262
2026-05-30,4517.13134765625,4530.72802734375,4515.97412109375,4529.6201171875,57595127
2026-05-31,4530.79296875,4532.4443359375,4511.095703125,4517.13134765625,69547680
2026-06-01,4475.79248046875,4531.65576171875,4444.455078125,4530.8798828125,210231491
2026-06-02,4463.0302734375,4527.80322265625,4455.16796875,4475.79248046875,203647672
2026-06-03,4448.11572265625,4482.88330078125,4419.65966796875,4463.0302734375,199783628
2026-06-04,4453.0693359375,4502.51611328125,4435.11572265625,4448.11572265625,238427923
2026-06-05,4320.01220703125,4461.5126953125,4310.2841796875,4453.4423828125,335458647
2026-06-06,4296.80859375,4331.380859375,4288.37646484375,4320.01220703125,107378074
2026-06-07,4334.697265625,4334.79736328125,4294.4599609375,4296.80859375,156528044
2026-06-08,4308.56982421875,4342.767578125,4268.15185546875,4334.662109375,204210115
2026-06-09,4215.26708984375,4337.8330078125,4207.62109375,4308.56689453125,199342655
2026-06-10,4049.58642578125,4218.91748046875,4028.8818359375,4214.99755859375,349630484
2026-06-11,4211.1201171875,4232.9658203125,4043.836669921875,4049.5341796875,295741421
2026-06-12,4209.83251953125,4222.69287109375,4165.21826171875,4211.1875,194323356
2026-06-13,4220.650390625,4226.17578125,4206.45166015625,4209.83251953125,49925794
2026-06-14,4286.2568359375,4297.73974609375,4215.23779296875,4220.650390625,116233503
2026-06-15,4306.87744140625,4356.400390625,4283.3125,4286.2568359375,158716981
2026-06-16,4319.31689453125,4341.96435546875,4297.98681640625,4306.86962890625,129672253
2026-06-17,4265.73486328125,4367.38525390625,4217.78759765625,4319.31689453125,231472620
2026-06-18,4180.39892578125,4316.51513671875,4180.2578125,4265.7890625,128193162
2026-06-19,4151.90771484375,4185.0849609375,4117.55322265625,4180.39892578125,99407392
2026-06-20,4149.44677734375,4157.4697265625,4145.6943359375,4151.92724609375,44069936
2026-06-21,4134.23193359375,4159.287109375,4132.09130859375,4149.4453125,48124255
2026-06-22,4179.84033203125,4204.9208984375,4133.67822265625,4134.23193359375,102978119
2026-06-23,4091.5751953125,4185.62451171875,4077.505859375,4179.84033203125,145206921
2026-06-24,4007.2138671875,4101.06494140625,3963.447021484375,4091.587646484375,248610591
2026-06-25,4008.37060546875,4034.943359375,3964.004638671875,4007.2177734375,168625657
2026-06-26,4076.42822265625,4083.049072265625,3980.35791015625,4008.336181640625,140939249
2026-06-27,4069.586181640625,4077.122802734375,4065.353515625,4076.43212890625,41103800
2026-06-28,4053.93408203125,4073.4287109375,4045.121337890625,4069.586181640625,59871389
2026-06-29,4007.720947265625,4063.791015625,3998.423828125,4053.93408203125,97309904
2026-06-30,3999.095458984375,4049.3291015625,3950.903564453125,4007.720947265625,242154707
2026-07-01,4029.442138671875,4101.53076171875,3956.920654296875,3999.1181640625,194228139
2026-07-02,4120.0087890625,4132.3232421875,4028.47705078125,4029.436767578125,164094467
2026-07-03,4166.45947265625,4180.31884765625,4118.9912109375,4120.00439453125,114203799
2026-07-04,4164.49365234375,4168.2578125,4156.16552734375,4166.4677734375,47939532
2026-07-05,4175.6865234375,4189.70361328125,4160.1015625,4164.47216796875,53899488
2026-07-06,4152.48388671875,4190.7060546875,4125.0771484375,4175.6865234375,113564751
2026-07-07,4092.410888671875,4167.7890625,4090.8671875,4152.470703125,143444085
2026-07-08,4069.62353515625,4123.47705078125,4019.51708984375,4092.410888671875,144138779
2026-07-09,4114.41064453125,4125.82080078125,4049.41455078125,4069.65185546875,105758482
2026-07-10,4110.74462890625,4122.10888671875,4082.57666015625,4114.5693359375,103411268
2026-07-11,4100.0029296875,4112.18359375,4098.86962890625,4110.74462890625,39156343
2026-07-12,4074.627685546875,4100.57861328125,4064.176513671875,4099.99560546875,51724341
2026-07-13,3992.321533203125,4082.516357421875,3986.817626953125,4074.635009765625,132613809
2026-07-14,4046.171875,4086.01123046875,3982.01513671875,3992.34814453125,144374253
2026-07-15,4048.7763671875,4066.347412109375,4013.35986328125,4046.176025390625,98718648
2026-07-16,3977.87548828125,4050.493896484375,3969.841064453125,4048.7763671875,132066434
2026-07-17,4003.6015625,4011.8125,3960.73779296875,3977.896728515625,106553705
2026-07-18,4008.41796875,4012.513427734375,4003.017822265625,4003.581298828125,35341287
2026-07-19,3989.054931640625,4010.390380859375,3985.7763671875,4008.426025390625,41676644
2026-07-20,4002.884765625,4025.593505859375,3983.8544921875,3989.054931640625,118747834
2026-07-21,4072.03076171875,4076.5244140625,4000.877685546875,4002.884765625,153639039
2026-07-22,4123.4501953125,4153.8173828125,4069.8212890625,4071.99853515625,180377541
2026-07-23,4043.264404296875,4130.15478515625,4035.95947265625,4123.44287109375,129943446
2026-07-24,4050.573486328125,4072.037109375,4018.8984375,4043.21875,117057770
2026-07-25,4052.02490234375,4053.243896484375,4045.909912109375,4050.619140625,22151718
2026-07-26,4083.52392578125,4084.89013671875,4050.510009765625,4052.02490234375,55278507
2026-07-27,4062.4287109375,4102.02490234375,4057.434326171875,4083.507568359375,143667143
2026-07-28,4017.01123046875,4062.925048828125,4007.8076171875,4062.44384765625,117377229
2026-07-29,4078.895751953125,4097.86767578125,3993.961181640625,4017.01123046875,171900366
2026-07-30,4098.5625,4107.64306640625,4028.34423828125,4078.926025390625,165335451
2026-07-31,4043.583740234375,4098.60205078125,4021.554443359375,4098.5625,132628614
2026-08-01,4044.826904296875,4046.6201171875,4034.32177734375,4043.591552734375,25958175
2026-08-02,4066.402587890625,4071.748046875,4044.504638671875,4044.794921875,63180628
2026-08-03,4047.6044921875,4069.313232421875,4020.74853515625,4066.410888671875,106994133
2026-08-04,4064.322265625,4093.1484375,4040.266845703125,4047.587158203125,129489697
2026-08-05,4265.63232421875,4268.099609375,4064.33349609375,4064.451171875,305183376
2026-08-06,4244.072265625,4289.66943359375,4218.19140625,4265.64697265625,192981473
2026-08-07,4340.7705078125,4356.99853515625,4225.74267578125,4244.0390625,225566239
2026-08-08,4343.48876953125,4344.97998046875,4331.80029296875,4340.79443359375,51181941
2026-08-09,4331.46240234375,4357.10400390625,4331.10400390625,4343.48876953125,60415943
2026-08-10,4390.552734375,4390.552734375,4307.28125,4331.46875,191668744
2026-08-11,4364.71484375,4423.177734375,4354.24658203125,4390.5458984375,221801728
2026-08-12,4401.5400390625,4426.427734375,4363.712890625,4364.736328125,208697973
2026-08-13,4353.865234375,4430.47412109375,4342.7314453125,4401.57666015625,187670868
2026-08-14,4374.42626953125,4387.6416015625,4314.45654296875,4353.865234375,157246444
2026-08-15,4374.23486328125,4377.22119140625,4370.7431640625,4374.42626953125,38969712
2026-08-16,4364.1181640625,4377.3466796875,4362.73974609375,4374.23486328125,47050841
2026-08-17,4413.7080078125,4417.59375,4363.44775390625,4364.0888671875,161239377
2026-08-18,4332.75439453125,4423.88330078125,4329.05126953125,4413.7080078125,164841490
2026-08-19,4496.87548828125,4514.2119140625,4329.51953125,4332.75439453125,354430924
2026-08-20,4513.38232421875,4523.84375,4443.16259765625,4496.86669921875,300646775
2026-08-21,4598.94677734375,4616.3359375,4498.04296875,4513.38037109375,319763853
2026-08-22,4586.66064453125,4599.826171875,4575.28173828125,4599.12744140625,112950275
2026-08-23,4611.45068359375,4611.546875,4585.44384765625,4586.66064453125,132560589
2026-08-24,4671.80908203125,4671.8759765625,4596.50732421875,4611.462890625,267614933
2026-08-25,4648.12109375,4686.75390625,4598.74658203125,4671.85498046875,238892270
2026-08-26,4616.73388671875,4658.80126953125,4582.59765625,4647.44384765625,179774921
2026-08-27,4588.3125,4633.49462890625,4566.2197265625,4616.7119140625,175928497
2026-08-28,4462.6953125,4607.35693359375,4451.0087890625,4588.29150390625,285981895
2026-08-29,4464.5947265625,4464.71142578125,4455.04443359375,4462.708984375,54799437
2026-08-30,4447.748046875,4474.41259765625,4437.2451171875,4464.5947265625,99610799
2026-08-31,4447.16064453125,4464.76025390625,4403.13916015625,4448.0048828125,191224448
2026-09-01,4339.46044921875,4458.34375,4336.11279296875,4447.1884765625,224290921
2026-09-02,4393.13720703125,4399.92822265625,4294.982421875,4339.50390625,281074059
2026-09-03,4479.80419921875,4508.794921875,4391.2021484375,4393.15380859375,216548270
2026-09-04,4432.97021484375,4486.255859375,4385.11669921875,4479.82275390625,227424149
