open,high,low,close,volume,date
0.2537,0.25615,0.24562,0.25053,275408.1461,2020-11-09
0.25053,0.26467,0.2481,0.25378,210122.7037,2020-11-10
0.25378,0.25984,0.25227,0.25582,282364.2617,2020-11-11
0.25582,0.25819,0.25245,0.2549,262433.8952,2020-11-12
0.2549,0.26572,0.25371,0.26563,273466.985,2020-11-13
0.26563,0.27719,0.26148,0.26815,272003.0154,2020-11-14
0.26815,0.27675,0.26402,0.26961,233462.9447,2020-11-15
0.26961,0.28993,0.26739,0.28776,170321.1053,2020-11-16
0.28776,0.30504,0.28725,0.30249,250018.4266,2020-11-17
0.30249,0.30799,0.28145,0.29332,278133.481,2020-11-18
0.29332,0.30659,0.28401,0.30374,193194.8519,2020-11-19
0.30374,0.33088,0.29688,0.32987,109781.1968,2020-11-20
0.32987,0.46883,0.32934,0.46275,138330.3068,2020-11-21
0.46275,0.49618,0.40463,0.44614,260938.1935,2020-11-22
0.44614,0.6197,0.43253,0.61627,223595.8258,2020-11-23
0.61627,0.78018,0.56979,0.69308,123252.8409,2020-11-24
0.69308,0.72327,0.58409,0.63097,263343.0295,2020-11-25
0.63097,0.65173,0.4577,0.5363,262383.0457,2020-11-26
0.5363,0.58613,0.50364,0.56172,249741.7536,2020-11-27
0.56172,0.64799,0.53925,0.626,264525.1935,2020-11-28
0.626,0.6367,0.58352,0.6051,264906.7846,2020-11-29
0.6051,0.67801,0.59958,0.66406,300406.7638,2020-11-30
0.66406,0.68058,0.57846,0.61111,306258.8026,2020-12-01
0.61111,0.63665,0.59524,0.63055,313858.1746,2020-12-02
0.63055,0.64167,0.615,0.63046,297476.9203,2020-12-03
0.63046,0.63414,0.54309,0.55398,184589.6646,2020-12-04
0.55398,0.59609,0.54889,0.58514,154492.696,2020-12-05
0.58514,0.62796,0.57936,0.62109,171281.7855,2020-12-06
0.62109,0.62379,0.59103,0.60806,242514.55,2020-12-07
0.60806,0.61037,0.55059,0.55898,214178.3129,2020-12-08
0.55898,0.60461,0.50412,0.58293,198986.3273,2020-12-09
0.58293,0.58819,0.55355,0.57186,124255.3343,2020-12-10
0.57186,0.58686,0.52667,0.547,232990.9095,2020-12-11
0.547,0.54945,0.48568,0.50617,168842.4068,2020-12-12
0.50617,0.52763,0.48605,0.51398,259248.9963,2020-12-13
0.51398,0.51852,0.4892,0.4974,350517.9444,2020-12-14
0.4974,0.50712,0.46456,0.468,277538.7542,2020-12-15
0.468,0.57391,0.43832,0.57031,305062.1823,2020-12-16
0.57031,0.65837,0.54089,0.57715,311692.2139,2020-12-17
0.57715,0.61325,0.55117,0.58347,344085.3599,2020-12-18
0.58347,0.60352,0.56586,0.57641,372814.3337,2020-12-19
0.57641,0.58646,0.53241,0.55615,240780.028,2020-12-20
0.55615,0.5691,0.5,0.51461,406330.7993,2020-12-21
0.51461,0.52189,0.40261,0.44752,388374.0923,2020-12-22
0.44752,0.44836,0.2149,0.26039,395591.0356,2020-12-23
0.26039,0.37676,0.24101,0.338,219924.8304,2020-12-24
0.338,0.38407,0.27992,0.31807,186330.4181,2020-12-25
0.31807,0.3274,0.28351,0.29439,223524.4532,2020-12-26
0.29439,0.31144,0.26709,0.28388,184268.2024,2020-12-27
0.28388,0.31,0.23564,0.24832,206192.5459,2020-12-28
0.24832,0.425,0.17334,0.22136,508295.9837,2020-12-29
0.22136,0.23652,0.19226,0.21141,591590.5471,2020-12-30
0.21141,0.22951,0.20511,0.21928,260519.5715,2020-12-31
0.21928,0.25007,0.21599,0.23728,338085.5124,2021-01-01
0.23728,0.23816,0.21097,0.22104,214510.1764,2021-01-02
0.22104,0.23841,0.21523,0.22523,229821.2668,2021-01-03
0.22523,0.2602,0.21619,0.2357,350734.5599,2021-01-04
0.2357,0.24258,0.21774,0.22555,268438.8999,2021-01-05
0.22555,0.27277,0.22141,0.24871,495360.0911,2021-01-06
0.24871,0.37191,0.2454,0.32385,490678.6824,2021-01-07
0.32385,0.34661,0.28509,0.32057,429000.5904,2021-01-08
0.32057,0.33926,0.30586,0.32478,350708.1656,2021-01-09
0.32478,0.36764,0.28769,0.31487,634042.6402,2021-01-10
0.31487,0.31613,0.25346,0.28733,244177.6837,2021-01-11
0.28733,0.30985,0.27769,0.29242,354439.259,2021-01-12
0.29242,0.30991,0.28496,0.30577,420965.3657,2021-01-13
0.30577,0.30888,0.28339,0.29658,207781.8291,2021-01-14
0.29658,0.30336,0.26143,0.28013,264435.8154,2021-01-15
0.28013,0.29653,0.27511,0.27919,313412.1351,2021-01-16
0.27919,0.2856,0.2685,0.27753,346755.0859,2021-01-17
0.27753,0.28871,0.27152,0.28526,420097.8406,2021-01-18
0.28526,0.3288,0.28397,0.29412,492805.736,2021-01-19
0.29412,0.31136,0.2803,0.29522,435455.1418,2021-01-20
0.29522,0.30729,0.2,0.26787,297607.294,2021-01-21
0.26787,0.278,0.24001,0.27262,287324.3505,2021-01-22
0.27262,0.28349,0.26544,0.27164,479582.9027,2021-01-23
0.27164,0.27792,0.2683,0.27346,453427.7544,2021-01-24
0.27346,0.28487,0.26684,0.26759,370520.7663,2021-01-25
0.26759,0.27098,0.25784,0.2683,515168.71,2021-01-26
0.2683,0.26869,0.026,0.25053,355716.559,2021-01-27
0.25053,0.27004,0.24703,0.26407,487052.3439,2021-01-28
0.26407,0.31674,0.25996,0.28279,277688.5168,2021-01-29
0.28279,0.51505,0.27875,0.44355,642013.4783,2021-01-30
0.44355,0.50862,0.38807,0.495,356504.2542,2021-01-31
0.495,0.75416,0.36009,0.37169,363735.9311,2021-02-01
0.37169,0.41103,0.34079,0.37275,250418.7426,2021-02-02
0.37275,0.41846,0.37259,0.39719,424416.5926,2021-02-03
0.39719,0.4802,0.37981,0.4443,286638.9658,2021-02-04
0.4443,0.47124,0.42436,0.45219,276956.9909,2021-02-05
0.45219,0.45724,0.42675,0.44291,252476.3302,2021-02-06
0.44291,0.45062,0.39427,0.41826,274098.9019,2021-02-07
0.41826,0.46736,0.41239,0.45115,276761.9702,2021-02-08
0.45115,0.4898,0.44917,0.47664,492378.9218,2021-02-09
0.47664,0.54112,0.45008,0.50443,283802.3185,2021-02-10
0.50443,0.5364,0.50026,0.52811,494066.096,2021-02-11
0.52811,0.61952,0.51939,0.60877,465042.9027,2021-02-12
0.60877,0.6425,0.54564,0.63265,601766.1175,2021-02-13
0.63265,0.6398,0.56136,0.59184,401172.5413,2021-02-14
0.59184,0.60435,0.51021,0.55021,396781.4308,2021-02-15
0.55021,0.57997,0.482,0.51986,367714.4275,2021-02-16
0.51986,0.55708,0.49398,0.53428,314534.82,2021-02-17
0.53428,0.55968,0.52005,0.53202,394927.6191,2021-02-18
0.53202,0.58079,0.51365,0.56434,269020.229,2021-02-19
0.56434,0.58221,0.47402,0.51196,445849.3005,2021-02-20
0.51196,0.5586,0.34,0.54384,496879.1303,2021-02-21
0.54384,0.64772,0.51,0.56558,795224.7519,2021-02-22
0.56558,0.611,0.36344,0.47608,798953.6707,2021-02-23
0.47608,0.49963,0.4512,0.46899,1094742.0148,2021-02-24
0.46899,0.48208,0.4254,0.43549,643107.0542,2021-02-25
0.43549,0.45042,0.41128,0.4281,355825.4766,2021-02-26
0.4281,0.45864,0.42714,0.43604,466177.8882,2021-02-27
0.43604,0.43838,0.3929,0.41559,359501.4287,2021-02-28
0.41559,0.45397,0.41211,0.44526,544952.459,2021-03-01
0.44526,0.4547,0.42223,0.4357,239030.9485,2021-03-02
0.4357,0.46758,0.43001,0.44831,348277.4701,2021-03-03
0.44831,0.4941,0.43512,0.48094,567934.0756,2021-03-04
0.48094,0.48449,0.44616,0.45482,564224.6157,2021-03-05
0.45482,0.47065,0.44826,0.46241,668250.6131,2021-03-06
0.46241,0.4689,0.45701,0.46582,479681.2611,2021-03-07
0.46582,0.48956,0.45487,0.47409,667269.626,2021-03-08
0.47409,0.48727,0.47114,0.48478,548993.8823,2021-03-09
0.48478,0.48834,0.45484,0.46159,428103.9198,2021-03-10
0.46159,0.46425,0.441,0.45177,814957.0915,2021-03-11
0.45177,0.46478,0.4244,0.43946,661872.4203,2021-03-12
0.43946,0.46635,0.4244,0.45768,512673.2595,2021-03-13
0.45768,0.46157,0.43883,0.43904,938280.104,2021-03-14
0.43904,0.44824,0.3,0.43546,1377731.8791,2021-03-15
0.43546,0.52006,0.4274,0.46051,450844.7155,2021-03-16
0.46051,0.48231,0.45404,0.46998,662594.9575,2021-03-17
0.46998,0.49055,0.46578,0.46895,467503.8076,2021-03-18
0.46895,0.47528,0.45915,0.4665,504763.9464,2021-03-19
0.4665,0.54996,0.46437,0.52596,618180.0999,2021-03-20
0.52596,0.54637,0.4952,0.51669,312799.9572,2021-03-21
0.51669,0.59999,0.50085,0.54398,577504.9504,2021-03-22
0.54398,0.59633,0.53789,0.54872,504884.5514,2021-03-23
0.54872,0.56296,0.4527,0.48057,414288.8528,2021-03-24
0.48057,0.539,0.45627,0.51074,437756.1451,2021-03-25
0.51074,0.57598,0.51032,0.56343,238954.7006,2021-03-26
0.56343,0.57439,0.53425,0.54754,293229.3682,2021-03-27
0.54754,0.56043,0.53889,0.54544,303389.1972,2021-03-28
0.54544,0.57056,0.54339,0.56527,377975.7322,2021-03-29
0.56527,0.58714,0.55903,0.56208,363161.8805,2021-03-30
0.56208,0.57613,0.52711,0.5698,499163.8821,2021-03-31
0.5698,0.59475,0.54941,0.57091,477870.2912,2021-04-01
0.57091,0.60949,0.56524,0.60688,526419.0666,2021-04-02
0.60688,0.64237,0.57392,0.57861,286861.5661,2021-04-03
0.57861,0.63585,0.56689,0.63499,469449.3052,2021-04-04
0.63499,0.93832,0.61932,0.91441,548672.3794,2021-04-05
0.91441,1.11619,0.81054,1.09467,329433.2228,2021-04-06
1.09467,1.10571,0.85728,0.91653,500240.5666,2021-04-07
0.91653,1.0723,0.90259,1.05581,307036.0795,2021-04-08
1.05581,1.08423,0.98157,1.01833,266019.7135,2021-04-09
1.01833,1.39728,1.007,1.37146,349211.8365,2021-04-10
1.37146,1.49627,1.30559,1.35087,844625.6636,2021-04-11
1.35087,1.47408,1.31841,1.47095,906754.9208,2021-04-12
1.47095,1.88893,1.41941,1.79607,1120145.5052,2021-04-13
1.79607,1.96592,1.56614,1.83441,783682.5922,2021-04-14
1.83441,1.88506,1.65293,1.75811,1695273.9452,2021-04-15
1.75811,1.80836,1.41637,1.54728,819518.5228,2021-04-16
1.54728,1.74006,1.53129,1.53908,672712.8978,2021-04-17
1.53908,1.56443,1.14725,1.4084,1089185.2946,2021-04-18
1.4084,1.62,1.25262,1.30966,599410.5828,2021-04-19
1.30966,1.44376,1.1793,1.38513,491285.6112,2021-04-20
1.38513,1.46418,1.28108,1.28976,482100.4798,2021-04-21
1.28976,1.41783,1.09258,1.15671,503539.4164,2021-04-22
1.15671,1.19638,0.88643,1.16945,857549.3476,2021-04-23
1.16945,1.17107,1.02241,1.04978,338842.9922,2021-04-24
1.04978,1.1539,0.94929,1.03553,381774.1882,2021-04-25
1.03553,1.36954,1.01468,1.36486,689146.3362,2021-04-26
1.36486,1.46151,1.3321,1.40279,318172.9504,2021-04-27
1.40279,1.44671,1.28763,1.35589,292992.4826,2021-04-28
1.3582,1.4179,1.32855,1.39749,292351.1632,2021-04-29
1.39726,1.6358,1.37546,1.59842,352997.7155,2021-04-30
1.60009,1.65949,1.5324,1.65175,270701.0201,2021-05-01
1.65192,1.65597,1.53,1.56153,227431.4515,2021-05-02
1.5603,1.6203,1.51,1.5552,305909.9356,2021-05-03
1.555,1.5568,1.3293,1.3848,358995.1792,2021-05-04
1.3865,1.6212,1.3726,1.613,466017.9862,2021-05-05
1.6218,1.7511,1.5305,1.6024,378080.926,2021-05-06
1.6036,1.6915,1.5087,1.57971,428283.2435,2021-05-07
1.57981,1.62713,1.54009,1.56182,775384.9336,2021-05-08
1.56099,1.595,1.42516,1.53357,909684.0485,2021-05-09
1.5349,1.6268,1.21582,1.38966,1853621.3443,2021-05-10
1.39156,1.48863,1.3562,1.4775,1208706.971,2021-05-11
1.4779,1.54781,1.23886,1.26772,1661108.667,2021-05-12
1.27067,1.39029,1.19707,1.36305,1703031.0149,2021-05-13
1.36508,1.44793,1.32061,1.3999,1528156.7982,2021-05-14
1.40201,1.58318,1.3214,1.49002,1400035.1073,2021-05-15
1.49246,1.61266,1.34094,1.44884,1167837.8589,2021-05-16
1.44822,1.56458,1.32413,1.49572,1997652.8117,2021-05-17
1.49778,1.70553,1.4719,1.58847,1933424.015,2021-05-18
1.58782,1.64494,0.85064,1.06062,1944697.6939,2021-05-19
1.05634,1.26579,0.90638,1.18171,1211776.0913,2021-05-20
1.17945,1.22018,0.86607,1.00872,1187606.1383,2021-05-21
1.0083,1.01734,0.81432,0.90616,1122644.9813,2021-05-22
0.90518,0.96768,0.64869,0.79278,969113.8322,2021-05-23
0.7893,0.99871,0.75446,0.99026,916297.5554,2021-05-24
0.99281,1.056,0.87852,0.97285,1094429.164,2021-05-25
0.97245,1.06997,0.94521,1.03334,1610427.7449,2021-05-26
1.03292,1.04307,0.9316,0.97245,1595786.9593,2021-05-27
1.2538,1.32,1.23809,1.30772,1711091.2658,2021-09-05
1.30574,1.41577,1.285,1.38995,2199755.5378,2021-09-06
1.38995,1.448,0.95915,1.12831,4886518.304,2021-09-07
1.12831,1.14878,1.01201,1.0983,3839172.3559,2021-09-08
1.0983,1.13821,1.07348,1.08573,2462754.5789,2021-09-09
1.08573,1.24474,1.03101,1.05489,2790439.8196,2021-09-10
1.05489,1.11235,1.04938,1.07715,1953263.0434,2021-09-11
1.07715,1.12838,1.032,1.11815,2117482.8773,2021-09-12
1.11815,1.12731,1.02544,1.0629,2450733.3974,2021-09-13
1.0629,1.09877,1.05592,1.09482,1415216.9607,2021-09-14
1.09482,1.12838,1.07774,1.12145,1608406.9267,2021-09-15
1.12145,1.12837,1.06612,1.09069,1676639.664,2021-09-16
1.09069,1.10383,1.05,1.06586,1923507.3595,2021-09-17
1.06586,1.0956,1.05542,1.0754,1655807.2154,2021-09-18
1.0754,1.08478,1.0385,1.04727,1896329.4617,2021-09-19
1.04727,1.05095,0.87533,0.92269,3261774.1776,2021-09-20
0.92269,0.96017,0.85776,0.87339,2785799.9823,2021-09-21
0.87339,1.01,0.86759,1.00231,2739591.5105,2021-09-22
1.00231,1.03,0.96773,1.00179,3222426.3362,2021-09-23
1.00179,1.00369,0.88721,0.94296,3183700.2334,2021-09-24
0.94296,0.95692,0.916,0.94001,2960335.8488,2021-09-25
0.94001,0.95781,0.89089,0.94419,2400358.6783,2021-09-26
0.94419,0.98209,0.91905,0.92124,3362705.3249,2021-09-27
0.92124,0.94158,0.88975,0.89226,2641740.6389,2021-09-28
0.89226,0.99426,0.88556,0.92656,2636906.7143,2021-09-29
0.92656,0.96434,0.92085,0.95206,2579441.4356,2021-09-30
0.95206,1.06688,0.94325,1.04186,3507699.6273,2021-10-01
1.04186,1.06998,1.00708,1.03732,2538622.6645,2021-10-02
1.03732,1.08933,1.02006,1.05386,2137115.5605,2021-10-03
1.05386,1.0604,0.999,1.04196,1953705.4291,2021-10-04
1.04196,1.08694,1.03732,1.083,2075835.3905,2021-10-05
1.083,1.10871,1.01678,1.07669,3782266.5877,2021-10-06
1.07669,1.09429,1.04365,1.06836,2789965.7089,2021-10-07
1.06836,1.09338,1.05419,1.06203,2803567.2358,2021-10-08
1.06203,1.20979,1.05534,1.15885,2235068.3189,2021-10-09
1.15885,1.23012,1.12694,1.13442,2564958.5943,2021-10-10
1.13442,1.18249,1.104,1.13737,2858626.4284,2021-10-11
1.13737,1.1376,1.06435,1.10076,3137710.3035,2021-10-12
1.10076,1.13911,1.06,1.12739,3113606.8158,2021-10-13
1.12739,1.15904,1.115,1.13224,2672674.61,2021-10-14
1.13224,1.1659,1.0943,1.13989,4433084.5727,2021-10-15
1.13989,1.18704,1.09565,1.1347,2522943.071,2021-10-16
1.1347,1.145,1.02146,1.09287,2082878.6879,2021-10-17
1.09287,1.10712,1.057,1.08466,3283013.0678,2021-10-18
1.08466,1.122,1.06708,1.0903,2545941.6161,2021-10-19
1.0903,1.15283,1.0815,1.14493,3974633.2261,2021-10-20
1.14493,1.16336,1.08407,1.08853,4005425.5036,2021-10-21
1.08853,1.12672,1.07694,1.08831,3097160.5595,2021-10-22
1.08831,1.10186,1.07694,1.09259,2526004.1197,2021-10-23
1.09259,1.09631,1.0415,1.08157,2420397.5267,2021-10-24
1.08157,1.13487,1.07617,1.09571,2336391.5099,2021-10-25
1.09571,1.15968,1.09153,1.10678,3117548.5503,2021-10-26
1.10678,1.12608,0.94731,0.99407,4828625.9388,2021-10-27
0.99407,1.08255,0.98,1.05745,3962646.0479,2021-10-28
1.05745,1.0887,1.05385,1.08016,3302878.8291,2021-10-29
1.08016,1.12,1.05933,1.08598,2663670.7845,2021-10-30
1.08598,1.15547,1.07007,1.11281,3355101.9509,2021-10-31
1.11281,1.13268,1.06639,1.09025,2911447.508,2021-11-01
1.09025,1.14786,1.08402,1.13391,3104966.8982,2021-11-02
1.13391,1.2345,1.12509,1.20838,3752811.6179,2021-11-03
1.20838,1.25806,1.159,1.19905,3251847.3776,2021-11-04
1.19905,1.20275,1.13287,1.15711,2293531.4714,2021-11-05
1.15711,1.17482,1.10159,1.15263,2517082.7452,2021-11-06
1.15263,1.23744,1.1436,1.21938,2241400.96,2021-11-07
1.21938,1.29717,1.195,1.28309,5302244.0776,2021-11-08
1.28309,1.28892,1.22756,1.25588,4148623.0401,2021-11-09
1.25588,1.35,1.12058,1.192,5067631.7257,2021-11-10
1.192,1.25405,1.17309,1.21469,3580381.6817,2021-11-11
1.21469,1.236,1.14,1.1883,3214981.1051,2021-11-12
1.1883,1.20366,1.16727,1.18912,2411692.8001,2021-11-13
1.18912,1.19927,1.16762,1.18794,1980446.5696,2021-11-14
1.18794,1.22,1.16543,1.17238,3391655.2685,2021-11-15
1.17238,1.17238,1.03555,1.08761,5724309.2886,2021-11-16
1.08761,1.11293,1.028,1.09533,4602377.5745,2021-11-17
1.09533,1.16125,1.01616,1.0409,3870401.1093,2021-11-18
1.0409,1.10258,1.01616,1.0893,4072880.5024,2021-11-19
1.0893,1.10258,1.06069,1.09743,2941400.0642,2021-11-20
1.09743,1.09792,1.05576,1.05777,2036968.3058,2021-11-21
1.05777,1.07138,1.0099,1.03633,3509594.6664,2021-11-22
1.03633,1.07161,1.01304,1.06609,3040645.48,2021-11-23
1.06609,1.07327,0.98111,1.03274,3748559.9177,2021-11-24
1.03274,1.06431,1.02,1.04293,3708754.8648,2021-11-25
1.04293,1.04668,0.76755,0.94013,6512805.5631,2021-11-26
0.94013,0.96542,0.93368,0.94533,2379367.7207,2021-11-27
0.94533,1.0,0.88248,0.96901,2891975.7984,2021-11-28
0.96901,1.00196,0.963,0.98996,3739163.9802,2021-11-29
0.98996,1.035,0.95999,0.99782,5073313.0774,2021-11-30
0.99782,1.045,0.9801,0.98976,3600902.6071,2021-12-01
0.98976,1.01699,0.95034,0.97199,3908870.4291,2021-12-02
0.97199,0.98348,0.89117,0.92134,5493462.8332,2021-12-03
0.92134,0.92465,0.59848,0.84585,8214282.5931,2021-12-04
0.84585,0.86151,0.77148,0.80427,4370475.1421,2021-12-05
0.80418,0.82992,0.74951,0.82639,3801303.7299,2021-12-06
0.82639,0.84519,0.80408,0.8153,4666673.039,2021-12-07
0.8153,0.88393,0.80399,0.86172,4044831.0742,2021-12-08
0.86172,0.933,0.83241,0.85876,4507650.1842,2021-12-09
0.85876,0.88334,0.79182,0.79917,3560261.6006,2021-12-10
0.79917,0.85,0.7857,0.83763,3659979.3718,2021-12-11
0.83763,0.85682,0.80904,0.83918,3946172.012,2021-12-12
0.83918,0.84447,0.761,0.78168,4811285.4262,2021-12-13
0.78168,0.82156,0.77276,0.81074,4105645.608,2021-12-14
0.81074,0.83965,0.77735,0.82639,4372635.2947,2021-12-15
0.82639,0.843,0.80329,0.80488,4396558.3928,2021-12-16
0.80488,0.83186,0.77585,0.79664,3943244.7637,2021-12-17
0.79664,0.83429,0.79094,0.82621,2733349.8567,2021-12-18
0.82621,0.84832,0.81909,0.83484,3117167.7029,2021-12-19
0.83484,0.91482,0.82434,0.8794,5223551.6112,2021-12-20
0.8794,0.96059,0.85001,0.94698,3784904.7593,2021-12-21
0.94698,0.97317,0.92378,0.95403,3679598.6914,2021-12-22
0.95403,1.04,0.93784,0.99415,4357164.74,2021-12-23
0.99415,0.99684,0.89788,0.91089,2396944.7682,2021-12-24
0.91089,0.93409,0.89889,0.92527,2577558.8388,2021-12-25
0.92527,0.93343,0.90541,0.91991,4065031.4444,2021-12-26
0.91991,0.95568,0.9149,0.92688,3876348.5622,2021-12-27
0.92688,0.92688,0.84568,0.85149,5245721.5854,2021-12-28
0.85149,0.865,0.81121,0.81704,4929448.3076,2021-12-29
0.81704,0.85929,0.80288,0.83863,4327769.6606,2021-12-30
0.83863,0.85376,0.80252,0.82906,4216965.7203,2021-12-31
0.82906,0.85553,0.82906,0.85011,3858267.5843,2022-01-01
0.85011,0.86524,0.83723,0.85846,3779685.028,2022-01-02
0.85846,0.85852,0.8215,0.83202,3506070.2435,2022-01-03
0.83202,0.8456,0.81505,0.82283,4105313.3294,2022-01-04
0.82283,0.83717,0.70974,0.77168,8004385.1352,2022-01-05
0.77168,0.79078,0.73875,0.77896,5482261.7189,2022-01-06
0.77896,0.7806,0.72917,0.76331,7619746.9293,2022-01-07
0.76331,0.77639,0.72296,0.74523,5850785.4813,2022-01-08
0.74523,0.76681,0.73836,0.7526,4980878.1986,2022-01-09
0.7526,0.7589,0.69855,0.73971,8949811.5095,2022-01-10
0.73971,0.77654,0.73062,0.77013,8540475.3039,2022-01-11
0.77013,0.80717,0.75714,0.7987,7134745.4967,2022-01-12
0.7987,0.804,0.76061,0.7681,6618337.3837,2022-01-13
0.7681,0.79037,0.75224,0.77304,7239828.5894,2022-01-14
0.77304,0.78952,0.76805,0.77922,6521736.6038,2022-01-15
0.77922,0.78446,0.76813,0.77818,4622139.7207,2022-01-16
0.77818,0.78067,0.75,0.7615,5679303.618,2022-01-17
0.7615,0.7689,0.73544,0.75122,5600704.6873,2022-01-18
0.75122,0.75344,0.72336,0.73834,6542233.5785,2022-01-19
0.73834,0.76219,0.71628,0.7199,7893438.0405,2022-01-20
0.7199,0.72869,0.61173,0.63651,15405708.1969,2022-01-21
0.63651,0.65301,0.54941,0.59689,17043608.8749,2022-01-22
0.59689,0.63483,0.59,0.62831,8682670.5209,2022-01-23
0.62831,0.62903,0.55393,0.61196,14050143.813,2022-01-24
0.61196,0.62419,0.5872,0.61758,11902874.5298,2022-01-25
0.61758,0.65806,0.6047,0.61906,11704290.5536,2022-01-26
0.61906,0.62461,0.589,0.60882,10107962.2899,2022-01-27
0.60882,0.61437,0.59115,0.61187,8200527.0682,2022-01-28
0.61187,0.62527,0.60834,0.61702,6845129.7834,2022-01-29
0.61702,0.62371,0.59693,0.60134,5102967.5244,2022-01-30
0.60134,0.624,0.58,0.61724,6336042.7122,2022-01-31
0.61724,0.63115,0.61079,0.62827,5745580.7519,2022-02-01
0.62827,0.63162,0.59543,0.60042,7508663.4133,2022-02-02
0.60042,0.61103,0.58833,0.60942,7931593.935,2022-02-03
0.60942,0.65927,0.60356,0.65612,9816810.2656,2022-02-04
0.65612,0.68746,0.64966,0.66495,9271612.6764,2022-02-05
0.66495,0.68749,0.65866,0.6823,7191760.0087,2022-02-06
0.6823,0.83897,0.67139,0.83177,6983815.1368,2022-02-07
0.83177,0.91412,0.80255,0.87651,8874974.7565,2022-02-08
0.87651,0.91449,0.84284,0.86998,5321298.6494,2022-02-09
0.86998,0.89819,0.82191,0.82598,6903442.6771,2022-02-10
0.82598,0.83402,0.74746,0.75849,6856191.5807,2022-02-11
0.75849,0.85179,0.74629,0.82162,5294298.9372,2022-02-12
0.82162,0.84754,0.79211,0.8047,3295187.7251,2022-02-13
0.8047,0.81269,0.7792,0.80146,5083200.5613,2022-02-14
0.80146,0.85961,0.79574,0.85062,6369080.61,2022-02-15
0.85062,0.8537,0.80897,0.83655,4949198.4155,2022-02-16
0.83655,0.84457,0.753,0.76632,9128139.3332,2022-02-17
0.76632,0.80395,0.75556,0.78396,7292693.1517,2022-02-18
0.78396,0.85391,0.76925,0.82173,5941615.2303,2022-02-19
0.82173,0.82225,0.7659,0.7754,7794274.3029,2022-02-20
0.7754,0.8005,0.69528,0.70132,8895577.195,2022-02-21
0.70132,0.7266,0.67,0.72069,8733390.1513,2022-02-22
0.72069,0.7451,0.69228,0.69513,7780176.0161,2022-02-23
0.69513,0.72215,0.62094,0.6946,15355661.3705,2022-02-24
0.6946,0.77902,0.68142,0.76977,8893159.2358,2022-02-25
0.76977,0.79444,0.73981,0.75114,6440100.9417,2022-02-26
0.75114,0.76694,0.705,0.72033,7081993.2528,2022-02-27
0.72033,0.79385,0.70697,0.78002,8877611.8809,2022-02-28
0.78002,0.80462,0.7561,0.78309,10666806.5039,2022-03-01
0.78309,0.78422,0.75483,0.76753,8540654.1373,2022-03-02
0.76753,0.78892,0.73282,0.75019,7775206.778,2022-03-03
0.75019,0.75531,0.6955,0.71156,8978358.6791,2022-03-04
0.71156,0.76833,0.70374,0.75272,6573477.0449,2022-03-05
0.75272,0.75974,0.72136,0.72361,6468836.874,2022-03-06
0.72361,0.75412,0.70431,0.72004,8051097.2035,2022-03-07
0.72004,0.73097,0.71207,0.71954,6082552.3701,2022-03-08
0.71954,0.77234,0.71871,0.76625,9776677.2002,2022-03-09
0.76625,0.77755,0.72,0.73404,10718220.3193,2022-03-10
0.73404,0.81413,0.72308,0.80312,10221527.7132,2022-03-11
0.80312,0.84962,0.77577,0.78368,4295522.8314,2022-03-12
0.78368,0.80509,0.75132,0.75899,4833989.8872,2022-03-13
0.75899,0.77813,0.74454,0.77372,5130580.1653,2022-03-14
0.77372,0.77674,0.74115,0.76321,5969367.4954,2022-03-15
0.76321,0.79618,0.75541,0.79126,10159868.9316,2022-03-16
0.79126,0.79931,0.7819,0.79076,6015370.4717,2022-03-17
0.79076,0.79963,0.77415,0.79538,6993517.4919,2022-03-18
0.79538,0.825,0.78429,0.81717,7837064.1633,2022-03-19
0.81717,0.82063,0.7935,0.80508,5164130.7339,2022-03-20
0.80508,0.85324,0.788,0.83912,5282044.2977,2022-03-21
0.83912,0.86607,0.82718,0.83789,8098333.6702,2022-03-22
0.83789,0.84665,0.81553,0.83913,7415692.3905,2022-03-23
0.31343,0.31753,0.309,0.31531,69234933.3655,2022-07-02
0.31531,0.32521,0.30844,0.32111,81205913.1281,2022-07-03
0.32111,0.32933,0.31431,0.32816,128553649.9545,2022-07-04
0.32816,0.33041,0.31275,0.32468,133639800.8212,2022-07-05
0.32468,0.33356,0.31952,0.33182,131232412.4489,2022-07-06
0.33182,0.34478,0.32642,0.3418,122515921.274,2022-07-07
0.3418,0.35837,0.33558,0.33987,130341401.593,2022-07-08
0.33987,0.34726,0.33901,0.34432,145099351.0271,2022-07-09
0.34432,0.34447,0.31934,0.3251,125765820.6913,2022-07-10
0.3251,0.32851,0.31041,0.3147,138106164.3725,2022-07-11
0.3147,0.31764,0.30752,0.31124,117144030.2923,2022-07-12
0.31124,0.32543,0.30242,0.32324,109346263.4624,2022-07-13
0.32324,0.33345,0.31227,0.33315,87580441.9009,2022-07-14
0.33315,0.34833,0.3272,0.33377,48593475.7652,2022-07-15
0.33377,0.35568,0.331,0.3501,37512360.2,2022-07-16
0.3501,0.36074,0.34164,0.34286,24159938.414,2022-07-17
0.34286,0.3695,0.34256,0.3649,26604890.6579,2022-07-18
0.3649,0.37627,0.35104,0.37257,41602200.301,2022-07-19
0.37257,0.38122,0.3571,0.36308,46674108.726,2022-07-20
0.36308,0.36793,0.34833,0.36639,33880748.01,2022-07-21
0.36639,0.37102,0.35378,0.35742,42000195.8299,2022-07-22
0.35742,0.3623,0.34936,0.35875,31247075.5998,2022-07-23
0.35875,0.36637,0.35562,0.35817,16346325.5131,2022-07-24
0.35817,0.35976,0.33471,0.33534,27353013.849,2022-07-25
0.33534,0.33811,0.32506,0.33682,43966433.6876,2022-07-26
0.33682,0.35929,0.33003,0.35903,54043524.3903,2022-07-27
0.35903,0.37877,0.34884,0.37334,63441784.4596,2022-07-28
0.37334,0.37943,0.35921,0.36754,40110706.2459,2022-07-29
0.36754,0.40942,0.36262,0.38743,36464797.0259,2022-07-30
0.38743,0.39838,0.3779,0.37876,33708572.4942,2022-07-31
0.37876,0.38546,0.37088,0.37863,33269193.9446,2022-08-01
0.37863,0.39399,0.36625,0.37091,29828271.6785,2022-08-02
0.37091,0.37693,0.36273,0.36913,30859194.0482,2022-08-03
0.36913,0.37459,0.36398,0.37042,32184625.5471,2022-08-04
0.37042,0.37807,0.36691,0.37594,26760746.4657,2022-08-05
0.37594,0.37744,0.37003,0.37101,23396754.926,2022-08-06
0.37101,0.37662,0.36782,0.37182,14405353.2336,2022-08-07
0.37182,0.38414,0.371,0.37828,21805275.7447,2022-08-08
0.37828,0.37963,0.36037,0.36687,33368274.8989,2022-08-09
0.36687,0.38108,0.358,0.38097,33024964.8887,2022-08-10
0.38097,0.38542,0.37669,0.37976,43753737.2832,2022-08-11
0.37976,0.3801,0.36967,0.37921,44826301.7699,2022-08-12
0.37921,0.38713,0.37596,0.3776,35912481.4252,2022-08-13
0.3776,0.39179,0.37355,0.37527,32095143.9847,2022-08-14
0.37527,0.38466,0.36557,0.3747,36064124.8715,2022-08-15
0.3747,0.37787,0.36623,0.37652,35618124.2863,2022-08-16
0.37652,0.39174,0.36766,0.37906,34522785.7544,2022-08-17
0.37906,0.38094,0.36875,0.36994,27038250.1403,2022-08-18
0.36994,0.37015,0.33,0.33403,47033468.633,2022-08-19
0.33403,0.34234,0.33172,0.33637,37649111.4863,2022-08-20
0.33637,0.34806,0.33515,0.3444,33261356.8465,2022-08-21
0.3444,0.3448,0.33103,0.34353,35981574.0225,2022-08-22
0.34353,0.34755,0.33222,0.34683,37370061.8853,2022-08-23
0.34683,0.35211,0.33854,0.34522,32741533.36,2022-08-24
0.34522,0.35174,0.34312,0.34866,28055874.3436,2022-08-25
0.34866,0.37056,0.33212,0.33879,36058580.643,2022-08-26
0.33879,0.34404,0.3279,0.3343,31419148.2775,2022-08-27
0.3343,0.33686,0.32095,0.32204,24415649.229,2022-08-28
0.32204,0.33368,0.3183,0.33342,25480228.5012,2022-08-29
0.33342,0.33533,0.31976,0.32634,30953109.7695,2022-08-30
0.32634,0.33347,0.32274,0.32723,26906988.2987,2022-08-31
0.32723,0.33294,0.32115,0.3328,23043567.2372,2022-09-01
0.3328,0.3349,0.3249,0.331,21006097.2652,2022-09-02
0.331,0.33343,0.32617,0.32926,13430716.9326,2022-09-03
0.32926,0.33227,0.32711,0.33129,10606571.6546,2022-09-04
0.33129,0.33323,0.32216,0.33255,12892049.0399,2022-09-05
0.33255,0.34257,0.31839,0.3208,21755304.1695,2022-09-06
0.3208,0.33818,0.31237,0.33651,25712750.8546,2022-09-07
0.33651,0.34312,0.32812,0.33928,17597327.0063,2022-09-08
0.33928,0.35922,0.33915,0.35655,24199837.343,2022-09-09
0.35655,0.36162,0.3513,0.35702,15591347.2424,2022-09-10
0.35702,0.36006,0.34884,0.35497,7966134.52,2022-09-11
0.35497,0.35981,0.34766,0.35961,19154367.4596,2022-09-12
0.35961,0.35997,0.33072,0.33235,30275870.2102,2022-09-13
0.33235,0.34392,0.33101,0.34126,30848282.8253,2022-09-14
0.34126,0.34249,0.32423,0.32587,27020090.0261,2022-09-15
0.32587,0.35784,0.32136,0.35507,46861135.9702,2022-09-16
0.35507,0.38022,0.34622,0.37591,59022010.8992,2022-09-17
0.37591,0.39772,0.35549,0.35743,96844701.9621,2022-09-18
0.35743,0.39275,0.33999,0.38446,106050530.5517,2022-09-19
0.38446,0.42334,0.3703,0.41383,54582369.9572,2022-09-20
0.41383,0.43288,0.38291,0.39338,78120723.0776,2022-09-21
0.39338,0.49896,0.3933,0.4856,223258694.2113,2022-09-22
0.4856,0.55828,0.45634,0.50643,242245286.8459,2022-09-23
0.50643,0.51918,0.47174,0.48769,55973145.1445,2022-09-24
0.48769,0.52043,0.47563,0.49201,42998887.2236,2022-09-25
0.49201,0.50145,0.45761,0.46799,26650474.708,2022-09-26
0.46799,0.48747,0.43558,0.44563,23339761.3966,2022-09-27
0.44563,0.45538,0.4174,0.44877,20329934.4608,2022-09-28
0.44877,0.50862,0.42679,0.48682,35189688.0544,2022-09-29
0.48682,0.49862,0.46955,0.47969,41033468.838,2022-09-30
0.47969,0.48599,0.46691,0.47524,13199770.0575,2022-10-01
0.47524,0.47813,0.44395,0.44831,13097498.2552,2022-10-02
0.44831,0.46899,0.43731,0.46196,13278782.9577,2022-10-03
0.46196,0.48521,0.45136,0.47939,17610760.1462,2022-10-04
0.47939,0.50099,0.47176,0.4884,21071881.2517,2022-10-05
0.4884,0.50563,0.48815,0.49325,15027047.283,2022-10-06
0.49325,0.53228,0.48233,0.51755,15506577.5002,2022-10-07
0.51755,0.52876,0.51078,0.51674,12115872.7752,2022-10-08
0.51674,0.5472,0.50596,0.53213,11061508.2589,2022-10-09
0.53213,0.53769,0.49319,0.49346,14714327.0325,2022-10-10
0.49346,0.50213,0.47832,0.48589,14643538.8131,2022-10-11
0.48589,0.49559,0.48175,0.4879,12481192.8741,2022-10-12
0.4879,0.48931,0.44025,0.47883,25746836.82,2022-10-13
0.47883,0.51183,0.4781,0.48833,18574194.427,2022-10-14
0.48833,0.4897,0.47764,0.48154,9536669.0827,2022-10-15
0.48154,0.48727,0.46794,0.47649,9814140.4908,2022-10-16
0.47649,0.48221,0.46257,0.47983,12664161.816,2022-10-17
0.47983,0.48394,0.4572,0.46571,11966116.0525,2022-10-18
0.46571,0.4664,0.447,0.45014,13033429.0049,2022-10-19
0.45014,0.46432,0.4233,0.44637,14244572.3724,2022-10-20
0.44637,0.46132,0.43521,0.46116,13989744.3009,2022-10-21
0.46116,0.47028,0.45603,0.46527,9207506.7044,2022-10-22
0.46527,0.47217,0.45182,0.46858,11553170.2231,2022-10-23
0.46858,0.47244,0.44806,0.45282,10279977.1513,2022-10-24
0.45282,0.47244,0.44349,0.46051,15373497.6242,2022-10-25
0.46051,0.47116,0.45633,0.46849,15361352.2811,2022-10-26
0.46849,0.48197,0.4584,0.46136,15359364.3863,2022-10-27
0.46136,0.47497,0.45624,0.47417,11119153.3404,2022-10-28
0.47417,0.48331,0.46628,0.4699,13468347.7203,2022-10-29
0.4699,0.47285,0.4539,0.45799,9228050.9784,2022-10-30
0.45799,0.46706,0.44796,0.46406,11454862.8918,2022-10-31
0.46406,0.46681,0.45419,0.46347,12136074.3356,2022-11-01
0.46347,0.46561,0.445,0.44961,14182334.4631,2022-11-02
0.44961,0.45951,0.44861,0.45465,9522763.7171,2022-11-03
0.45465,0.50729,0.45295,0.50599,16511189.5723,2022-11-04
0.50599,0.50957,0.489,0.49277,17746337.5359,2022-11-05
0.49277,0.49446,0.46812,0.47069,11868997.6527,2022-11-06
0.47069,0.47964,0.45855,0.46456,15916774.6127,2022-11-07
0.46456,0.46656,0.33625,0.40559,44047491.8728,2022-11-08
0.40559,0.41076,0.31711,0.33252,57140744.76,2022-11-09
0.33252,0.40266,0.33005,0.39421,50731713.2838,2022-11-10
0.39421,0.39861,0.36602,0.38396,25823052.4866,2022-11-11
0.38396,0.3843,0.35942,0.36338,13858186.749,2022-11-12
0.36338,0.36896,0.33272,0.34069,17417534.3753,2022-11-13
0.34069,0.37889,0.32137,0.37725,25325378.0069,2022-11-14
0.37725,0.3971,0.36677,0.38844,17303350.9063,2022-11-15
0.38844,0.39093,0.36178,0.37511,13039552.1029,2022-11-16
0.37511,0.38665,0.36898,0.38156,18048405.1747,2022-11-17
0.38156,0.38713,0.37445,0.3826,14755911.4238,2022-11-18
0.3826,0.38799,0.37518,0.38384,11622602.7695,2022-11-19
0.38384,0.39649,0.35886,0.36064,18555698.3228,2022-11-20
0.36064,0.36849,0.34562,0.36402,17456347.4887,2022-11-21
0.36402,0.37814,0.35094,0.37533,15647408.0423,2022-11-22
0.37533,0.382,0.368,0.38137,13180066.3165,2022-11-23
0.38137,0.40451,0.37412,0.40154,9004566.855,2022-11-24
0.40154,0.41823,0.38876,0.40747,10485798.4932,2022-11-25
0.40747,0.41393,0.39263,0.39561,7396954.8769,2022-11-26
0.39561,0.409,0.39429,0.39599,7950111.1186,2022-11-27
0.39599,0.39866,0.37322,0.38853,11427740.6701,2022-11-28
0.38853,0.40325,0.38288,0.3978,8950081.9262,2022-11-29
0.3978,0.41112,0.3928,0.40759,10673243.8264,2022-11-30
0.40759,0.40858,0.39433,0.39664,10141031.7506,2022-12-01
0.39664,0.39731,0.3839,0.39584,8631169.9294,2022-12-02
0.39584,0.39666,0.38563,0.38713,6225201.0306,2022-12-03
0.38713,0.39279,0.386,0.38935,5846344.0572,2022-12-04
0.38935,0.39486,0.3807,0.38899,10224782.9826,2022-12-05
0.38899,0.39219,0.38072,0.39117,7752615.6612,2022-12-06
0.39117,0.39219,0.37365,0.38311,9070739.2833,2022-12-07
0.38311,0.3958,0.38264,0.39406,10145294.6829,2022-12-08
0.39406,0.39484,0.38501,0.38867,10495536.0239,2022-12-09
0.38867,0.389,0.3855,0.38639,6891816.7589,2022-12-10
0.38639,0.38843,0.37823,0.38085,5735400.1182,2022-12-11
0.38085,0.38961,0.37052,0.38702,10928556.2275,2022-12-12
0.38702,0.3965,0.37844,0.395,14818005.0829,2022-12-13
0.395,0.39536,0.37772,0.38503,14028735.484,2022-12-14
0.38503,0.38668,0.37381,0.37792,17315967.3955,2022-12-15
0.37792,0.37962,0.34395,0.35089,21722702.5921,2022-12-16
0.35089,0.35684,0.34693,0.35441,26765026.8969,2022-12-17
0.35441,0.35543,0.34734,0.34973,19299140.3761,2022-12-18
0.34973,0.35269,0.33221,0.33863,26482224.9454,2022-12-19
0.33863,0.35291,0.33594,0.34805,32946421.5704,2022-12-20
0.34805,0.35028,0.33756,0.3449,26929184.3009,2022-12-21
0.3449,0.34999,0.34141,0.3491,24785503.908,2022-12-22
0.3491,0.35479,0.34702,0.35418,24954278.2465,2022-12-23
0.35418,0.35421,0.35089,0.35162,17573659.4401,2022-12-24
0.35162,0.35174,0.34398,0.34566,16530956.6231,2022-12-25
0.34566,0.36951,0.34551,0.36564,26160074.5277,2022-12-26
0.36564,0.3728,0.35854,0.36736,21562439.2914,2022-12-27
0.36736,0.3686,0.35474,0.35573,19056681.8573,2022-12-28
0.35573,0.35773,0.33695,0.34196,19578861.1507,2022-12-29
0.34196,0.34582,0.33363,0.34495,21256293.5813,2022-12-30
0.34495,0.34515,0.33867,0.33888,16147198.9301,2022-12-31
0.33888,0.33977,0.33536,0.33852,17860118.2836,2023-01-01
0.33852,0.35494,0.30023,0.34811,26565753.7067,2023-01-02
0.34811,0.35176,0.34126,0.34348,17445694.1998,2023-01-03
0.34348,0.35195,0.34201,0.34712,18295826.8145,2023-01-04
0.34712,0.34855,0.33437,0.33782,15432369.8188,2023-01-05
0.33782,0.34588,0.3312,0.34412,16132425.0013,2023-01-06
0.34412,0.34544,0.34132,0.34413,13097360.9197,2023-01-07
0.34413,0.34672,0.3372,0.34492,13889884.2098,2023-01-08
0.34492,0.3573,0.34362,0.34881,19391060.3902,2023-01-09
0.34881,0.35392,0.34327,0.35064,16696920.8411,2023-01-10
0.35064,0.37759,0.34767,0.37279,17024834.299,2023-01-11
0.37279,0.38088,0.36111,0.37464,21897685.2907,2023-01-12
0.37464,0.38652,0.36863,0.38562,21220985.9079,2023-01-13
0.38562,0.40875,0.37697,0.39511,25515508.9354,2023-01-14
0.39511,0.39667,0.37981,0.38456,17723514.8248,2023-01-15
0.38456,0.40612,0.378,0.38543,16145653.5586,2023-01-16
0.38543,0.39835,0.37911,0.38661,14554497.9019,2023-01-17
0.37806,0.396,0.37646,0.39278,15249552.9937,2023-01-19
0.39278,0.41379,0.38594,0.41283,17980119.4635,2023-01-20
0.41283,0.41617,0.397,0.40325,18020337.9285,2023-01-21
0.40325,0.412,0.39647,0.40034,15313881.1828,2023-01-22
0.40034,0.43266,0.39955,0.42325,17478906.1722,2023-01-23
0.42325,0.43089,0.40321,0.40773,13929448.5869,2023-01-24
0.40773,0.42413,0.39722,0.41668,16499731.0956,2023-01-25
0.41668,0.41772,0.40533,0.40919,15584881.7538,2023-01-26
0.40919,0.41322,0.39897,0.41268,15270998.2382,2023-01-27
0.41268,0.41645,0.4055,0.40766,13704950.8602,2023-01-28
0.40766,0.41707,0.40646,0.41323,15390927.4892,2023-01-29
0.41323,0.42194,0.38605,0.39327,18702354.527,2023-01-30
0.39327,0.41107,0.38817,0.40567,14099302.0152,2023-01-31
0.40567,0.41548,0.39651,0.41305,18385887.3124,2023-02-01
0.41305,0.41879,0.40828,0.40971,15027304.2723,2023-02-02
0.40971,0.41353,0.40556,0.41152,15309696.082,2023-02-03
0.41152,0.42026,0.40765,0.41057,14725471.1588,2023-02-04
0.41057,0.41182,0.395,0.39834,17119478.6935,2023-02-05
0.39834,0.40348,0.39086,0.39188,17444152.3049,2023-02-06
0.39188,0.40463,0.3901,0.40353,17724247.3125,2023-02-07
0.40353,0.40577,0.39372,0.39756,16583104.6402,2023-02-08
0.39756,0.40888,0.37267,0.38152,21575494.5663,2023-02-09
0.38152,0.38759,0.37701,0.38178,17353207.546,2023-02-10
0.38178,0.38395,0.37987,0.3833,15077846.9995,2023-02-11
0.3833,0.38477,0.37194,0.37463,13397947.8503,2023-02-12
0.37463,0.37819,0.36106,0.37021,19067897.406,2023-02-13
0.37021,0.38371,0.36437,0.38193,17962683.4903,2023-02-14
0.38193,0.40229,0.37643,0.40102,21744986.7584,2023-02-15
0.40102,0.40443,0.38394,0.38395,22702134.4706,2023-02-16
0.38395,0.39986,0.38084,0.39495,20738855.1491,2023-02-17
0.39495,0.39733,0.39114,0.39409,16859704.4629,2023-02-18
0.39409,0.39791,0.38483,0.38623,16480845.3638,2023-02-19
0.38623,0.40862,0.37767,0.39837,18333948.8565,2023-02-20
0.39837,0.402,0.38722,0.39179,17809509.7502,2023-02-21
0.39179,0.39739,0.38276,0.39507,18533860.2059,2023-02-22
0.39507,0.39769,0.38534,0.38813,17810843.127,2023-02-23
0.38813,0.3906,0.37242,0.37828,17282858.4391,2023-02-24
0.37828,0.37925,0.3695,0.3777,14611786.9595,2023-02-25
0.3777,0.38053,0.37449,0.37787,13227251.3262,2023-02-26
0.37787,0.37997,0.37081,0.37842,12726878.6145,2023-02-27
0.37842,0.38246,0.37188,0.37607,17305831.9061,2023-02-28
0.37607,0.38456,0.37267,0.38347,14150454.1541,2023-03-01
0.38347,0.38443,0.37364,0.37714,15114465.0933,2023-03-02
0.37714,0.38035,0.35312,0.37724,18532548.6956,2023-03-03
0.37724,0.37988,0.36803,0.37339,12081870.206,2023-03-04
0.37339,0.37719,0.36538,0.36663,10438394.5616,2023-03-05
0.36663,0.37393,0.35917,0.36945,10427170.0918,2023-03-06
0.36945,0.38429,0.36682,0.38005,12437385.2369,2023-03-07
0.38005,0.40111,0.37237,0.38897,15161276.1913,2023-03-08
0.38897,0.39723,0.364,0.37059,19365495.4178,2023-03-09
0.37059,0.37488,0.35741,0.36988,21466122.0881,2023-03-10
0.36988,0.37387,0.35832,0.36363,16200235.9568,2023-03-11
0.36363,0.37135,0.34755,0.37124,17524749.9725,2023-03-12
0.37124,0.37976,0.35581,0.37226,22391285.1244,2023-03-13
0.37226,0.38678,0.36484,0.37236,31272253.3293,2023-03-14
0.37236,0.37552,0.35602,0.35888,22220225.4882,2023-03-15
0.35888,0.36672,0.35622,0.36468,16626936.0632,2023-03-16
0.36468,0.3824,0.36196,0.37979,21387016.401,2023-03-17
0.37979,0.38944,0.36927,0.37382,17808291.4316,2023-03-18
0.37382,0.39987,0.37353,0.38569,16333556.9193,2023-03-19
0.38569,0.39114,0.37095,0.37333,17087661.8044,2023-03-20
0.37333,0.49262,0.37273,0.46919,26769212.3999,2023-03-21
0.46919,0.47476,0.40897,0.4212,21532141.6511,2023-03-22
0.4212,0.455,0.4116,0.44373,16270884.6832,2023-03-23
0.44373,0.44392,0.41416,0.42577,12204078.1028,2023-03-24
0.42577,0.46431,0.42237,0.44315,25255593.0349,2023-03-25
0.44315,0.46301,0.44047,0.44785,29156102.0013,2023-03-26
0.44785,0.48846,0.44251,0.47887,25039780.0419,2023-03-27
0.47887,0.53305,0.46677,0.51437,29736363.4126,2023-03-28
0.51437,0.58452,0.51437,0.54238,37917283.8183,2023-03-29
0.54238,0.55765,0.52162,0.53197,102987199.9402,2023-03-30
0.53197,0.54851,0.52675,0.53732,126378809.9844,2023-03-31
0.53732,0.53742,0.49752,0.50941,129892806.5892,2023-04-01
0.50941,0.52876,0.50146,0.51784,138267811.1091,2023-04-02
0.51784,0.52471,0.4821,0.4958,74335502.4532,2023-04-03
0.4958,0.50753,0.48719,0.50261,76348754.0101,2023-04-04
0.50261,0.52667,0.49857,0.50553,67653481.4962,2023-04-05
0.50553,0.50955,0.49182,0.50278,36699503.0759,2023-04-06
0.50278,0.51519,0.49747,0.51284,24144254.5158,2023-04-07
0.51284,0.51286,0.5023,0.50478,22613287.9295,2023-04-08
0.50478,0.50908,0.49849,0.50525,22286193.66,2023-04-09
0.50525,0.51976,0.49992,0.51747,26359868.9726,2023-04-10
0.51747,0.528,0.51109,0.51652,38911765.9726,2023-04-11
0.51652,0.51772,0.49876,0.50474,40844265.625,2023-04-12
0.50474,0.51549,0.50142,0.51224,35186334.3684,2023-04-13
0.51224,0.54634,0.51102,0.52257,37798264.7506,2023-04-14
0.52257,0.52595,0.51662,0.51926,27831892.1756,2023-04-15
0.51926,0.52422,0.51551,0.52081,23175041.3502,2023-04-16
0.52081,0.5209,0.50657,0.51074,24197781.6316,2023-04-17
0.51074,0.53864,0.5091,0.53237,26532312.7444,2023-04-18
0.53237,0.53725,0.47233,0.49098,38745431.1898,2023-04-19
0.49098,0.49906,0.46508,0.47503,40899525.3687,2023-04-20
0.47503,0.47897,0.44035,0.44886,38077299.7634,2023-04-21
0.44886,0.47572,0.44554,0.47186,33778430.1974,2023-04-22
0.47186,0.47186,0.45262,0.46464,21799366.402,2023-04-23
0.46464,0.48536,0.44775,0.46087,26099957.5686,2023-04-24
0.46087,0.47179,0.45052,0.46948,24030019.5428,2023-04-25
0.46948,0.48291,0.43372,0.46156,38277273.8816,2023-04-26
0.46156,0.46984,0.456,0.46653,33823537.5621,2023-04-27
0.46653,0.48262,0.46352,0.47946,29858251.2839,2023-04-28
0.47946,0.48667,0.47136,0.47791,26580926.7563,2023-04-29
0.47791,0.48176,0.46873,0.47028,26321092.2403,2023-04-30
0.47028,0.47228,0.45462,0.46473,31437851.7833,2023-05-01
0.46473,0.46593,0.45763,0.46432,31620887.9113,2023-05-02
0.46432,0.46532,0.45002,0.46311,33177159.378,2023-05-03
0.46311,0.4649,0.45473,0.46067,42801018.8522,2023-05-04
0.46067,0.4702,0.45457,0.46681,60719888.546,2023-05-05
0.46681,0.46908,0.45158,0.45815,60977379.2222,2023-05-06
0.45815,0.45993,0.446,0.44889,44982817.1583,2023-05-07
0.44889,0.4511,0.41013,0.42806,65966127.3507,2023-05-08
0.42806,0.43058,0.42041,0.42857,57820532.965,2023-05-09
0.42857,0.43375,0.412,0.43004,56187980.6137,2023-05-10
0.43004,0.43038,0.4114,0.42056,61256217.5465,2023-05-11
0.42056,0.44373,0.41564,0.43038,54429907.7651,2023-05-12
0.43038,0.43039,0.42289,0.42393,48129140.7577,2023-05-13
0.42393,0.43161,0.42111,0.4252,37639749.2302,2023-05-14
0.4252,0.43014,0.42141,0.42711,45068818.0298,2023-05-15
0.42711,0.44273,0.41857,0.44234,33871300.0393,2023-05-16
0.44234,0.4612,0.43761,0.44838,33709003.4254,2023-05-17
0.44838,0.4727,0.44294,0.45946,30868445.5152,2023-05-18
0.45946,0.47528,0.45722,0.46728,25499937.7232,2023-05-19
0.46728,0.4717,0.46185,0.46842,16733814.2911,2023-05-20
0.46842,0.47047,0.45501,0.45732,11300232.4168,2023-05-21
0.45732,0.46718,0.44965,0.46164,13880614.9146,2023-05-22
0.46164,0.46719,0.45856,0.46504,17284317.5903,2023-05-23
0.46504,0.46504,0.44591,0.45295,19408414.7366,2023-05-24
0.45295,0.45461,0.44319,0.45371,18996365.0477,2023-05-25
0.45371,0.46973,0.4524,0.46832,16706212.2876,2023-05-26
0.46832,0.47889,0.46522,0.47157,11910393.368,2023-05-27
0.47157,0.48605,0.46983,0.48197,11189719.8667,2023-05-28
0.48197,0.495,0.47619,0.49433,12958512.4438,2023-05-29
0.49433,0.52888,0.48934,0.52039,16567943.1289,2023-05-30
0.52039,0.52765,0.501,0.51671,17430403.767,2023-05-31
0.51671,0.51671,0.5017,0.50638,16383927.7,2023-06-01
0.50638,0.52695,0.50373,0.52433,18403293.5653,2023-06-02
0.52433,0.53286,0.51472,0.51874,17768992.2711,2023-06-03
0.51874,0.54644,0.51514,0.53574,19019581.4848,2023-06-04
0.53574,0.54285,0.48734,0.5089,40825357.1195,2023-06-05
0.5089,0.53222,0.4959,0.52981,46740054.9386,2023-06-06
0.52981,0.53805,0.50699,0.51813,56519093.6608,2023-06-07
0.51813,0.52759,0.51561,0.52361,42365808.015,2023-06-08
0.52361,0.54132,0.52042,0.53781,35445444.2354,2023-06-09
0.53781,0.53857,0.473,0.50662,59762772.5138,2023-06-10
0.50662,0.52921,0.50273,0.52075,54552975.2344,2023-06-11
0.52075,0.52787,0.50812,0.52487,51984753.5896,2023-06-12
0.52487,0.56499,0.50539,0.51916,64983425.3512,2023-06-13
0.51916,0.52029,0.46122,0.48003,67952304.2419,2023-06-14
0.48003,0.48548,0.46689,0.47998,73890314.6862,2023-06-15
0.47998,0.48311,0.45632,0.47558,70771993.8189,2023-06-16
0.47558,0.48659,0.46958,0.47937,60138354.6138,2023-06-17
0.47937,0.49733,0.47439,0.4868,47022439.8791,2023-06-18
0.4868,0.498,0.48125,0.49348,50867289.5101,2023-06-19
0.49348,0.4965,0.47123,0.49265,58216648.0646,2023-06-20
0.49265,0.50327,0.4892,0.50001,84566666.0824,2023-06-21
0.50001,0.52698,0.4831,0.49386,92683368.963,2023-06-22
0.49386,0.502,0.48415,0.49592,84189270.2847,2023-06-23
0.49592,0.49602,0.47813,0.48646,68812802.1696,2023-06-24
0.48646,0.4975,0.48299,0.49024,50734673.7955,2023-06-25
0.49024,0.49182,0.47066,0.47886,50075523.9339,2023-06-26
0.47886,0.48498,0.47619,0.48374,51527575.9933,2023-06-27
0.48374,0.48425,0.44914,0.46474,38069110.7663,2023-06-28
0.46474,0.47708,0.46127,0.47457,24991294.5033,2023-06-29
0.47457,0.48254,0.44992,0.47292,29851596.5813,2023-06-30
0.47292,0.47589,0.46444,0.47309,25541290.6496,2023-07-01
0.47309,0.49582,0.46982,0.48439,18378323.7857,2023-07-02
0.48439,0.49118,0.47844,0.48902,23873233.4677,2023-07-03
0.48902,0.49333,0.4815,0.48708,27673187.2102,2023-07-04
0.48708,0.49173,0.46962,0.47764,24719745.0661,2023-07-05
0.47764,0.48397,0.46132,0.46207,37006131.6429,2023-07-06
0.46207,0.47058,0.45799,0.46852,34274818.8245,2023-07-07
0.46852,0.47462,0.4649,0.47038,20263711.4241,2023-07-08
0.47038,0.47162,0.46638,0.46798,15848432.7618,2023-07-09
0.46798,0.47986,0.46252,0.47776,22841938.6484,2023-07-10
0.47776,0.47827,0.471,0.47514,25587594.9476,2023-07-11
0.47514,0.47706,0.465,0.47096,24187145.0128,2023-07-12
0.47096,0.93384,0.46944,0.81568,70775985.1751,2023-07-13
0.81568,0.82454,0.66873,0.71782,66794005.8516,2023-07-14
0.71782,0.735,0.69233,0.71439,45467570.4154,2023-07-15
0.71439,0.7896,0.7027,0.74685,33994807.8721,2023-07-16
0.74685,0.76538,0.71355,0.73725,32697422.3657,2023-07-17
0.73725,0.78372,0.73183,0.77857,39578016.9473,2023-07-18
0.77857,0.85228,0.77068,0.81969,39806427.3546,2023-07-19
0.81969,0.84853,0.77162,0.79422,39958601.3073,2023-07-20
0.79422,0.79862,0.76036,0.77126,32933156.5733,2023-07-21
0.77126,0.77971,0.7215,0.7328,22590778.1301,2023-07-22
0.7328,0.75154,0.71533,0.73828,22197178.5277,2023-07-23
0.73828,0.74243,0.68123,0.70197,37032709.7888,2023-07-24
0.70197,0.71549,0.675,0.70887,34054966.5977,2023-07-25
0.70887,0.73082,0.69372,0.71598,36222327.857,2023-07-26
0.71598,0.73242,0.70716,0.71377,30689945.5599,2023-07-27
0.71377,0.71872,0.70302,0.71185,33107303.5852,2023-07-28
0.71185,0.71529,0.70435,0.71204,20492335.9761,2023-07-29
0.71204,0.73536,0.68352,0.70457,19075726.7403,2023-07-30
0.70457,0.72012,0.68548,0.69752,29624592.6674,2023-07-31
0.69752,0.70787,0.67387,0.70678,33524012.7814,2023-08-01
0.70678,0.70798,0.67667,0.68487,35533702.5332,2023-08-02
0.68487,0.68732,0.65462,0.66287,31167887.0895,2023-08-03
0.66287,0.6674,0.62579,0.63563,24845506.2718,2023-08-04
0.63563,0.63563,0.61114,0.62868,19360426.3475,2023-08-05
0.62868,0.63866,0.62152,0.62392,11576055.1092,2023-08-06
0.62392,0.6298,0.59739,0.62346,16285495.842,2023-08-07
0.62346,0.648,0.61419,0.64177,23675602.4698,2023-08-08
0.64177,0.66552,0.63212,0.64329,28028853.2172,2023-08-09
0.64329,0.6444,0.62442,0.63306,22308764.3498,2023-08-10
0.63306,0.64112,0.62572,0.63164,18407925.3363,2023-08-11
0.63164,0.63328,0.62302,0.62749,10979712.5334,2023-08-12
0.62749,0.63833,0.62363,0.62548,7145378.0332,2023-08-13
0.62548,0.6367,0.6241,0.63414,11932689.4278,2023-08-14
0.63414,0.63458,0.58,0.61025,14811753.0959,2023-08-15
0.61025,0.61659,0.57292,0.58877,19706796.0963,2023-08-16
0.58877,0.59467,0.41939,0.50623,41330723.7069,2023-08-17
0.50623,0.522,0.48323,0.50604,45730332.5938,2023-08-18
0.50604,0.5241,0.50072,0.51988,28394066.5731,2023-08-19
0.51988,0.5575,0.51607,0.53839,18983789.1093,2023-08-20
0.53839,0.53963,0.50327,0.52433,21652320.5072,2023-08-21
0.52433,0.52543,0.50352,0.52086,24095322.9415,2023-08-22
0.52086,0.5365,0.5158,0.52994,21585118.9461,2023-08-23
0.52994,0.53179,0.51144,0.51861,21907973.8685,2023-08-24
0.51861,0.53162,0.50792,0.52563,30520223.4449,2023-08-25
0.52563,0.528,0.5181,0.523,12876697.6885,2023-08-26
0.523,0.53,0.518,0.5235,6936380.664,2023-08-27
0.5235,0.52475,0.51072,0.52301,8890817.1536,2023-08-28
0.52301,0.54932,0.51303,0.53976,12143999.7513,2023-08-29
0.53976,0.54026,0.52162,0.52834,24149661.9023,2023-08-30
0.52834,0.52856,0.49609,0.51086,30458038.7561,2023-08-31
0.51086,0.51185,0.48667,0.49782,28709155.3851,2023-09-01
0.49782,0.50256,0.49433,0.49881,29195782.935,2023-09-02
0.49881,0.51062,0.49711,0.50456,24556184.1534,2023-09-03
0.50456,0.51286,0.4967,0.50848,23788394.9573,2023-09-04
0.50848,0.50849,0.49909,0.5054,24418046.1894,2023-09-05
0.5054,0.50571,0.49121,0.50316,21039336.7729,2023-09-06
0.50316,0.50658,0.4966,0.50494,20078249.9831,2023-09-07
0.50494,0.50748,0.49436,0.50482,20611832.8479,2023-09-08
0.50482,0.50482,0.50138,0.50375,19080143.218,2023-09-09
0.50375,0.50375,0.49262,0.49679,15153096.5231,2023-09-10
0.49679,0.49813,0.4591,0.47416,22662968.3374,2023-09-11
0.47416,0.48652,0.47,0.48017,18716688.6723,2023-09-12
0.48017,0.48962,0.47321,0.48313,28026952.7618,2023-09-13
0.48313,0.49358,0.48,0.48907,26216942.9837,2023-09-14
0.48907,0.50832,0.48747,0.50033,35595873.9293,2023-09-15
0.50033,0.50337,0.49692,0.49967,22757407.9866,2023-09-16
0.49967,0.50029,0.48942,0.49246,25648707.7077,2023-09-17
0.49246,0.5074,0.48716,0.50293,27919812.9708,2023-09-18
0.50293,0.51634,0.50056,0.51375,26427419.1241,2023-09-19
0.51375,0.52516,0.50705,0.52101,25874079.4952,2023-09-20
0.52101,0.52122,0.50022,0.50702,26004411.2954,2023-09-21
0.50702,0.51683,0.50367,0.5122,22536132.7919,2023-09-22
0.5122,0.51348,0.50551,0.50749,23201614.4133,2023-09-23
0.50749,0.51138,0.49832,0.50197,21985203.7097,2023-09-24
0.50197,0.50695,0.49122,0.50538,29114476.0459,2023-09-25
0.50538,0.50731,0.49633,0.50175,25537968.3158,2023-09-26
0.50175,0.50698,0.49679,0.49925,25932432.984,2023-09-27
0.49925,0.50983,0.49523,0.5096,25862793.6696,2023-09-28
0.5096,0.54923,0.50608,0.52138,27977093.2417,2023-09-29
0.52138,0.52163,0.51359,0.51482,23270666.0674,2023-09-30
0.51482,0.52582,0.51376,0.52401,25814185.9683,2023-10-01
0.52401,0.52624,0.50735,0.51213,26869138.036,2023-10-02
0.51213,0.5475,0.5057,0.53893,29793552.3637,2023-10-03
0.53893,0.54231,0.51955,0.53254,29676072.6025,2023-10-04
0.53254,0.53258,0.51592,0.52254,25440706.0646,2023-10-05
0.52254,0.52927,0.51707,0.5253,25210916.2361,2023-10-06
0.5253,0.52558,0.51973,0.52153,24605764.1548,2023-10-07
0.52153,0.52327,0.51534,0.51729,23910974.1491,2023-10-08
0.51729,0.51992,0.4873,0.50266,26075022.1775,2023-10-09
0.50266,0.50266,0.49177,0.4964,26433440.5765,2023-10-10
0.4964,0.49761,0.47892,0.48882,25956443.3141,2023-10-11
0.48882,0.48882,0.47328,0.4829,28832657.675,2023-10-12
0.4829,0.49045,0.47865,0.48496,27758895.9428,2023-10-13
0.48496,0.48821,0.48343,0.48647,25637402.6818,2023-10-14
0.48647,0.48992,0.485,0.48728,24660042.4755,2023-10-15
0.48728,0.51082,0.485,0.49754,30474930.0251,2023-10-16
0.49754,0.49791,0.48403,0.49104,32586716.9849,2023-10-17
0.49104,0.49228,0.48576,0.48781,27451764.2353,2023-10-18
0.48781,0.52431,0.47731,0.51969,30946745.1873,2023-10-19
0.51969,0.53059,0.50864,0.51485,27655283.7231,2023-10-20
0.51485,0.5321,0.51092,0.52084,27376082.4558,2023-10-21
0.52084,0.52405,0.51205,0.52264,24535894.571,2023-10-22
0.52264,0.55303,0.5199,0.54745,31788393.7088,2023-10-23
0.54745,0.58645,0.535,0.55892,36968971.1394,2023-10-24
0.55892,0.56405,0.54072,0.55525,29332836.4589,2023-10-25
0.55525,0.56955,0.54269,0.55339,27662277.7033,2023-10-26
0.55339,0.55866,0.53381,0.54298,25768470.2726,2023-10-27
0.54298,0.55036,0.5405,0.54466,22845980.5516,2023-10-28
0.54466,0.56127,0.5406,0.55604,22564894.7532,2023-10-29
0.55604,0.5842,0.54961,0.57804,25550663.0894,2023-10-30
0.57804,0.62147,0.5628,0.59942,30487838.2274,2023-10-31
0.59942,0.61628,0.58021,0.60865,27336118.9286,2023-11-01
0.60865,0.62619,0.58666,0.60536,28736048.342,2023-11-02
0.60536,0.61499,0.59148,0.61206,24050473.0012,2023-11-03
0.61206,0.618,0.60864,0.61501,24364536.4611,2023-11-04
0.61501,0.66266,0.61397,0.6607,31927444.137,2023-11-05
0.6607,0.73228,0.65858,0.71474,40618626.1238,2023-11-06
0.71474,0.7154,0.65082,0.68504,43030061.6465,2023-11-07
0.68504,0.69839,0.67264,0.68704,40766676.8239,2023-11-08
0.68704,0.70678,0.61597,0.66671,81307275.8913,2023-11-09
0.66671,0.67117,0.63642,0.65944,57931198.0258,2023-11-10
0.65944,0.68719,0.64023,0.66258,43907847.0251,2023-11-11
0.66258,0.67079,0.646,0.66124,24346957.1198,2023-11-12
0.66124,0.75,0.63968,0.67005,68839203.6027,2023-11-13
0.67005,0.67231,0.592,0.62944,58624373.3751,2023-11-14
0.64816,0.65272,0.60312,0.61187,63514112.9052,2023-11-16
0.61187,0.62413,0.58602,0.61316,52600038.2816,2023-11-17
0.61316,0.61432,0.58924,0.61055,33543107.7304,2023-11-18
0.61055,0.62859,0.6013,0.62594,26041554.4759,2023-11-19
0.62594,0.62818,0.60648,0.61213,31129651.0683,2023-11-20
0.61213,0.61766,0.5728,0.57849,31264004.8049,2023-11-21
0.57849,0.6161,0.57757,0.61089,34446257.5093,2023-11-22
0.61089,0.62373,0.60604,0.62063,18519728.2111,2023-11-23
0.62063,0.62573,0.61539,0.6211,24169956.31,2023-11-24
0.6211,0.62325,0.6157,0.6226,15185424.0197,2023-11-25
0.6226,0.63718,0.60642,0.61574,17845520.5197,2023-11-26
0.61574,0.6169,0.59369,0.60384,17774598.8445,2023-11-27
0.60384,0.6137,0.59559,0.6106,35316181.8724,2023-11-28
0.6106,0.6168,0.60414,0.60908,34033056.8542,2023-11-29
0.60908,0.6097,0.59808,0.60625,28875129.3168,2023-11-30
0.60625,0.61428,0.60313,0.61258,27759350.6414,2023-12-01
0.61258,0.6229,0.6109,0.62061,23381668.2674,2023-12-02
0.62061,0.63413,0.61691,0.62294,24890189.8702,2023-12-03
0.62294,0.6438,0.5739,0.62453,45456221.0222,2023-12-04
0.62453,0.63039,0.60809,0.62082,45617251.0986,2023-12-05
0.62082,0.64352,0.61033,0.63998,42752189.9213,2023-12-06
0.63998,0.65425,0.62142,0.6431,40002206.0937,2023-12-07
0.6431,0.67558,0.6375,0.67203,53512778.3185,2023-12-08
0.67203,0.7,0.6521,0.65835,40506922.5585,2023-12-09
0.65835,0.67128,0.64704,0.66164,37624285.9588,2023-12-10
0.66164,0.66278,0.58814,0.61867,64457165.0852,2023-12-11
0.61867,0.62623,0.60672,0.61914,68601462.6996,2023-12-12
0.61914,0.63487,0.59376,0.62746,68201940.1468,2023-12-13
0.62746,0.63793,0.6042,0.63154,70581952.3857,2023-12-14
0.63154,0.64404,0.61238,0.61544,67127009.223,2023-12-15
0.61544,0.6257,0.61025,0.62027,47379789.7533,2023-12-16
0.62027,0.62349,0.60843,0.61033,51353989.4809,2023-12-17
0.61033,0.61436,0.57899,0.61258,61080800.5147,2023-12-18
0.61258,0.61666,0.59719,0.60453,75163772.7287,2023-12-19
0.60453,0.62629,0.60107,0.61705,63472948.6354,2023-12-20
0.61705,0.62476,0.61039,0.62402,38319965.2835,2023-12-21
0.62402,0.63141,0.61554,0.62438,32040252.0038,2023-12-22
0.62438,0.6248,0.61076,0.61934,24162782.0271,2023-12-23
0.61934,0.62944,0.60481,0.61226,21556154.9384,2023-12-24
0.61226,0.64866,0.6083,0.64604,25573738.9829,2023-12-25
0.64604,0.64657,0.5988,0.62191,27963682.5038,2023-12-26
0.62191,0.64215,0.61273,0.63411,22852544.0143,2023-12-27
0.63411,0.65784,0.62492,0.63456,29234427.9548,2023-12-28
0.63456,0.6363,0.61208,0.62274,23499185.0096,2023-12-29
0.62274,0.62961,0.61588,0.62074,17851371.0458,2023-12-30
0.62074,0.62841,0.60567,0.61549,16675426.9146,2023-12-31
0.61549,0.63088,0.6084,0.62943,16403952.5318,2024-01-01
0.62943,0.64018,0.62135,0.62454,20702124.8533,2024-01-02
0.62454,0.63925,0.47305,0.58227,51490475.7522,2024-01-03
0.58227,0.59375,0.56951,0.58675,32672171.093,2024-01-04
0.58675,0.58854,0.55355,0.57578,34551837.6639,2024-01-05
0.57578,0.57579,0.55678,0.56803,20900161.3553,2024-01-06
0.56803,0.57296,0.54585,0.55141,22008012.5543,2024-01-07
0.55141,0.58189,0.54453,0.57757,46857855.3995,2024-01-08
0.57757,0.57903,0.5526,0.56691,50798661.0252,2024-01-09
0.56691,0.61452,0.54881,0.60061,55865341.7762,2024-01-10
0.60061,0.6239,0.58575,0.60185,54345598.94,2024-01-11
0.60185,0.60349,0.55132,0.56991,45489331.3855,2024-01-12
0.56991,0.5775,0.56297,0.57465,22330342.5262,2024-01-13
0.57465,0.59315,0.57177,0.57627,28025050.8888,2024-01-14
0.57627,0.58941,0.56879,0.57563,24444984.1187,2024-01-15
0.57563,0.5797,0.5661,0.57574,28107583.695,2024-01-16
0.57574,0.57632,0.56143,0.56854,24981908.4298,2024-01-17
0.56854,0.569,0.54323,0.55207,30125789.5884,2024-01-18
0.55207,0.55376,0.5218,0.54425,43249756.8276,2024-01-19
0.54425,0.55494,0.5391,0.55372,24789676.9857,2024-01-20
0.55372,0.55515,0.54563,0.54642,22506677.1443,2024-01-21
0.54642,0.5496,0.51755,0.52744,69270592.434,2024-01-22
0.52744,0.53173,0.49625,0.51819,62269014.8604,2024-01-23
0.51819,0.5193,0.51117,0.51822,33367376.1585,2024-01-24
0.51822,0.51828,0.50393,0.51375,30266819.234,2024-01-25
0.51375,0.53674,0.50847,0.53216,35357936.2563,2024-01-26
0.53216,0.53485,0.52631,0.53039,22785576.9792,2024-01-27
0.53039,0.5354,0.52109,0.52413,26386566.375,2024-01-28
0.52413,0.53991,0.51942,0.53516,33807730.6561,2024-01-29
0.53516,0.53916,0.50748,0.51066,38946575.7203,2024-01-30
0.51066,0.51432,0.48562,0.50324,48147096.9572,2024-01-31
0.50324,0.5106,0.49022,0.50584,34445341.7472,2024-02-01
0.50584,0.51406,0.49873,0.51042,28714239.2476,2024-02-02
0.51042,0.5269,0.50602,0.51864,34514683.2123,2024-02-03
0.51864,0.51915,0.50032,0.50313,25119579.9525,2024-02-04
0.50313,0.51429,0.49693,0.50679,33848037.6065,2024-02-05
0.50679,0.51111,0.49868,0.50505,29075766.0945,2024-02-06
0.50505,0.51555,0.49945,0.5138,30085800.1608,2024-02-07
0.5138,0.51914,0.5102,0.51462,33952111.7854,2024-02-08
0.51462,0.52811,0.51404,0.5261,34670459.7618,2024-02-09
0.5261,0.528,0.51854,0.52381,24084046.0887,2024-02-10
0.52381,0.53595,0.52164,0.52618,28471165.2463,2024-02-11
0.52618,0.53799,0.51431,0.53143,36251028.869,2024-02-12
0.53143,0.53377,0.51442,0.52464,37353703.0352,2024-02-13
0.52464,0.54185,0.5203,0.53776,37444359.5336,2024-02-14
0.53776,0.57681,0.53704,0.5621,65670111.6491,2024-02-15
0.5621,0.57917,0.55242,0.56425,45604191.7553,2024-02-16
0.56425,0.56544,0.53948,0.54965,31793616.5408,2024-02-17
0.54965,0.56245,0.54705,0.55716,28746334.479,2024-02-18
0.55716,0.56779,0.55386,0.56264,44954063.0779,2024-02-19
0.56264,0.575,0.54405,0.56221,70784152.2857,2024-02-20
0.56221,0.56294,0.53272,0.54906,59234174.2697,2024-02-21
0.54906,0.55167,0.53657,0.54106,47574403.7749,2024-02-22
0.54106,0.5437,0.52515,0.53415,54447438.1037,2024-02-23
0.53415,0.54796,0.53139,0.54498,33615114.5662,2024-02-24
0.54498,0.5486,0.54194,0.54252,30431751.6581,2024-02-25
0.54252,0.55278,0.52886,0.55065,37241125.3797,2024-02-26
0.55065,0.59703,0.5477,0.5861,65717064.2291,2024-02-27
0.5861,0.60578,0.52492,0.57503,101892590.3466,2024-02-28
0.57503,0.62589,0.56746,0.58664,114291532.2792,2024-02-29
0.58664,0.60333,0.58301,0.60116,52963892.1088,2024-03-01
0.60116,0.65028,0.59934,0.64409,85543242.0097,2024-03-02
0.64409,0.6444,0.58454,0.62687,62121824.716,2024-03-03
0.62687,0.66484,0.61582,0.64773,92850142.0435,2024-03-04
0.64773,0.6685,0.528,0.5913,164672709.262,2024-03-05
0.5913,0.62386,0.57556,0.6121,72728401.744,2024-03-06
0.6121,0.63889,0.60631,0.62711,52770938.3736,2024-03-07
0.62711,0.63383,0.59946,0.6199,68489282.1879,2024-03-08
0.6199,0.63221,0.61583,0.61975,332612332.6347,2024-03-09
0.61975,0.62777,0.59663,0.60806,160168150.275,2024-03-10
0.60806,0.74392,0.58213,0.72275,349469095.6689,2024-03-11
0.72275,0.73282,0.6585,0.68801,229538357.342,2024-03-12
0.68801,0.70251,0.66849,0.68906,154232497.2232,2024-03-13
0.68906,0.70748,0.63811,0.669,197974022.1914,2024-03-14
0.669,0.6757,0.59505,0.63416,244166712.1307,2024-03-15
0.63416,0.6477,0.5927,0.60293,184716095.5798,2024-03-16
0.60293,0.62477,0.58692,0.61915,166156959.2912,2024-03-17
0.61915,0.66839,0.59455,0.64528,200244354.3178,2024-03-18
0.64528,0.64883,0.57142,0.5845,256800559.7201,2024-03-19
0.5845,0.61867,0.56829,0.61071,215077186.9302,2024-03-20
0.61071,0.65466,0.59737,0.64038,214652794.0384,2024-03-21
0.64038,0.64535,0.5987,0.61142,173208198.8548,2024-03-22
0.61142,0.63286,0.6033,0.61673,157354452.2165,2024-03-23
0.61673,0.6357,0.61338,0.63264,154403584.8518,2024-03-24
0.63264,0.66267,0.62637,0.64043,175733695.7894,2024-03-25
0.64043,0.65291,0.62527,0.63185,158220904.7137,2024-03-26
0.63185,0.63473,0.60571,0.61184,176884824.4438,2024-03-27
0.61184,0.6373,0.60339,0.62439,166291414.8562,2024-03-28
0.62439,0.64534,0.60881,0.63003,161665468.6247,2024-03-29
0.63003,0.63713,0.61784,0.62114,155372087.8911,2024-03-30
0.62114,0.63,0.62036,0.62925,151100996.3237,2024-03-31
0.62925,0.63362,0.5943,0.61084,181336659.6778,2024-04-01
0.61084,0.6184,0.57933,0.58535,215201375.6639,2024-04-02
0.58535,0.5929,0.5664,0.57417,184175622.7927,2024-04-03
0.57417,0.61689,0.56216,0.59335,210303033.29,2024-04-04
0.59335,0.59387,0.56867,0.587,176476951.3109,2024-04-05
0.587,0.59881,0.5853,0.59306,158181988.3736,2024-04-06
0.59306,0.60264,0.58952,0.59434,147975425.3818,2024-04-07
0.59434,0.62629,0.58814,0.61464,164993928.4538,2024-04-08
0.61464,0.64286,0.60128,0.61402,209855868.8976,2024-04-09
0.61402,0.62022,0.5925,0.61711,189741095.8853,2024-04-10
0.61711,0.62135,0.60308,0.60863,148466724.1488,2024-04-11
0.60863,0.61571,0.493,0.54678,257730257.2877,2024-04-12
0.54678,0.54893,0.41066,0.47876,504683818.3706,2024-04-13
0.47876,0.50724,0.46369,0.50323,411543849.1863,2024-04-14
0.50323,0.5188,0.48121,0.49762,327410588.8707,2024-04-15
0.49762,0.50195,0.47556,0.49636,297885146.4988,2024-04-16
0.49636,0.50786,0.4717,0.49515,193299483.9713,2024-04-17
0.49515,0.50566,0.48555,0.5025,148003181.2567,2024-04-18
0.5025,0.5107,0.46667,0.50284,200168980.4156,2024-04-19
0.50284,0.52991,0.49818,0.52877,135538428.0097,2024-04-20
0.52877,0.53661,0.51834,0.52459,123187337.8962,2024-04-21
0.52459,0.57131,0.52224,0.55606,160380713.1936,2024-04-22
0.55606,0.55752,0.54166,0.54451,111677873.578,2024-04-23
0.54451,0.55192,0.52128,0.52738,122678072.6337,2024-04-24
0.52738,0.53267,0.51375,0.52529,136085021.3872,2024-04-25
0.52529,0.53598,0.51453,0.52603,125352214.9871,2024-04-26
0.52603,0.52655,0.50778,0.51792,125887495.872,2024-04-27
0.51792,0.52521,0.50857,0.51042,111681848.0861,2024-04-28
0.51042,0.51749,0.49866,0.51499,135801434.1045,2024-04-29
0.51499,0.51964,0.48775,0.50064,160434033.8546,2024-04-30
0.50064,0.52141,0.47841,0.51747,188977643.3649,2024-05-01
0.51747,0.52449,0.5068,0.51797,128110785.3473,2024-05-02
0.51797,0.53654,0.5146,0.53155,131412305.2573,2024-05-03
0.53155,0.54091,0.52727,0.53006,106477412.9937,2024-05-04
0.53006,0.53333,0.524,0.52945,115121747.4521,2024-05-05
0.52945,0.56995,0.52474,0.54016,115989060.3792,2024-05-06
0.54016,0.54413,0.52171,0.52437,99944553.6422,2024-05-07
0.52437,0.52956,0.51524,0.51705,124683974.4131,2024-05-08
0.51705,0.52374,0.50871,0.52097,100972122.6889,2024-05-09
0.52097,0.521,0.49712,0.50204,107687324.8951,2024-05-10
0.50204,0.5077,0.50047,0.50596,91203699.5438,2024-05-11
0.50596,0.5086,0.49584,0.49931,26325212.4864,2024-05-12
0.49931,0.51201,0.48675,0.50528,26251817.407,2024-05-13
0.50528,0.51306,0.49716,0.50021,26330908.4283,2024-05-14
0.50021,0.51947,0.49682,0.51884,26325060.8467,2024-05-15
0.51884,0.52258,0.51217,0.51567,53341919.0516,2024-05-16
0.51567,0.529,0.51346,0.52337,84658634.393,2024-05-17
0.52337,0.52556,0.51858,0.52111,81335747.141,2024-05-18
0.52111,0.52349,0.50643,0.50955,63973152.0763,2024-05-19
0.50955,0.53786,0.50644,0.53773,67136268.93,2024-05-20
0.53773,0.55715,0.53195,0.53707,357760815.8279,2024-05-21
0.53707,0.5381,0.52251,0.52681,92262000.9121,2024-05-22
0.52681,0.54875,0.50204,0.52886,77609461.716,2024-05-23
0.52886,0.5374,0.51674,0.53588,41998176.4062,2024-05-24
0.53588,0.54258,0.53328,0.54167,39230607.6788,2024-05-25
0.54167,0.54204,0.52583,0.52812,41951063.3282,2024-05-26
0.52812,0.54078,0.5235,0.53381,37831987.5855,2024-05-27
0.53381,0.53528,0.52132,0.5284,46357959.7106,2024-05-28
0.5284,0.533,0.52002,0.52358,41544630.8826,2024-05-29
0.52358,0.52791,0.51278,0.51851,38665530.1975,2024-05-30
0.51851,0.52556,0.51206,0.51738,48262193.8513,2024-05-31
0.51738,0.52178,0.51715,0.51818,40457600.7539,2024-06-01
0.51818,0.52039,0.50814,0.51336,34718332.7198,2024-06-02
0.51336,0.52299,0.51151,0.5199,43811611.8276,2024-06-03
0.5199,0.53029,0.51812,0.5256,47074468.7461,2024-06-04
0.5256,0.53243,0.52397,0.52568,36709805.5343,2024-06-05
0.52568,0.52798,0.51667,0.52138,39209659.0893,2024-06-06
0.52138,0.52776,0.45104,0.49907,86593979.7606,2024-06-07
0.49907,0.50102,0.48959,0.49254,47316662.6195,2024-06-08
0.49254,0.49915,0.4908,0.49863,35274252.8113,2024-06-09
0.49863,0.50573,0.4932,0.49667,40193320.3979,2024-06-10
0.49667,0.49736,0.47042,0.48001,55896960.9212,2024-06-11
0.48001,0.49772,0.47387,0.49148,51213060.0349,2024-06-12
0.49148,0.49167,0.4757,0.47673,38018145.1954,2024-06-13
0.47673,0.48127,0.45981,0.47442,51454702.127,2024-06-14
0.47442,0.50504,0.47383,0.49078,39702617.671,2024-06-15
0.49078,0.49938,0.48755,0.48927,37691095.3237,2024-06-16
0.48927,0.52112,0.484,0.50486,71413459.2335,2024-06-17
0.50486,0.50944,0.46917,0.49075,72149309.6741,2024-06-18
0.49075,0.49943,0.48667,0.4933,40004730.6798,2024-06-19
0.4933,0.502,0.48821,0.48883,43374859.8136,2024-06-20
0.48883,0.49564,0.47969,0.48874,52162051.8794,2024-06-21
0.48874,0.48928,0.48396,0.48646,38686615.401,2024-06-22
0.48646,0.48904,0.47426,0.47951,35843645.7898,2024-06-23
0.47951,0.48212,0.46177,0.47382,62315988.6737,2024-06-24
0.47382,0.47979,0.47291,0.47555,38987994.8449,2024-06-25
0.47555,0.47786,0.4653,0.46952,50322755.7924,2024-06-26
0.46952,0.47708,0.46568,0.47514,38910479.367,2024-06-27
0.47514,0.48075,0.46917,0.47145,41325415.3486,2024-06-28
0.47145,0.47668,0.47136,0.47241,41919006.8377,2024-06-29
0.47241,0.47799,0.46982,0.47612,47537649.6347,2024-06-30
0.47612,0.48453,0.47546,0.47696,58269140.684,2024-07-01
0.47696,0.4888,0.47612,0.48513,41162243.1246,2024-07-02
0.48513,0.48667,0.4612,0.46704,45024426.2748,2024-07-03
0.46704,0.4696,0.43114,0.43286,53509398.4556,2024-07-04
0.43286,0.43334,0.3822,0.42487,85661398.4477,2024-07-05
0.42487,0.4494,0.42333,0.44859,44515430.7224,2024-07-06
0.44859,0.4486,0.4183,0.41935,46870053.1714,2024-07-07
0.41935,0.44325,0.40313,0.43138,67677319.7169,2024-07-08
0.43138,0.43805,0.42688,0.43548,52886344.0505,2024-07-09
0.43548,0.44236,0.43111,0.43854,41533696.9497,2024-07-10
0.43854,0.45428,0.43612,0.44877,40922179.2986,2024-07-11
0.44877,0.47795,0.44429,0.47421,55700086.0145,2024-07-12
0.47421,0.56577,0.47346,0.52576,89085612.6788,2024-07-13
0.52576,0.53996,0.51361,0.52025,44049391.9591,2024-07-14
0.52025,0.54018,0.52021,0.53689,46807081.177,2024-07-15
0.53689,0.59468,0.53233,0.57916,82364112.9402,2024-07-16
0.57916,0.63764,0.5782,0.62615,73171162.2054,2024-07-17
0.62615,0.63683,0.55761,0.56967,71555113.1095,2024-07-18
0.56967,0.58633,0.54043,0.57317,85706966.6831,2024-07-19
0.57317,0.6045,0.57065,0.59344,36566462.0715,2024-07-20
0.59344,0.60765,0.57244,0.59851,38612046.6231,2024-07-21
0.59851,0.62267,0.58561,0.60767,46671899.4985,2024-07-22
0.60767,0.61711,0.58017,0.59726,37439972.8658,2024-07-23
0.59726,0.63277,0.5915,0.61793,46423203.7409,2024-07-24
0.61793,0.62578,0.58446,0.59945,69603134.493,2024-07-25
0.59945,0.60931,0.5862,0.60335,43842580.0218,2024-07-26
0.60335,0.60889,0.58355,0.59549,36726878.6319,2024-07-27
0.59549,0.61386,0.591,0.60118,33708946.3017,2024-07-28
0.60118,0.6124,0.59211,0.60159,32055269.4484,2024-07-29
0.60159,0.63731,0.59548,0.62748,47243715.5503,2024-07-30
0.62748,0.65827,0.62146,0.62292,54995460.9476,2024-07-31
0.62292,0.63003,0.568,0.59636,46404560.4026,2024-08-01
0.59636,0.59683,0.54629,0.56027,67408263.4632,2024-08-02
0.56027,0.57733,0.54044,0.55553,53245219.6506,2024-08-03
0.55553,0.55856,0.51358,0.52258,50603926.5292,2024-08-04
0.52258,0.52551,0.432,0.48868,217592277.415,2024-08-05
0.48868,0.51859,0.4875,0.50579,56002775.1781,2024-08-06
0.50579,0.64319,0.49221,0.60026,161939849.2986,2024-08-07
0.60026,0.64227,0.57841,0.61673,91950189.5231,2024-08-08
0.61673,0.62418,0.5677,0.5804,63996129.266,2024-08-09
0.5804,0.6021,0.5777,0.5837,42675279.39,2024-08-10
0.5837,0.5933,0.5455,0.5528,45096957.6541,2024-08-11
0.5528,0.5788,0.5502,0.5681,59132460.2545,2024-08-12
0.5681,0.5835,0.5626,0.5768,41378451.4183,2024-08-13
0.5768,0.5824,0.5641,0.5684,34087275.2025,2024-08-14
0.5684,0.5741,0.5509,0.5604,36447230.7159,2024-08-15
0.5604,0.5707,0.5535,0.5636,36535649.3367,2024-08-16
0.5636,0.5707,0.561,0.5661,37879202.7871,2024-08-17
0.5661,0.5838,0.5625,0.5631,35343338.2079,2024-08-18
0.5631,0.6089,0.5608,0.5982,36655785.8853,2024-08-19
0.5982,0.6147,0.5874,0.5936,39189406.5409,2024-08-20
0.5936,0.6052,0.5854,0.5998,35785831.9556,2024-08-21
0.5998,0.6043,0.5924,0.5974,39443562.7677,2024-08-22
0.5974,0.6162,0.5909,0.6106,45345295.2529,2024-08-23
0.6106,0.6307,0.6042,0.6125,37221808.7087,2024-08-24
0.6125,0.6138,0.5951,0.5998,35603617.246,2024-08-25
0.5998,0.602,0.5787,0.5871,37257765.8435,2024-08-26
0.5871,0.6,0.5533,0.5664,48697665.8368,2024-08-27
0.5664,0.584,0.5558,0.5693,38738516.8845,2024-08-28
0.5693,0.5765,0.5575,0.5616,42368367.97,2024-08-29
0.5616,0.5674,0.546,0.5665,39527228.8765,2024-08-30
0.5665,0.5718,0.5624,0.566,37790967.3056,2024-08-31
0.566,0.5663,0.5432,0.547,41159054.1704,2024-09-01
0.547,0.5689,0.5443,0.5674,38058429.7668,2024-09-02
0.5674,0.572,0.5561,0.5567,28713732.0574,2024-09-03
0.5567,0.5646,0.5327,0.5576,37685962.3562,2024-09-04
0.5576,0.5595,0.5397,0.5442,41154172.4447,2024-09-05
0.5442,0.5469,0.5027,0.5207,47075636.662,2024-09-06
0.5207,0.5324,0.5193,0.5243,35380602.8565,2024-09-07
0.5243,0.5311,0.5203,0.5291,39402240.008,2024-09-08
0.5291,0.5427,0.5268,0.5393,41719124.4707,2024-09-09
0.5393,0.5427,0.5335,0.5407,34686421.2801,2024-09-10
0.5345,0.5883,0.5333,0.5625,65817891.0591,2024-09-12
0.5625,0.5744,0.5556,0.5726,43527935.9139,2024-09-13
0.5726,0.599,0.5703,0.5955,37473620.4581,2024-09-14
0.5955,0.5955,0.5687,0.5707,34578824.1776,2024-09-15
0.5707,0.5913,0.5596,0.5864,38517058.6814,2024-09-16
0.5864,0.5932,0.5789,0.5838,35101639.6396,2024-09-17
0.5838,0.5855,0.5622,0.5852,36797207.957,2024-09-18
0.5852,0.5943,0.5811,0.5868,36599869.3534,2024-09-19
0.5868,0.5927,0.5763,0.585,33874509.2541,2024-09-20
0.585,0.6121,0.58,0.5975,34915890.3884,2024-09-21
0.5975,0.605,0.5777,0.5873,29527758.5871,2024-09-22
0.5873,0.5957,0.5786,0.5845,28872710.496,2024-09-23
0.5845,0.5927,0.5812,0.5912,31865646.9195,2024-09-24
0.5912,0.5955,0.5825,0.583,29402936.0342,2024-09-25
0.583,0.5961,0.574,0.5902,29226292.4504,2024-09-26
0.5902,0.5966,0.5825,0.5886,33695841.2134,2024-09-27
0.5886,0.6257,0.5852,0.6136,46950854.7637,2024-09-28
0.6136,0.6646,0.6077,0.6412,45282467.4866,2024-09-29
0.6412,0.6545,0.6087,0.6112,44922163.6378,2024-09-30
0.6112,0.634,0.578,0.5968,81821415.4509,2024-10-01
0.5968,0.6067,0.5269,0.5383,71673417.9897,2024-10-02
0.5383,0.5443,0.507,0.5215,66588519.2348,2024-10-03
0.5215,0.5388,0.5148,0.5337,44810441.1809,2024-10-04
0.5337,0.5349,0.5258,0.529,35592520.1685,2024-10-05
0.529,0.5369,0.5278,0.5333,28676139.4601,2024-10-06
0.5333,0.5458,0.5285,0.5285,35621490.682,2024-10-07
0.5285,0.5355,0.5209,0.531,31637130.8366,2024-10-08
0.531,0.5345,0.521,0.5244,30160074.7294,2024-10-09
0.5244,0.5448,0.5228,0.5302,44041873.1025,2024-10-10
0.5302,0.5415,0.5293,0.5384,29666014.6226,2024-10-11
0.5384,0.5429,0.535,0.539,28775962.5749,2024-10-12
0.539,0.5393,0.525,0.5317,27102733.43,2024-10-13
0.5317,0.552,0.528,0.548,30429045.2601,2024-10-14
0.548,0.5553,0.5314,0.5415,51110883.8745,2024-10-15
0.5415,0.5534,0.5372,0.5478,40072604.4706,2024-10-16
0.5478,0.5666,0.5418,0.544,35699357.967,2024-10-17
0.544,0.5529,0.5394,0.5464,39853719.1101,2024-10-18
0.5464,0.5496,0.5404,0.5437,38300526.6493,2024-10-19
0.5437,0.5485,0.5366,0.5479,38307464.1339,2024-10-20
0.5479,0.5604,0.5408,0.5448,37630945.4271,2024-10-21
0.5448,0.5494,0.5292,0.5336,38046526.7717,2024-10-22
0.5336,0.5339,0.5117,0.5258,45546437.9727,2024-10-23
0.5258,0.5335,0.5238,0.5319,38445535.0319,2024-10-24
0.5319,0.5319,0.4865,0.502,53121570.6426,2024-10-25
0.502,0.515,0.4987,0.5131,46957998.6662,2024-10-26
0.5131,0.518,0.5105,0.5168,40645155.8688,2024-10-27
0.5168,0.5214,0.5113,0.5192,34367639.4071,2024-10-28
0.5192,0.5307,0.5182,0.5282,36197274.8179,2024-10-29
0.5282,0.5282,0.5191,0.5226,31708286.2311,2024-10-30
0.5226,0.5236,0.503,0.5094,35342216.4189,2024-10-31
0.5094,0.5242,0.5022,0.5128,43744976.2415,2024-11-01
0.5128,0.5156,0.5062,0.51,34482309.5788,2024-11-02
0.51,0.5108,0.4914,0.5029,37605904.3584,2024-11-03
0.5029,0.5144,0.4956,0.5034,45510885.2325,2024-11-04
0.5034,0.5188,0.5016,0.5139,44415411.447,2024-11-05
0.5139,0.5465,0.5138,0.5414,53899281.9373,2024-11-06
0.5414,0.5781,0.5375,0.5555,50179571.9371,2024-11-07
0.5555,0.5598,0.5413,0.5534,40060164.1355,2024-11-08
0.5534,0.5618,0.5438,0.559,37080427.4432,2024-11-09
0.559,0.6185,0.5554,0.5885,89935386.1155,2024-11-10
0.5885,0.6327,0.5701,0.6204,73263542.3023,2024-11-11
0.6204,0.7396,0.5966,0.7037,187493530.4608,2024-11-12
0.7037,0.7473,0.6406,0.69,166217704.5984,2024-11-13
0.69,0.8473,0.6824,0.7735,189689743.774,2024-11-14
0.7735,0.9269,0.7703,0.892,183880795.8439,2024-11-15
0.892,1.2672,0.8778,1.12,190656073.651,2024-11-16
1.12,1.1602,1.0032,1.0538,120649750.4426,2024-11-17
1.0538,1.1865,1.0538,1.114,81367991.0967,2024-11-18
1.114,1.1477,1.0684,1.1,50341836.9226,2024-11-19
1.1,1.1503,1.0562,1.104,89904178.1856,2024-11-20
1.104,1.2634,1.0778,1.2472,279079224.5215,2024-11-21
1.2472,1.4999,1.247,1.4727,533844551.9703,2024-11-22
1.4727,1.6296,1.4161,1.4685,381952975.9388,2024-11-23
1.4685,1.5128,1.279,1.4329,315584161.0295,2024-11-24
1.4329,1.5388,1.3551,1.414,327828765.0509,2024-11-25
1.414,1.4585,1.2835,1.3984,294325823.164,2024-11-26
1.3984,1.5213,1.3524,1.4695,197948978.8555,2024-11-27
1.4695,1.5463,1.4308,1.542,131044589.8194,2024-11-28
1.542,1.8147,1.5234,1.8009,285396395.2484,2024-11-29
1.8009,1.9573,1.7641,1.9514,274441113.769,2024-11-30
1.9514,2.3504,1.8482,2.2944,279860123.4003,2024-12-01
2.2944,2.8723,2.2131,2.7246,761263828.78,2024-12-02
2.7246,2.908,2.2825,2.5099,607097581.5425,2024-12-03
2.5099,2.6806,2.28,2.3585,270743569.8638,2024-12-04
2.3585,2.4944,2.1751,2.2449,309749162.4742,2024-12-05
2.2449,2.4631,2.2265,2.4254,169496588.5545,2024-12-06
2.4254,2.6196,2.3847,2.6099,129000327.0516,2024-12-07
2.6099,2.6466,2.4847,2.602,111158890.6879,2024-12-08
2.602,2.6069,2.0031,2.2135,284849899.6842,2024-12-09
2.2135,2.4185,1.9003,2.3704,345092494.3818,2024-12-10
2.3704,2.4697,2.2301,2.3942,163513228.349,2024-12-11
2.3942,2.4839,2.3091,2.3388,146998682.1624,2024-12-12
2.3388,2.4783,2.2848,2.4217,101869451.6414,2024-12-13
2.4217,2.531,2.3554,2.4003,91384536.8461,2024-12-14
2.4003,2.4728,2.3682,2.4463,64847173.5503,2024-12-15
2.4463,2.5872,2.3336,2.4838,143004662.7611,2024-12-16
2.4838,2.7279,2.4404,2.5676,165125736.9087,2024-12-17
2.5676,2.5917,2.2492,2.31,250825555.4144,2024-12-18
2.31,2.4309,2.1597,2.2387,232905121.027,2024-12-19
2.2387,2.3544,1.9609,2.2784,274913878.475,2024-12-20
2.2784,2.3851,2.1918,2.2378,111235185.5487,2024-12-21
2.2378,2.2936,2.1614,2.2022,83029882.6873,2024-12-22
2.2022,2.2784,2.1317,2.2607,111227068.1204,2024-12-23
2.2607,2.3502,2.2138,2.3237,65270635.5777,2024-12-24
2.3237,2.3325,2.2622,2.297,50321407.015,2024-12-25
2.297,2.316,2.1282,2.1557,76869563.275,2024-12-26
2.1557,2.2366,2.1144,2.1461,70297157.4735,2024-12-27
2.1461,2.2071,2.1346,2.1841,29248731.9307,2024-12-28
2.1841,2.1976,2.0709,2.0943,37025855.2806,2024-12-29
2.0943,2.1529,1.9962,2.0591,86882380.6802,2024-12-30
2.0591,2.1492,2.013,2.0834,62540475.6487,2024-12-31
2.0834,2.3547,2.0807,2.3331,73690641.3676,2025-01-01
2.3331,2.4514,2.3302,2.4027,81124759.3533,2025-01-02
2.4027,2.4791,2.397,2.4547,62028700.3926,2025-01-03
2.4547,2.5082,2.4013,2.4207,40917390.8374,2025-01-04
2.4207,2.4282,2.328,2.3988,39148819.7503,2025-01-05
2.3988,2.4576,2.3677,2.4195,42364255.0684,2025-01-06
2.4195,2.4679,2.2581,2.271,105972616.0845,2025-01-07
2.271,2.3979,2.2004,2.3729,106373581.4308,2025-01-08
2.3729,2.3947,2.2353,2.2727,76176253.7972,2025-01-09
2.2727,2.3692,2.2458,2.3414,62108667.5648,2025-01-10
2.3414,2.6037,2.3241,2.577,82226382.7551,2025-01-11
2.577,2.5837,2.4707,2.5038,55834616.3755,2025-01-12
2.5038,2.5628,2.3314,2.5233,132249119.277,2025-01-13
2.5233,2.6995,2.5116,2.6679,84060032.2736,2025-01-14
2.6679,3.1999,2.6502,3.1432,106097216.513,2025-01-15
3.1432,3.4018,2.9225,3.2416,88200931.1251,2025-01-16
3.2416,3.3534,3.176,3.2933,28638059.161,2025-01-17
3.2933,3.2991,3.0591,3.2698,30305464.9753,2025-01-18
3.2698,3.2924,2.83,2.9587,59782293.2775,2025-01-19
2.9587,3.37,2.9102,3.1053,123788887.7843,2025-01-20
3.1053,3.2392,3.0146,3.174,29847806.1669,2025-01-21
3.174,3.284,3.1276,3.18,22379563.1689,2025-01-22
3.18,3.1839,3.0388,3.1195,24713113.3013,2025-01-23
3.1195,3.202,3.0548,3.1015,12996528.5086,2025-01-24
3.1015,3.1438,3.0783,3.1074,5540104.5858,2025-01-25
3.1074,3.1439,3.0118,3.0228,8059128.3168,2025-01-26
3.0228,3.0578,2.6565,3.0547,83066721.0121,2025-01-27
3.0547,3.213,3.0064,3.0577,26204060.3823,2025-01-28
3.0577,3.1366,2.9679,3.0685,21126863.1614,2025-01-29
3.0685,3.1543,3.0475,3.1271,10609964.9385,2025-01-30
3.1271,3.1328,3.0023,3.0357,10082349.0506,2025-01-31
3.0357,3.0726,2.828,2.8783,13758114.9941,2025-02-01
2.8783,2.955,2.4626,2.5794,64123443.844,2025-02-02
2.5794,2.781,1.7755,2.7002,168407280.555,2025-02-03
2.7002,2.786,2.4205,2.528,73688420.77,2025-02-04
2.528,2.5688,2.3409,2.3806,39979980.3318,2025-02-05
2.3806,2.4699,2.2779,2.3252,36569790.7957,2025-02-06
2.3252,2.541,2.2651,2.3969,53575722.3021,2025-02-07
2.3969,2.4363,2.3508,2.4192,16152309.6352,2025-02-08
2.4192,2.508,2.3122,2.3925,21124593.9839,2025-02-09
2.3925,2.472,2.3246,2.4229,23538418.7691,2025-02-10
2.4229,2.5283,2.3713,2.4125,19206699.7768,2025-02-11
2.4125,2.4952,2.333,2.4728,22375850.3012,2025-02-12
2.4728,2.6058,2.4158,2.5599,19545607.7382,2025-02-13
2.5599,2.8351,2.5301,2.7388,37376910.02,2025-02-14
2.7388,2.833,2.7145,2.7618,12006091.3925,2025-02-15
2.7618,2.8043,2.6893,2.728,8408127.238,2025-02-16
2.728,2.7636,2.6084,2.6595,20753826.6399,2025-02-17
2.6595,2.6694,2.4693,2.5621,42115540.9464,2025-02-18
2.5621,2.746,2.512,2.7376,41605150.0066,2025-02-19
2.7376,2.7485,2.6677,2.6874,39979565.5214,2025-02-20
2.6874,2.7143,2.5067,2.5719,58282900.6402,2025-02-21
2.5719,2.6086,2.5512,2.5743,16639341.0648,2025-02-22
2.5743,2.6008,2.5195,2.5756,17655676.2645,2025-02-23
2.5756,2.6082,2.2344,2.2769,64270407.5186,2025-02-24
2.2769,2.3659,2.064,2.3225,150078235.4883,2025-02-25
2.3225,2.3307,2.1511,2.1977,79234757.2781,2025-02-26
2.1977,2.2578,2.1465,2.1983,53734859.2035,2025-02-27
2.1983,2.2014,1.9524,2.145,110085981.6608,2025-02-28
2.145,2.2197,2.1218,2.1912,30418879.0675,2025-03-01
2.1912,2.9997,2.1744,2.9384,194868992.0964,2025-03-02
2.9384,2.9669,2.2985,2.3876,160900309.3601,2025-03-03
2.3876,2.5375,2.2125,2.4547,144134297.8351,2025-03-04
2.4547,2.5409,2.4086,2.4999,59610207.9659,2025-03-05
2.4999,2.6456,2.4712,2.5997,61162913.9571,2025-03-06
2.5997,2.6207,2.3442,2.386,123253304.1753,2025-03-07
2.386,2.4107,2.3017,2.3257,35933610.9543,2025-03-08
2.3257,2.3503,2.0831,2.1381,66653100.822,2025-03-09
2.1381,2.2605,1.9925,2.0205,99413481.8977,2025-03-10
2.0205,2.2138,1.9,2.1707,101771671.1653,2025-03-11
2.1707,2.2762,2.1339,2.2392,79572196.7531,2025-03-12
2.2392,2.3467,2.2134,2.2528,64229366.0816,2025-03-13
2.2528,2.3885,2.2371,2.3567,48181634.34,2025-03-14
2.3567,2.4745,2.353,2.3915,31089253.1383,2025-03-15
2.3915,2.4107,2.2683,2.2938,37624034.994,2025-03-16
2.2938,2.3781,2.2918,2.3381,31519059.9448,2025-03-17
2.3381,2.3401,2.2235,2.2854,31923819.1986,2025-03-18
2.2854,2.59,2.266,2.5466,115529493.9117,2025-03-19
2.5466,2.5616,2.3891,2.436,42149130.165,2025-03-20
2.436,2.4664,2.3567,2.3805,27450816.6111,2025-03-21
2.3805,2.4167,2.3593,2.3705,13620676.0222,2025-03-22
2.3705,2.4409,2.365,2.4389,17961978.0779,2025-03-23
2.4389,2.5032,2.4137,2.45,27635601.0701,2025-03-24
2.45,2.4782,2.407,2.4493,22207278.9542,2025-03-25
2.4493,2.4789,2.328,2.3497,28180767.1993,2025-03-26
2.3497,2.3898,2.302,2.3407,23266529.2227,2025-03-27
2.3407,2.343,2.1537,2.207,60588213.952,2025-03-28
2.207,2.2259,2.0606,2.1347,48659991.7982,2025-03-29
2.1347,2.2138,2.1077,2.1361,33612389.0117,2025-03-30
2.1361,2.1405,2.0241,2.0897,59378113.4767,2025-03-31
2.0897,2.1995,2.0652,2.1382,55289741.258,2025-04-01
2.1382,2.2323,1.9856,2.0237,86514608.3276,2025-04-02
2.0237,2.0824,1.9605,2.0643,65988070.4375,2025-04-03
2.0643,2.1603,2.016,2.1303,67076681.9337,2025-04-04
2.1303,2.1759,2.1145,2.1438,22131667.8271,2025-04-05
2.1438,2.1588,1.8627,1.9218,78043410.6622,2025-04-06
1.9218,2.0093,1.6133,1.8984,279819313.5978,2025-04-07
1.8984,1.9748,1.7778,1.7963,120807321.0984,2025-04-08
1.7963,2.0892,1.7216,2.0527,175207368.1343,2025-04-09
2.0527,2.0567,1.9225,1.9654,74077296.809,2025-04-10
1.9654,2.0644,1.9473,2.0226,53156310.9771,2025-04-11
2.0226,2.1861,2.0033,2.1596,50250517.3093,2025-04-12
2.1596,2.2468,2.0813,2.1192,67807151.8613,2025-04-13
2.1192,2.1798,2.104,2.1278,45752083.145,2025-04-14
2.1278,2.1849,2.084,2.084,38578714.8495,2025-04-15
2.084,2.1274,2.0358,2.0836,48338962.8116,2025-04-16
2.0836,2.1139,2.0528,2.0675,31261345.294,2025-04-17
2.0675,2.0888,2.0438,2.0619,21736125.4989,2025-04-18
2.0619,2.097,2.059,2.0877,15735290.7628,2025-04-19
2.0877,2.0938,2.039,2.0786,19524138.4724,2025-04-20
2.0786,2.1404,2.0601,2.0855,30898876.4405,2025-04-21
2.0855,2.2497,2.0644,2.2134,56650918.6338,2025-04-22
2.2134,2.3009,2.19,2.2184,70384013.9128,2025-04-23
2.2184,2.2347,2.1186,2.2048,57551977.0871,2025-04-24
2.2048,2.2188,2.1638,2.1812,40840555.0881,2025-04-25
2.1812,2.248,2.1801,2.1909,27249594.1896,2025-04-26
2.1909,2.2944,2.1597,2.2522,48889571.4236,2025-04-27
2.2522,2.3618,2.2189,2.295,60038550.8032,2025-04-28
2.295,2.3148,2.2221,2.2382,28415549.3815,2025-04-29
2.2382,2.2583,2.1239,2.1905,49529074.9306,2025-04-30
2.1905,2.2563,2.1863,2.2126,24874866.3558,2025-05-01
2.2126,2.2408,2.1924,2.2093,29364919.4165,2025-05-02
2.2093,2.2195,2.1754,2.1872,15283430.807,2025-05-03
2.1872,2.2188,2.1513,2.156,20580902.5996,2025-05-04
2.156,2.1992,2.1071,2.1309,29577371.7332,2025-05-05
2.1309,2.1593,2.0779,2.1551,30119566.8672,2025-05-06
2.1551,2.1714,2.1039,2.1262,21602721.4287,2025-05-07
2.1262,2.3289,2.1177,2.327,62859077.8003,2025-05-08
2.327,2.4286,2.2876,2.3435,78015981.2537,2025-05-09
2.3435,2.4763,2.3358,2.4711,47933773.6609,2025-05-10
2.4711,2.4835,2.3288,2.367,45303141.9325,2025-05-11
2.367,2.6543,2.3516,2.5435,133705719.575,2025-05-12
2.5435,2.6044,2.4219,2.5832,72041452.5499,2025-05-13
2.5832,2.65,2.519,2.5509,64582681.9231,2025-05-14
2.5509,2.5717,2.3529,2.3851,60670264.1714,2025-05-15
2.3851,2.4398,2.3474,2.3797,40121967.3147,2025-05-16
2.3797,2.3884,2.2985,2.3535,42104649.9948,2025-05-17
2.3535,2.4489,2.3318,2.4277,39297411.7672,2025-05-18
2.4277,2.4403,2.2836,2.3798,47522735.4095,2025-05-19
2.3798,2.4083,2.3152,2.356,32705865.4103,2025-05-20
2.356,2.4283,2.3303,2.395,44776983.6896,2025-05-21
2.395,2.4549,2.3886,2.4309,36162683.646,2025-05-22
2.4309,2.479,2.2841,2.2963,56417129.0257,2025-05-23
2.2963,2.3592,2.2858,2.3297,15169306.3824,2025-05-24
2.3297,2.3442,2.2661,2.3417,23061008.0308,2025-05-25
2.3417,2.358,2.2963,2.3108,18252778.0539,2025-05-26
2.3108,2.3542,2.2674,2.3167,23711336.4187,2025-05-27
2.3167,2.3229,2.2267,2.275,24898331.0084,2025-05-28
2.275,2.3126,2.238,2.2432,30054925.0774,2025-05-29
2.2432,2.2516,2.1295,2.1396,58407407.4253,2025-05-30
2.1396,2.2065,2.0793,2.1737,36826938.1873,2025-05-31
2.1737,2.1875,2.1225,2.1791,23550017.4446,2025-06-01
2.1791,2.204,2.1355,2.1965,25209822.5149,2025-06-02
2.1965,2.2824,2.1835,2.2444,31886050.3054,2025-06-03
2.2444,2.265,2.195,2.2018,24973128.171,2025-06-04
2.2018,2.2258,2.0594,2.0942,49000642.0515,2025-06-05
2.0942,2.1899,2.0821,2.1591,28198116.5163,2025-06-06
2.1591,2.1908,2.1474,2.1765,12464405.8361,2025-06-07
2.1765,2.2947,2.1665,2.2665,34419914.2996,2025-06-08
2.2665,2.3293,2.2222,2.3206,35235759.6011,2025-06-09
2.3206,2.3267,2.2597,2.3071,31011506.9732,2025-06-10
2.3071,2.3373,2.2534,2.2712,50244246.40454836,2025-06-11
2.2712,2.2737,2.1705,2.1902,49413441.77166014,2025-06-12
2.1902,2.1922,2.0831,2.1477,129038969.88920546,2025-06-13
2.1477,2.1783,2.1086,2.1392,57115076.39319382,2025-06-14
2.1392,2.1756,2.1376,2.166,39566306.62987088,2025-06-15
2.166,2.3361,2.1518,2.2378,167271450.37431753,2025-06-16
2.2378,2.2567,2.1422,2.1589,129691271.39124627,2025-06-17
2.1589,2.1807,2.1182,2.1707,81231335.32184681,2025-06-18
2.1707,2.1848,2.1441,2.1648,48230895.25250234,2025-06-19
2.1648,2.1786,2.0856,2.1193,80145799.54791757,2025-06-20
2.1193,2.1447,1.9984,2.0633,76901598.73602428,2025-06-21
2.0633,2.0887,1.9083,2.0171,187548677.26404795,2025-06-22
2.0171,2.1703,1.9613,2.1581,149961536.2845855,2025-06-23
2.1581,2.2159,2.1315,2.1895,115757716.09451312,2025-06-24
2.1895,2.2286,2.1702,2.1859,80580074.29988115,2025-06-25
2.1859,2.2126,2.0956,2.1057,100718564.75973724,2025-06-26
2.1057,2.1544,2.0679,2.1418,106196415.57397711,2025-06-27
2.1418,2.2075,2.1335,2.1852,55381441.8825298,2025-06-28
2.1852,2.2195,2.1754,2.2063,36407833.82495794,2025-06-29
2.2063,2.326,2.1664,2.2362,153828877.18117854,2025-06-30
2.2362,2.2534,2.1474,2.1719,121020151.06898937,2025-07-01
2.1719,2.2904,2.1575,2.2329,137705327.5705993,2025-07-02
2.2329,2.313,2.2243,2.2564,68287616.71375142,2025-07-03
2.2564,2.2674,2.1964,2.2206,22617468.45855499,2025-07-04
2.2206,2.2336,2.2017,2.2177,7349405.408532184,2025-07-05
2.2177,2.2892,2.2086,2.2711,19028393.683531735,2025-07-06
2.2711,2.353,2.2562,2.2706,53625679.35325098,2025-07-07
2.2706,2.3218,2.2486,2.3103,30031349.318203863,2025-07-08
2.4029,2.5671,2.3945,2.5473,85628324.35819748,2025-07-10
2.5473,2.9743,2.5122,2.7326,259440822.66795132,2025-07-11
2.7326,2.8473,2.6631,2.7383,110851044.73655964,2025-07-12
2.7383,2.8931,2.7237,2.8355,87445048.44264925,2025-07-13
2.8355,3.0349,2.8208,2.9589,152431534.35962772,2025-07-14
2.9589,2.9589,2.8034,2.9186,92534924.75226402,2025-07-15
2.9186,3.1001,2.8776,3.0377,97267201.0213686,2025-07-16
3.0377,3.5487,2.9882,3.4812,202404763.88735816,2025-07-17
3.4812,3.6618,3.3421,3.4123,203213147.4683317,2025-07-18
3.4123,3.485,3.3555,3.4239,65590036.58217545,2025-07-19
3.4239,3.5571,3.3864,3.455,94067140.51831608,2025-07-20
3.455,3.6495,3.4075,3.5493,79381583.95755775,2025-07-21
3.5493,3.5789,3.4226,3.5497,82435070.94943798,2025-07-22
3.5497,3.5509,3.0486,3.1845,127724755.3930467,2025-07-23
3.1845,3.2653,2.9557,3.1457,95080800.45978837,2025-07-24
3.1457,3.162,2.9992,3.1407,75596181.91500194,2025-07-25
3.1407,3.218,3.1084,3.1659,26926897.98782942,2025-07-26
3.1659,3.251,3.156,3.238,45249506.28735642,2025-07-27
3.238,3.3305,3.1077,3.1237,74781349.2066539,2025-07-28
3.1237,3.186,3.0537,3.1286,51966055.77466381,2025-07-29
3.1286,3.1618,3.0015,3.0976,70327865.53604448,2025-07-30
3.0976,3.1777,3.0112,3.0226,46799905.48467638,2025-07-31
3.0226,3.0583,2.8927,2.9611,109152528.5960728,2025-08-01
2.9611,3.0204,2.739,2.7703,69264852.1264225,2025-08-02
2.7703,2.9618,2.7283,2.9474,48404819.72617621,2025-08-03
2.9474,3.0896,2.931,3.0717,71341437.98248722,2025-08-04
3.0717,3.107,2.9168,2.9629,51009233.36071277,2025-08-05
2.9629,3.0186,2.9021,2.9913,41535811.42133823,2025-08-06
2.9913,3.3333,2.9639,3.3198,70998070.20219712,2025-08-07
3.3198,3.3823,3.2057,3.2857,98629205.34508717,2025-08-08
3.2857,3.3473,3.2088,3.2254,45110352.71849604,2025-08-09
3.2254,3.2795,3.1529,3.1873,51994730.77851335,2025-08-10
3.1873,3.3327,3.1182,3.1301,97926927.5586383,2025-08-11
3.1301,3.3063,3.1047,3.2674,64431996.51905647,2025-08-12
3.2674,3.3352,3.2023,3.2746,85601073.5275004,2025-08-13
3.2746,3.35,2.9964,3.0797,95121537.82847512,2025-08-14
3.0797,3.1428,3.0025,3.0773,49735937.38724325,2025-08-15
3.0773,3.1553,3.0709,3.1056,23620784.68369754,2025-08-16
3.1056,3.1474,3.0778,3.0875,17083171.23741085,2025-08-17
3.0875,3.0964,2.9404,3.0608,55804372.92888569,2025-08-18
3.0608,3.0809,2.8491,2.8611,48568520.5151748,2025-08-19
2.8611,2.9894,2.8187,2.9512,38020290.77621302,2025-08-20
2.9512,2.9586,2.8424,2.8516,25820206.90903209,2025-08-21
2.8516,3.1055,2.7826,3.0748,82699908.24389826,2025-08-22
3.0748,3.0752,2.9689,3.0483,36787579.23162664,2025-08-23
3.0483,3.1275,2.9867,3.0257,47988819.33823635,2025-08-24
3.0257,3.0535,2.8224,2.8584,69104016.20664647,2025-08-25
2.8584,3.0817,2.8462,3.012,57827349.49644128,2025-08-26
3.012,3.0453,2.962,2.9688,36650200.56275163,2025-08-27
2.9688,3.0254,2.9434,2.9668,25047984.55930192,2025-08-28
2.9668,2.9771,2.7735,2.8194,49443683.19514833,2025-08-29
2.8194,2.8349,2.7607,2.8181,19834081.01715211,2025-08-30
2.8181,2.8682,2.7706,2.7755,13898840.78586799,2025-08-31
2.7755,2.8386,2.6979,2.759,53122240.94304871,2025-09-01
2.759,2.8639,2.7483,2.8617,34594663.78985623,2025-09-02
2.8617,2.8863,2.8107,2.8444,21783781.90968499,2025-09-03
2.8444,2.8617,2.7846,2.7947,19812132.66858536,2025-09-04
2.7947,2.8848,2.7779,2.8149,37241695.90503725,2025-09-05
2.8149,2.8288,2.7927,2.8094,10191952.54729293,2025-09-06
2.8094,2.928,2.8094,2.8771,15786928.21122963,2025-09-07
2.8771,2.9962,2.8627,2.9697,33132797.79855186,2025-09-08
2.9697,3.0367,2.9337,2.9474,27715488.36297184,2025-09-09
2.9474,3.0236,2.936,2.9835,25965745.80493939,2025-09-10
2.9835,3.049,2.9503,3.0399,33566127.2061236,2025-09-11
3.0399,3.1372,3.0179,3.1054,35476090.76764396,2025-09-12
3.1054,3.1853,3.089,3.1189,32602966.83596315,2025-09-13
3.1189,3.1267,3.0103,3.0276,21462208.70287619,2025-09-14
3.0276,3.0668,2.9537,2.9972,35966935.32522082,2025-09-15
2.9972,3.0585,2.9643,3.0378,23208281.32368047,2025-09-16
3.0378,3.1076,2.9823,3.084,45134623.30986014,2025-09-17
3.084,3.1395,3.0559,3.0736,36741146.31279306,2025-09-18
3.0736,3.094,2.9792,2.9905,34974300.75837735,2025-09-19
2.9905,3.0096,2.9655,2.975,20533780.99296003,2025-09-20
2.975,3.0135,2.9531,2.97,23158853.76980234,2025-09-21
2.97,2.9755,2.6978,2.853,92830452.86680171,2025-09-22
2.853,2.8966,2.7992,2.8248,42451643.58546891,2025-09-23
2.8248,2.9955,2.789,2.9259,56478680.67442327,2025-09-24
2.9259,2.9444,2.7246,2.7433,109129301.48104203,2025-09-25
2.7433,2.8092,2.6984,2.7835,94496853.62738729,2025-09-26
2.7835,2.8287,2.7619,2.8046,25151276.88147305,2025-09-27
2.8046,2.8675,2.7663,2.8675,24080344.69691487,2025-09-28
2.8675,2.9284,2.8455,2.8802,47322722.45514487,2025-09-29
2.8802,2.9071,2.8134,2.8469,34884416.667025596,2025-09-30
2.8469,2.9612,2.8143,2.9481,52176935.966708265,2025-10-01
2.9481,3.0993,2.9404,3.0385,69731110.76584649,2025-10-02
3.0385,3.0949,3.0039,3.0403,50566018.022386916,2025-10-03
3.0403,3.0521,2.939,2.969,23178206.29730216,2025-10-04
2.969,3.0708,2.9482,2.9699,39589064.687398046,2025-10-05
2.9699,3.0498,2.9553,2.9885,55111141.749339215,2025-10-06
2.9885,3.0016,2.8492,2.8525,64680950.73627754,2025-10-07
2.8525,2.9248,2.8303,2.88,31902209.67852399,2025-10-08
2.88,2.8805,2.7716,2.8025,51007390.749919325,2025-10-09
2.8025,2.8372,1.2539,2.37,255477778.12207916,2025-10-10
2.37,2.506,2.3012,2.3817,144172518.16032222,2025-10-11
2.3817,2.5835,2.3112,2.5281,127050319.7183139,2025-10-12
2.5281,2.6462,2.5123,2.6058,75134654.84448111,2025-10-13
2.6058,2.6209,2.3889,2.5036,98138556.9174131,2025-10-14
2.5036,2.5477,2.3765,2.4114,61371309.59955079,2025-10-15
2.4114,2.4668,2.2838,2.328,100130406.59941117,2025-10-16
2.328,2.399,2.1899,2.2938,116755596.70923719,2025-10-17
2.2938,2.3914,2.2894,2.36,23798188.6043,2025-10-18
2.36,2.4197,2.3175,2.3909,24346379.0909,2025-10-19
2.3909,2.5525,2.3549,2.4949,20291657.8083,2025-10-20
2.4949,2.532,2.4012,2.4223,25542414.5365,2025-10-21
2.4223,2.4379,2.3255,2.3645,20886528.5748,2025-10-22
2.3645,2.4265,2.3618,2.3946,10534105.6075,2025-10-23
2.3946,2.5149,2.3866,2.5106,15354354.1607,2025-10-24
2.5106,2.6541,2.5026,2.5964,17431222.6718,2025-10-25
2.5964,2.6625,2.5921,2.6466,14650923.2863,2025-10-26
2.6466,2.6973,2.6012,2.6343,23061993.1377,2025-10-27
2.6343,2.6887,2.5684,2.6036,20458403.7994,2025-10-28
2.6036,2.6641,2.537,2.5503,27253930.1477,2025-10-29
2.5503,2.5937,2.3768,2.4392,26711454.2142,2025-10-30
2.4392,2.5541,2.434,2.5097,17995285.2156,2025-10-31
2.5097,2.5232,2.4767,2.5057,9912575.341,2025-11-01
2.5057,2.5544,2.4782,2.5265,21889331.772,2025-11-02
2.5265,2.5324,2.2632,2.3098,55999020.3089,2025-11-03
2.3098,2.3652,2.0671,2.2052,60786849.3273,2025-11-04
2.2052,2.3764,2.1013,2.3438,43317843.9608,2025-11-05
2.3438,2.4153,2.1799,2.2132,31630647.1552,2025-11-06
2.2132,2.3729,2.154,2.3152,34555197.7096,2025-11-07
2.3152,2.3382,2.2426,2.2861,17440783.8427,2025-11-08
2.2861,2.3945,2.2385,2.3658,23037350.3156,2025-11-09
2.3658,2.581,2.346,2.5263,36620151.5009,2025-11-10
2.5263,2.5705,2.3793,2.3914,27790214.7586,2025-11-11
2.3914,2.4493,2.3165,2.3879,23948241.1696,2025-11-12
2.3879,2.5263,2.2776,2.3229,42345939.7683,2025-11-13
2.3229,2.3408,2.225,2.2438,37828427.276,2025-11-14
2.2438,2.3033,2.2108,2.2374,15152295.0876,2025-11-15
2.2374,2.2796,2.1557,2.215,26798419.556,2025-11-16
2.215,2.3067,2.1145,2.1637,35487214.0417,2025-11-17
2.1637,2.2414,2.1062,2.2174,37287453.6683,2025-11-18
2.2174,2.2199,2.0257,2.1096,29226710.658,2025-11-19
2.1096,2.1489,1.9753,1.9996,31629046.5484,2025-11-20
1.9996,2.0305,1.8211,1.9508,59589005.1225,2025-11-21
1.9508,1.9673,1.8888,1.9508,18030577.1244,2025-11-22
1.9508,2.0843,1.9496,2.049,19467937.1601,2025-11-23
2.049,2.2856,2.0237,2.2278,36800375.6578,2025-11-24
2.2278,2.2649,2.1484,2.2025,23597053.7643,2025-11-25
2.2025,2.2544,2.1447,2.223,15732489.509,2025-11-26
2.223,2.2346,2.1723,2.2002,14501419.1262,2025-11-27
2.2002,2.2752,2.156,2.1798,26945843.7348,2025-11-28
2.1798,2.223,2.167,2.2012,17300238.1455,2025-11-29
2.2012,2.2152,2.1528,2.155,11259287.3159,2025-11-30
2.155,2.1615,1.9836,2.0297,32598139.9919,2025-12-01
2.0297,2.1831,1.995,2.1531,23965927.8593,2025-12-02
2.1531,2.219,2.1414,2.1972,24309346.1612,2025-12-03
2.1972,2.2145,2.0695,2.096,20010149.4442,2025-12-04
2.096,2.113,2.0117,2.0345,23028563.112,2025-12-05
2.0345,2.0505,2.0156,2.031,25749628.5491,2025-12-06
2.031,2.1114,1.9898,2.0442,55878902.5661,2025-12-07
2.0442,2.1233,2.0319,2.0723,15353173.8074,2025-12-08
2.0723,2.1774,2.0421,2.1062,20551381.225,2025-12-09
2.1062,2.1102,2.0348,2.0421,31473402.9559,2025-12-10
2.0421,2.057,1.9784,2.034,30444473.2908,2025-12-11
2.034,2.0477,1.969,2.0075,34547669.9638,2025-12-12
2.0075,2.0482,2.0068,2.0229,73127136.334,2025-12-13
2.0229,2.0303,1.9535,1.9784,13388513.708,2025-12-14
1.9784,2.0141,1.8697,1.8982,27234664.0294,2025-12-15
1.8982,1.9489,1.8523,1.9294,27112837.3281,2025-12-16
1.9294,1.9873,1.8475,1.8627,32945732.7488,2025-12-17
1.8627,1.934,1.8,1.8076,28959543.0853,2025-12-18
1.8076,1.9204,1.7713,1.9093,28181709.3208,2025-12-19
1.9093,1.9589,1.8938,1.9335,84974432.0136,2025-12-20
1.9335,1.9499,1.8948,1.9222,214494044.2859,2025-12-21
1.9222,1.9494,1.8919,1.9043,17848182.2909,2025-12-22
1.9043,1.91,1.8634,1.8732,20816919.6752,2025-12-23
1.8732,1.8783,1.8371,1.8627,13907377.535,2025-12-24
1.8627,1.8889,1.829,1.8326,15335884.7676,2025-12-25
1.8326,1.8832,1.8249,1.8437,17743525.5181,2025-12-26
1.8437,1.8789,1.8419,1.8737,8242354.483,2025-12-27
1.8737,1.8795,1.854,1.8655,8440717.1308,2025-12-28
1.8655,1.9179,1.8453,1.8511,19834515.424,2025-12-29
1.8511,1.8863,1.8439,1.8774,11057204.7793,2025-12-30
1.8774,1.8837,1.8123,1.8423,11875745.7613,2025-12-31
1.8423,1.8806,1.8259,1.8791,7862089.9534,2026-01-01
1.8791,2.0314,1.8687,2.0067,23433098.0881,2026-01-02
2.0067,2.0561,1.9845,2.0181,14212461.2041,2026-01-03
2.0181,2.1206,2.0162,2.0912,19636227.9506,2026-01-04
2.0912,2.3688,2.0878,2.3478,34489685.925,2026-01-05
2.3478,2.4169,2.2044,2.3042,46701685.3505,2026-01-06
2.3042,2.3205,2.152,2.1656,24970556.3559,2026-01-07
2.1656,2.1928,2.0664,2.1231,48117155.8582,2026-01-08
2.1231,2.1617,2.0726,2.0959,29419751.4384,2026-01-09
2.0959,2.1103,2.0807,2.0909,8486105.1004,2026-01-10
2.0909,2.1103,2.0455,2.0743,23393468.8171,2026-01-11
2.0743,2.1087,2.035,2.0539,94034346.0353,2026-01-12
2.0539,2.1846,2.0476,2.1654,26892062.1298,2026-01-13
2.1654,2.192,2.1116,2.1393,30122262.0472,2026-01-14
2.1393,2.1436,2.0534,2.0789,20976896.7375,2026-01-15
2.0789,2.0868,2.0264,2.0677,15164236.094,2026-01-16
2.0677,2.0832,2.0534,2.0633,9683604.192,2026-01-17
2.0633,2.068,1.9862,1.9914,14849093.2292,2026-01-18
1.9914,2.0296,1.8453,1.986,38189030.8015,2026-01-19
1.986,1.9911,1.8696,1.89,32491120.2991,2026-01-20
1.89,1.9898,1.8711,1.9475,160233336.0276,2026-01-21
1.9475,1.9676,1.9015,1.9238,93850688.6933,2026-01-22
1.9238,1.9657,1.8872,1.9196,28554822.6605,2026-01-23
1.9196,1.9275,1.9098,1.9143,10073276.467,2026-01-24
1.9143,1.9168,1.8109,1.8356,32247549.9288,2026-01-25
1.8356,1.9459,1.833,1.9039,32775271.5495,2026-01-26
1.9039,1.9294,1.8741,1.9157,22993136.6205,2026-01-27
1.9157,1.9424,1.8941,1.9113,59425560.3058,2026-01-28
1.9113,1.9135,1.7781,1.8079,299828295.5727,2026-01-29
1.8079,1.8127,1.7117,1.7353,50899492.3348,2026-01-30
1.7353,1.7545,1.503,1.647,64348223.7088,2026-01-31
1.647,1.6799,1.5528,1.5906,42819724.4015,2026-02-01
1.5906,1.6569,1.5305,1.6199,50704673.364,2026-02-02
1.6199,1.6335,1.5274,1.579,45433551.181,2026-02-03
1.579,1.6118,1.4946,1.5117,50221633.9258,2026-02-04
1.5117,1.5152,1.1377,1.2143,117160102.8704,2026-02-05
1.2143,1.5433,1.1183,1.4699,103122661.3241,2026-02-06
1.4699,1.4876,1.3856,1.4229,47207428.6522,2026-02-07
1.4229,1.4696,1.4098,1.4306,26789422.2629,2026-02-08
1.4306,1.4641,1.3728,1.4369,134537067.4467,2026-02-09
1.4369,1.4531,1.3919,1.3998,21392390.9559,2026-02-10
1.3998,1.4204,1.3422,1.3697,33428930.5414,2026-02-11
1.3697,1.4082,1.346,1.3636,27488759.1435,2026-02-12
1.3636,1.4285,1.3483,1.407,25735185.9271,2026-02-13
1.407,1.5138,1.4051,1.5094,27408963.1075,2026-02-14
1.5094,1.671,1.4451,1.4756,52069769.8532,2026-02-15
1.4756,1.5166,1.4486,1.4876,25624782.0334,2026-02-16
1.4876,1.4948,1.4262,1.474,22728855.2595,2026-02-17
1.474,1.4936,1.4105,1.4219,21493248.6438,2026-02-18
1.4219,1.4376,1.3815,1.4068,19285944.044,2026-02-19
1.4068,1.439,1.3776,1.4292,21624769.3075,2026-02-20
1.4292,1.4643,1.4196,1.4307,10999925.6792,2026-02-21
1.4307,1.4339,1.3801,1.3933,10198257.0961,2026-02-22
1.3933,1.4251,1.3299,1.3517,29021215.6516,2026-02-23
1.3517,1.3676,1.3126,1.3484,23994494.5722,2026-02-24
1.3484,1.4939,1.3404,1.4339,36273944.1839,2026-02-25
1.4339,1.469,1.3827,1.4023,27629605.8952,2026-02-26
1.4023,1.4263,1.3385,1.3566,25451769.1109,2026-02-27
1.3566,1.393,1.2703,1.3761,38621650.1389,2026-02-28
1.3761,1.4331,1.3367,1.3524,34481239.7088,2026-03-01
1.3524,1.4234,1.334,1.39,28236004.0217,2026-03-02
1.39,1.3952,1.3369,1.3607,21537811.0558,2026-03-03
1.3607,1.4726,1.3452,1.431,26657379.8795,2026-03-04
1.431,1.4526,1.396,1.404,19194544.5155,2026-03-05
1.404,1.4148,1.3458,1.3634,13941232.1898,2026-03-06
1.3634,1.3749,1.3468,1.3568,9011855.9748,2026-03-07
1.3568,1.371,1.3218,1.3402,16327032.5581,2026-03-08
1.3402,1.3842,1.3332,1.363,14905059.5293,2026-03-09
1.363,1.4426,1.3607,1.3868,24450220.9373,2026-03-10
1.3868,1.411,1.3706,1.3845,33890121.6448,2026-03-11
1.3845,1.3935,1.3646,1.3851,12565835.6398,2026-03-12
1.3851,1.4528,1.3832,1.3989,22789517.6869,2026-03-13
1.3989,1.4084,1.3843,1.4063,7310633.0491,2026-03-14
1.4063,1.4646,1.4021,1.4491,10525405.2796,2026-03-15
1.4491,1.5521,1.436,1.5428,22397876.3771,2026-03-16
1.5428,1.6067,1.4943,1.5183,32382357.0866,2026-03-17
1.5183,1.5414,1.4358,1.4648,20814739.0281,2026-03-18
1.4648,1.4814,1.4221,1.4476,16025789.1248,2026-03-19
1.4476,1.4666,1.4248,1.4454,9102689.5341,2026-03-20
1.4454,1.4527,1.4005,1.4086,7088031.1595,2026-03-21
1.4086,1.4263,1.3716,1.3848,11080390.0092,2026-03-22
1.3848,1.4659,1.3617,1.4325,22071902.665,2026-03-23
1.4325,1.4352,1.3838,1.4159,12296834.3332,2026-03-24
1.4159,1.4377,1.4018,1.4146,11735994.0837,2026-03-25
1.4146,1.4166,1.3361,1.3608,16364145.3924,2026-03-26
1.3608,1.3729,1.3184,1.3257,21721782.3453,2026-03-27
1.3257,1.3584,1.3193,1.3334,7673678.0434,2026-03-28
1.3334,1.3435,1.2951,1.3279,8781509.9899,2026-03-29
1.3279,1.3666,1.317,1.3242,13282354.1889,2026-03-30
1.3242,1.3502,1.3043,1.3411,16164137.0039,2026-03-31
1.3411,1.368,1.3312,1.3478,11724321.3502,2026-04-01
1.3478,1.357,1.2802,1.3199,16226498.0826,2026-04-02
1.3199,1.3351,1.3032,1.3184,11563808.2734,2026-04-03
1.3184,1.3225,1.3067,1.3153,6086146.0482,2026-04-04
1.3153,1.3319,1.2787,1.3263,10831094.9522,2026-04-05
1.3263,1.3572,1.3123,1.3211,13873923.5527,2026-04-06
1.3211,1.3963,1.2949,1.3787,16119539.3053,2026-04-07
1.3787,1.3899,1.3389,1.3427,13068674.061,2026-04-08
1.3427,1.3697,1.322,1.3437,12672476.2717,2026-04-09
1.3437,1.3658,1.3348,1.356,10528065.8902,2026-04-10
1.356,1.3752,1.3396,1.3546,7604440.9038,2026-04-11
1.3546,1.3558,1.3195,1.3245,10168585.9627,2026-04-12
1.3245,1.3837,1.3194,1.3754,13679851.0383,2026-04-13
1.3754,1.3954,1.3521,1.3616,14397261.8258,2026-04-14
1.3616,1.4085,1.3502,1.3919,16180645.6754,2026-04-15
1.3919,1.4663,1.3866,1.4529,20682328.2518,2026-04-16
1.4529,1.5099,1.4222,1.4755,22670076.8446,2026-04-17
1.4755,1.4823,1.4235,1.4323,15101431.4653,2026-04-18
1.4323,1.4469,1.3902,1.3941,15189900.9015,2026-04-19
1.3941,1.4368,1.3933,1.4241,12080955.92,2026-04-20
1.4241,1.4492,1.4115,1.4333,13278636.3945,2026-04-21
1.4333,1.4627,1.4266,1.4294,11125086.8102,2026-04-22
1.4294,1.4409,1.4091,1.4385,13485943.868,2026-04-23
1.4385,1.4504,1.4239,1.4336,11445336.8767,2026-04-24
1.4336,1.4376,1.4189,1.424,5181157.2684,2026-04-25
1.424,1.4363,1.4179,1.4309,5619171.8333,2026-04-26
1.4309,1.4465,1.384,1.4009,12804111.8502,2026-04-27
1.4009,1.401,1.3679,1.3809,9591253.0692,2026-04-28
1.3809,1.4064,1.3457,1.3693,13524951.0914,2026-04-29
1.3693,1.3847,1.3586,1.368,9734740.7537,2026-04-30
1.368,1.3999,1.3649,1.3858,9607174.3684,2026-05-01
1.3858,1.4003,1.3811,1.3937,6420328.2685,2026-05-02
1.3937,1.404,1.3813,1.3877,4280886.8617,2026-05-03
1.3877,1.4205,1.3831,1.3918,11764541.6821,2026-05-04
1.3918,1.4221,1.3904,1.4127,11117713.4238,2026-05-05
1.4127,1.4572,1.4073,1.425,13637779.5114,2026-05-06
1.425,1.4256,1.3801,1.3869,30823752.1075,2026-05-07
1.3869,1.4268,1.3771,1.4181,11404361.7031,2026-05-08
1.4181,1.4347,1.4108,1.4205,8576691.103,2026-05-09
1.4205,1.5077,1.4117,1.4734,19874550.0264,2026-05-10
1.4734,1.4896,1.44,1.4775,18616118.2172,2026-05-11
1.4775,1.4845,1.4187,1.437,10818603.0675,2026-05-12
1.437,1.4694,1.4118,1.4272,17005432.0351,2026-05-13
1.4272,1.5494,1.4208,1.4852,34243203.27,2026-05-14
1.4852,1.5,1.4276,1.4342,15968268.5693,2026-05-15
1.4342,1.4394,1.3961,1.4137,12540344.9287,2026-05-16
1.4137,1.429,1.3711,1.4018,11279057.2898,2026-05-17
1.4018,1.4028,1.3642,1.3901,17921632.0645,2026-05-18
1.3901,1.3978,1.3531,1.3615,9628727.2419,2026-05-19
1.3615,1.381,1.3478,1.3674,9832756.4845,2026-05-20
1.3674,1.3864,1.3514,1.3739,19165874.6545,2026-05-21
1.3739,1.376,1.3301,1.3347,27849615.3059,2026-05-22
1.3347,1.3761,1.3,1.3584,19151507.7122,2026-05-23
1.3584,1.3708,1.3326,1.3508,8866110.2304,2026-05-24
1.3508,1.3656,1.3433,1.3504,8889274.9015,2026-05-25
1.3504,1.3657,1.3274,1.329,13507333.456,2026-05-26
1.329,1.3435,1.3034,1.3078,13672376.5088,2026-05-27
1.3078,1.3385,1.2679,1.3154,19323921.0637,2026-05-28
1.3154,1.3338,1.2948,1.3299,12534712.7289,2026-05-29
1.3299,1.3662,1.3281,1.3407,10332521.079,2026-05-30
1.3407,1.3482,1.3208,1.333,8129450.8108,2026-05-31
1.333,1.3409,1.2797,1.2973,15363567.2283,2026-06-01
1.2973,1.2973,1.1944,1.2116,22987066.5977,2026-06-02
1.2116,1.249,1.1868,1.2012,17883406.662,2026-06-03
1.2012,1.212,1.1362,1.1689,33165279.9132,2026-06-04
1.1689,1.1749,1.0697,1.0979,36332925.7736,2026-06-05
1.0979,1.1143,1.0498,1.0936,19184941.737,2026-06-06
1.0936,1.1716,1.0886,1.1555,19208409.0166,2026-06-07
1.1555,1.1865,1.1318,1.1683,16683202.3016,2026-06-08
1.1683,1.1769,1.1189,1.1374,17542801.8228,2026-06-09
1.1374,1.1412,1.0885,1.0969,23036231.9111,2026-06-10
1.0969,1.15,1.0966,1.1427,18710282.3127,2026-06-11
1.1427,1.1576,1.1257,1.1327,15134276.7112,2026-06-12
1.1327,1.1609,1.13,1.1507,9312309.0928,2026-06-13
1.1507,1.1879,1.1269,1.186,11019334.8453,2026-06-14
1.186,1.2932,1.178,1.2382,30896483.5649,2026-06-15
1.2382,1.2559,1.2053,1.2173,14680888.4086,2026-06-16
1.2173,1.228,1.1714,1.1867,16118697.5352,2026-06-17
1.1867,1.1923,1.133,1.1466,15427955.4664,2026-06-18
1.1466,1.153,1.1193,1.1363,13256605.5385,2026-06-19
1.1363,1.1556,1.1343,1.1502,6596359.1854,2026-06-20
1.1502,1.1533,1.1226,1.1254,5980574.2888,2026-06-21
1.1254,1.1639,1.1217,1.1295,10612902.0228,2026-06-22
1.1295,1.1343,1.092,1.1101,9407702.4038,2026-06-23
1.1101,1.1138,1.046,1.0735,17791821.5772,2026-06-24
1.0735,1.0897,1.012,1.0435,16804073.2668,2026-06-25
1.0435,1.0557,1.0091,1.0489,16151837.2321,2026-06-26
1.0489,1.0774,1.0441,1.0475,7869367.7971,2026-06-27
1.0475,1.059,1.0333,1.0485,7443106.3543,2026-06-28
1.0485,1.0767,1.0323,1.059,15511842.3198,2026-06-29
1.059,1.0591,1.0274,1.04,6531639.3554,2026-06-30
1.04,1.0738,1.022,1.053,8622995.8688,2026-07-01
1.053,1.1124,1.045,1.0879,9750629.032,2026-07-02
1.0879,1.1454,1.0831,1.1349,8524753.9577,2026-07-03
1.1349,1.1842,1.1313,1.1574,11386876.7133,2026-07-04
1.1574,1.1698,1.1249,1.1574,7297261.556,2026-07-05
1.1574,1.1646,1.1096,1.1445,8560469.6016,2026-07-06
1.1445,1.1515,1.1074,1.1118,6716861.103,2026-07-07
1.1118,1.1167,1.0696,1.0907,8012493.6909,2026-07-08
1.0907,1.1028,1.0825,1.0936,5129133.0232,2026-07-09
1.0936,1.1181,1.0892,1.1044,5624109.3173,2026-07-10
1.1044,1.1194,1.0967,1.0972,3456256.3321,2026-07-11
1.0972,1.104,1.0811,1.086,3666255.4476,2026-07-12
1.086,1.1028,1.0536,1.0674,7739368.5355,2026-07-13
1.0674,1.1209,1.0611,1.1117,7777319.5184,2026-07-14
1.1117,1.1302,1.0989,1.1132,7755915.1772,2026-07-15
1.1132,1.1181,1.0853,1.0872,7330391.9944,2026-07-16
1.0872,1.0958,1.0699,1.0889,5309451.9069,2026-07-17
1.0889,1.0982,1.0836,1.0927,2884900.3346,2026-07-18
1.0927,1.1016,1.0892,1.0977,2928985.809,2026-07-19
1.0977,1.1207,1.0831,1.1123,6837616.2455,2026-07-20
1.1123,1.1646,1.1112,1.1437,7531681.6134,2026-07-21
1.1437,1.1574,1.1289,1.142,4316348.4641,2026-07-22
1.142,1.145,1.1005,1.108,5832659.5767,2026-07-23
1.108,1.1214,1.0849,1.092,5269221.0286,2026-07-24
1.092,1.1078,1.0857,1.0978,3284101.0077,2026-07-25
1.0978,1.1167,1.0956,1.113,2862913.6656,2026-07-26
1.113,1.1148,1.063,1.0662,5853778.651,2026-07-27
1.0662,1.0705,1.045,1.069,8113143.1885,2026-07-28
1.069,1.0935,1.0623,1.0736,7765696.7646,2026-07-29
1.0736,1.0949,1.0686,1.0829,4775068.9438,2026-07-30
1.0829,1.0897,1.0573,1.0618,7404244.1186,2026-07-31
1.0618,1.0673,1.0476,1.0605,3159473.2406,2026-08-01
1.0605,1.0931,1.0605,1.087,3955461.2882,2026-08-02
1.087,1.088,1.0627,1.076,6560213.0553,2026-08-03
1.076,1.0829,1.0693,1.074,7486285.4091,2026-08-04
1.074,1.0768,1.0549,1.0622,6750674.069,2026-08-05
1.0622,1.0637,1.03,1.0351,8201063.0362,2026-08-06
1.0351,1.0426,1.013,1.0211,11341006.949,2026-08-07
1.0211,1.0488,1.0203,1.0395,4601475.2021,2026-08-08
1.0395,1.0479,1.0283,1.0298,6351960.6833,2026-08-09
1.0298,1.0408,1.0058,1.0121,7398502.7801,2026-08-10
1.0121,1.0267,0.9917,1.0229,10659638.6945,2026-08-11
1.0229,1.0268,1.0007,1.0058,6380841.0857,2026-08-12
1.0058,1.0154,0.9983,1.0094,6695205.1697,2026-08-13
1.0094,1.0139,0.9864,0.9994,7705318.3393,2026-08-14
0.9994,1.0078,0.9982,1.0027,5094395.2586,2026-08-15
1.0027,1.0039,0.9903,0.9936,3683696.3816,2026-08-16
0.9936,1.0088,0.9884,1.0031,8292612.3589,2026-08-17
1.0031,1.0065,0.989,1.0017,9406905.0039,2026-08-18
1.0017,1.1362,0.9961,1.1058,40519019.0124,2026-08-19
1.1058,1.3441,1.088,1.268,71201952.2632,2026-08-20
1.268,1.4754,1.259,1.4544,62233977.3531,2026-08-21
1.4544,1.7,1.3739,1.4621,125297308.971,2026-08-22
1.4621,1.5509,1.4346,1.5198,41391793.7832,2026-08-23
1.5198,1.5303,1.4532,1.4809,36814362.9163,2026-08-24
1.4809,1.5504,1.4048,1.434,32443566.6552,2026-08-25
1.434,1.4508,1.3576,1.4227,31314768.8162,2026-08-26
1.4227,1.474,1.3933,1.4532,24838244.6689,2026-08-27
1.4532,1.4725,1.3635,1.3838,24987462.2461,2026-08-28
1.3838,1.403,1.3767,1.3965,11637643.953,2026-08-29
1.3965,1.4334,1.3352,1.3575,13661164.937,2026-08-30
1.3575,1.3963,1.3394,1.3798,14662185.6469,2026-08-31
1.3798,1.3968,1.3386,1.3518,20801791.684,2026-09-01
1.3518,1.3577,1.31,1.3175,17399219.0726,2026-09-02
